-- MySQL dump 10.13  Distrib 5.5.55, for debian-linux-gnu (x86_64)
--
-- Host: localhost    Database: sawit_dev
-- ------------------------------------------------------
-- Server version	5.5.55-0ubuntu0.14.04.1

/*!40101 SET @OLD_CHARACTER_SET_CLIENT=@@CHARACTER_SET_CLIENT */;
/*!40101 SET @OLD_CHARACTER_SET_RESULTS=@@CHARACTER_SET_RESULTS */;
/*!40101 SET @OLD_COLLATION_CONNECTION=@@COLLATION_CONNECTION */;
/*!40101 SET NAMES utf8 */;
/*!40103 SET @OLD_TIME_ZONE=@@TIME_ZONE */;
/*!40103 SET TIME_ZONE='+00:00' */;
/*!40014 SET @OLD_UNIQUE_CHECKS=@@UNIQUE_CHECKS, UNIQUE_CHECKS=0 */;
/*!40014 SET @OLD_FOREIGN_KEY_CHECKS=@@FOREIGN_KEY_CHECKS, FOREIGN_KEY_CHECKS=0 */;
/*!40101 SET @OLD_SQL_MODE=@@SQL_MODE, SQL_MODE='NO_AUTO_VALUE_ON_ZERO' */;
/*!40111 SET @OLD_SQL_NOTES=@@SQL_NOTES, SQL_NOTES=0 */;

--
-- Table structure for table `tbd_pemasok_barang`
--

DROP TABLE IF EXISTS `tbd_pemasok_barang`;
/*!40101 SET @saved_cs_client     = @@character_set_client */;
/*!40101 SET character_set_client = utf8 */;
CREATE TABLE `tbd_pemasok_barang` (
  `id` int(11) NOT NULL AUTO_INCREMENT,
  `id_barang` int(11) DEFAULT NULL,
  `id_pemasok` int(11) DEFAULT NULL,
  `deleted` char(1) DEFAULT '0',
  PRIMARY KEY (`id`)
) ENGINE=InnoDB DEFAULT CHARSET=utf8;
/*!40101 SET character_set_client = @saved_cs_client */;

--
-- Dumping data for table `tbd_pemasok_barang`
--

LOCK TABLES `tbd_pemasok_barang` WRITE;
/*!40000 ALTER TABLE `tbd_pemasok_barang` DISABLE KEYS */;
/*!40000 ALTER TABLE `tbd_pemasok_barang` ENABLE KEYS */;
UNLOCK TABLES;

--
-- Table structure for table `tbd_perusahaan`
--

DROP TABLE IF EXISTS `tbd_perusahaan`;
/*!40101 SET @saved_cs_client     = @@character_set_client */;
/*!40101 SET character_set_client = utf8 */;
CREATE TABLE `tbd_perusahaan` (
  `id` int(11) NOT NULL AUTO_INCREMENT,
  `nama` varchar(255) DEFAULT NULL,
  `username_pemilik` varchar(255) DEFAULT NULL,
  `alamat` varchar(255) DEFAULT NULL,
  `telepon` varchar(255) DEFAULT '',
  `email` varchar(255) DEFAULT NULL,
  `deleted` char(1) DEFAULT '0',
  PRIMARY KEY (`id`)
) ENGINE=InnoDB AUTO_INCREMENT=2 DEFAULT CHARSET=utf8;
/*!40101 SET character_set_client = @saved_cs_client */;

--
-- Dumping data for table `tbd_perusahaan`
--

LOCK TABLES `tbd_perusahaan` WRITE;
/*!40000 ALTER TABLE `tbd_perusahaan` DISABLE KEYS */;
INSERT INTO `tbd_perusahaan` VALUES (1,'PT. SINAR HALOMOAN','xadmin','JL. LINTAS SIBUHUAN - RIAU KM. 15\nKAB. PADANG LAWAS - SUMATERA UTARA','081375765977','','0');
/*!40000 ALTER TABLE `tbd_perusahaan` ENABLE KEYS */;
UNLOCK TABLES;

--
-- Table structure for table `tbd_stok_barang`
--

DROP TABLE IF EXISTS `tbd_stok_barang`;
/*!40101 SET @saved_cs_client     = @@character_set_client */;
/*!40101 SET character_set_client = utf8 */;
CREATE TABLE `tbd_stok_barang` (
  `id` int(11) NOT NULL AUTO_INCREMENT,
  `id_barang` int(11) DEFAULT NULL,
  `stok` float(11,2) DEFAULT NULL,
  `expired_date` date DEFAULT NULL,
  `deleted` char(1) DEFAULT '0',
  PRIMARY KEY (`id`)
) ENGINE=InnoDB AUTO_INCREMENT=14 DEFAULT CHARSET=utf8;
/*!40101 SET character_set_client = @saved_cs_client */;

--
-- Dumping data for table `tbd_stok_barang`
--

LOCK TABLES `tbd_stok_barang` WRITE;
/*!40000 ALTER TABLE `tbd_stok_barang` DISABLE KEYS */;
INSERT INTO `tbd_stok_barang` VALUES (1,6,10000000.00,'0000-00-00','0'),(2,7,500000.00,'0000-00-00','0'),(3,9,3374000.00,'0000-00-00','0'),(4,10,189422.88,'0000-00-00','0'),(5,11,24966.63,'0000-00-00','0'),(6,1021,764938560.00,'0000-00-00','0'),(7,13,360.00,'0000-00-00','0'),(8,14,200.00,'0000-00-00','0'),(9,12,4000.00,'0000-00-00','0'),(10,1020,116499000.00,'0000-00-00','0'),(11,785,400.00,'0000-00-00','0'),(12,309,20.00,'0000-00-00','0'),(13,815,10.00,'0000-00-00','0');
/*!40000 ALTER TABLE `tbd_stok_barang` ENABLE KEYS */;
UNLOCK TABLES;

--
-- Table structure for table `tbd_user`
--

DROP TABLE IF EXISTS `tbd_user`;
/*!40101 SET @saved_cs_client     = @@character_set_client */;
/*!40101 SET character_set_client = utf8 */;
CREATE TABLE `tbd_user` (
  `username` varchar(15) NOT NULL,
  `password` varchar(100) NOT NULL,
  `nama` varchar(30) NOT NULL,
  `group` int(11) DEFAULT NULL,
  `status` char(1) NOT NULL,
  `tgl_create` date NOT NULL,
  `wkt_create` char(8) NOT NULL,
  `tgl_log` date NOT NULL,
  `wkt_log` char(8) NOT NULL,
  `st_log` char(1) DEFAULT '0',
  `ssid` varchar(150) DEFAULT NULL,
  `deleted` char(1) DEFAULT '0',
  PRIMARY KEY (`username`),
  KEY `nip` (`tgl_log`,`wkt_log`,`st_log`,`ssid`)
) ENGINE=InnoDB DEFAULT CHARSET=utf8 COMMENT='User login manajemen!';
/*!40101 SET character_set_client = @saved_cs_client */;

--
-- Dumping data for table `tbd_user`
--

LOCK TABLES `tbd_user` WRITE;
/*!40000 ALTER TABLE `tbd_user` DISABLE KEYS */;
INSERT INTO `tbd_user` VALUES ('admin','5e0f71d35f82960d72d60a8299c2a626','putra mahkota alam hsb',1,'1','2011-10-03','14:16:08','2017-06-09','5:30:47','0','','0'),('bamz','a9d3b5ad5cade993e537dc01f2ac6030','bamz',1,'1','2016-01-21','14:39:27','2016-02-05','12:34:34','0','','1'),('daulay','57644532717f4075c0ab94ce5d8a0e68','Adil Habib Daulay',77,'1','2017-06-09','5:27:49','2017-06-10','7:49:13','1','','0'),('duha','e10adc3949ba59abbe56e057f20f883e','Duha Sukrina Harahap',78,'1','2017-05-23','12:24:00','2017-06-13','5:49:24','1','','0'),('febi','827ccb0eea8a706c4c34a16891f84e7b','febi',2,'1','2016-01-21','14:36:54','2016-02-03','18:15:03','0','','1'),('Futri','e10adc3949ba59abbe56e057f20f883e','Futri Sasmeita Hasibuan',75,'1','2017-05-10','4:45:58','2017-06-08','10:15:05','1','','0'),('gita','827ccb0eea8a706c4c34a16891f84e7b','Gita Kharisma Oktavia Hrp',74,'1','2017-05-27','4:10:32','2017-06-06','11:17:42','1','','0'),('gustami','e10adc3949ba59abbe56e057f20f883e','Gustami',76,'1','2017-06-13','3:41:42','2017-06-13','4:01:57','1','','0'),('hadisya','e10adc3949ba59abbe56e057f20f883e','Hadisya Sally Oktavia Nasution',80,'1','2017-05-23','12:24:58','2017-06-12','10:32:22','1','','1'),('hadisyah','e10adc3949ba59abbe56e057f20f883e','Hadisyah Sally Oktavia Nasutio',80,'1','2017-06-08','5:39:33','2017-06-12','10:31:40','1','','0'),('huda','46d8bee3d4f2615b00099f264c22f1e3','huda',74,'1','2016-01-26','19:35:53','2016-02-03','10:33:27','0','','1'),('ida','e10adc3949ba59abbe56e057f20f883e','Ida Yanti Hasibuan',3,'1','2017-06-12','8:21:28','2017-06-12','8:31:59','1','','0'),('nurmuliana','e10adc3949ba59abbe56e057f20f883e','Nurmuliana Daulay',79,'1','2017-05-24','7:23:08','2017-05-24','9:29:17','0','','0'),('operator','d8578edf8458ce06fbc5bb76a58c5ca4','Deni Andriansah',73,'1','2015-12-25','4:04:37','2015-12-25','5:46:25','0','','0'),('pinta','bf5e9c42dce63bc7467cb5a6e1959f1e','pinta riski mala hasibuan',3,'1','2017-05-22','6:26:41','2017-06-13','5:45:20','0','','0'),('test','d8578edf8458ce06fbc5bb76a58c5ca4','Test',2,'1','2015-12-24','23:08:14','2017-04-25','11:18:59','0','','1'),('xadmin','d8578edf8458ce06fbc5bb76a58c5ca4','xadmin',1,'1','2011-10-03','14:16:08','2017-06-16','11:08:12','1','','0');
/*!40000 ALTER TABLE `tbd_user` ENABLE KEYS */;
UNLOCK TABLES;

--
-- Table structure for table `tbm_agama`
--

DROP TABLE IF EXISTS `tbm_agama`;
/*!40101 SET @saved_cs_client     = @@character_set_client */;
/*!40101 SET character_set_client = utf8 */;
CREATE TABLE `tbm_agama` (
  `id` int(11) NOT NULL AUTO_INCREMENT,
  `nama` varchar(200) DEFAULT NULL,
  `deleted` char(1) DEFAULT '0',
  PRIMARY KEY (`id`)
) ENGINE=InnoDB AUTO_INCREMENT=7 DEFAULT CHARSET=latin1;
/*!40101 SET character_set_client = @saved_cs_client */;

--
-- Dumping data for table `tbm_agama`
--

LOCK TABLES `tbm_agama` WRITE;
/*!40000 ALTER TABLE `tbm_agama` DISABLE KEYS */;
INSERT INTO `tbm_agama` VALUES (1,'Islam','0'),(2,'Kristen Katholik','0'),(3,'Kristen Protestan','0'),(4,'Budha','0'),(5,'Hindu','0'),(6,'Lainnya','0');
/*!40000 ALTER TABLE `tbm_agama` ENABLE KEYS */;
UNLOCK TABLES;

--
-- Table structure for table `tbm_bank`
--

DROP TABLE IF EXISTS `tbm_bank`;
/*!40101 SET @saved_cs_client     = @@character_set_client */;
/*!40101 SET character_set_client = utf8 */;
CREATE TABLE `tbm_bank` (
  `id` int(11) NOT NULL AUTO_INCREMENT,
  `nama` varchar(200) DEFAULT NULL,
  `no_rek` varchar(60) DEFAULT NULL,
  `nama_pemilik` varchar(100) DEFAULT NULL,
  `saldo` decimal(36,2) DEFAULT '0.00',
  `deleted` char(1) DEFAULT '0',
  PRIMARY KEY (`id`)
) ENGINE=InnoDB AUTO_INCREMENT=18 DEFAULT CHARSET=latin1;
/*!40101 SET character_set_client = @saved_cs_client */;

--
-- Dumping data for table `tbm_bank`
--

LOCK TABLES `tbm_bank` WRITE;
/*!40000 ALTER TABLE `tbm_bank` DISABLE KEYS */;
INSERT INTO `tbm_bank` VALUES (1,'BANK PANIN',NULL,NULL,0.00,'1'),(2,'BANK BCA','54656755','Udeng BUdeng',0.00,'1'),(3,'BANK ASIA','98022341','Deni Andriansah',0.00,'1'),(4,'BANK BNI','5476565645','Deni Andriansah',0.00,'1'),(5,'BANK JB','958384738','Ani',0.00,'1'),(6,'BI',NULL,NULL,0.00,'1'),(7,'BIAYA 1',NULL,NULL,0.00,'1'),(8,'PETTY CASH',NULL,NULL,-39500000.00,''),(9,'ANZ INDONESIA','4113220100001','PT. Sibuah Raya',2000000.00,'0'),(10,'BRI','36701001119303','PT. Mujur Usaha Mandiri',27000000.00,'0'),(11,'BNI','600760141','Pt. Sinar Halomoan',5000000.00,'0'),(12,'BNI','2021956558','Mandurana Tbs',6000000.00,'0'),(13,'BNI','436696841','Ud. Zio',7000000.00,'0'),(14,'BNI','1980061005','Shs',8000000.00,'0'),(15,'BNI','534531025','Ud.rizki',9000000.00,'0'),(16,'BNI','377354972','Ud. Mitra Pribadi',100000000.00,'0'),(17,'BNI','458054499','Ud. Pinarik Jaya',2000000.00,'0');
/*!40000 ALTER TABLE `tbm_bank` ENABLE KEYS */;
UNLOCK TABLES;

--
-- Table structure for table `tbm_barang`
--

DROP TABLE IF EXISTS `tbm_barang`;
/*!40101 SET @saved_cs_client     = @@character_set_client */;
/*!40101 SET character_set_client = utf8 */;
CREATE TABLE `tbm_barang` (
  `id` int(11) NOT NULL AUTO_INCREMENT,
  `kode_barang` varchar(50) DEFAULT NULL,
  `nama` varchar(255) DEFAULT NULL,
  `kategori_id` int(11) DEFAULT NULL,
  `kelompok_id` char(1) DEFAULT '0',
  `min_stock` float(11,2) DEFAULT NULL,
  `max_stock` float(11,2) DEFAULT NULL,
  `max_beli_bulanan` float(11,2) DEFAULT NULL,
  `deleted` char(1) DEFAULT '0',
  PRIMARY KEY (`id`)
) ENGINE=InnoDB AUTO_INCREMENT=1026 DEFAULT CHARSET=utf8 ROW_FORMAT=COMPACT;
/*!40101 SET character_set_client = @saved_cs_client */;

--
-- Dumping data for table `tbm_barang`
--

LOCK TABLES `tbm_barang` WRITE;
/*!40000 ALTER TABLE `tbm_barang` DISABLE KEYS */;
INSERT INTO `tbm_barang` VALUES (10,NULL,'CPO',5,'0',0.00,0.00,0.00,'0'),(11,NULL,'PK',5,'0',0.00,0.00,0.00,'0'),(12,'B00GB400','GREASE BURGARI 400 EP',10,'0',1.00,3.00,500.00,'0'),(13,'B00GP001','GREASE PICOLIK',10,'0',1.00,3.00,500.00,'0'),(14,'B00GN215','GREASE NEUTRONLUB -215',10,'0',1.00,3.00,2000.00,'0'),(15,'B00GU001','GREASE MERK COMPOIL',10,'0',1.00,3.00,5000.00,'0'),(16,'B00MB001','MINYAK BENSIN',10,'0',10.00,20.00,1000.00,'0'),(17,'B00MS001','MINYAK SOLAR SPBU',10,'0',50.00,800.00,1000.00,'0'),(18,'B00NAL01','NEUTRON ANTI LEAK - IGB',10,'0',1.00,3.00,500.00,'0'),(19,'B00NO001','NEUTRON OIL - 10.000 RPRN',7,'0',0.00,0.00,0.00,'1'),(20,'B00NO011','NEUTRON 011 HT',7,'0',0.00,0.00,0.00,'1'),(21,'B00NO051','NEUTRON 051 EM ',7,'0',0.00,0.00,0.00,'1'),(22,'B00NO057','NEUTRON  057 HT',7,'0',0.00,0.00,0.00,'1'),(23,'B00OLI10','OLI MEDITRAN SAE -10',10,'0',80.00,209.00,5000.00,'0'),(24,'B00OLI30','OLI MEDITRAN SAE-30',10,'0',80.00,209.00,5000.00,'0'),(25,'B00OM040','OLI MEDITRAN SX-40 (Ltr)',10,'0',100.00,209.00,5000.00,'0'),(26,'B00OM320','OLI MASRI -RVG 320',10,'0',100.00,209.00,5000.00,'0'),(27,'B00OM460','OLI MASRI -RVG 460',10,'0',100.00,209.00,5000.00,'0'),(28,'B00OMS15','OLI MEDITRAN SX-15 W-40 (Drum)',10,'0',100.00,209.00,5000.00,'0'),(29,'B00OTS68','OLI TURBO SHELL T68',7,'0',0.00,0.00,0.00,'1'),(30,'B00OTS02','OLI TRAVO/OLI SHELL DIALA -BS2',7,'0',0.00,0.00,0.00,'1'),(31,'B00OLI90','OLI 90',7,'0',0.00,0.00,0.00,'1'),(32,'B00OT046','OLI TURALIT 48 ISO VG 46',7,'0',0.00,0.00,0.00,'1'),(33,'B00SWD40','SYSCHEM WD-40',10,'0',2.00,5.00,800.00,'0'),(34,'B00SY867','SYSCHEM S-867 CONTACT',10,'0',2.00,5.00,800.00,'0'),(35,'B00SY866','SYSCHEM S-866 (BELT DRESSING SPRAY)',10,'0',2.00,5.00,800.00,'0'),(36,'B00SIV01','SYSCHEM INSULETING RED VARNISH',10,'0',2.00,5.00,800.00,'0'),(37,'B00BMI01','BBM INDUSTRI',10,'0',500.00,12000.00,36000.00,'0'),(38,'B00BMI02','BBM SPBU',10,'0',10.00,100.00,500.00,'0'),(39,'B00ATF02','OLI ATF DEXTRON 2',10,'0',10.00,40.00,500.00,'0'),(40,'C00ADK01','AMPLOP DINAS KECIL',11,'0',2.00,5.00,500.00,'0'),(41,'C00ADB01','AMPLOP DINAS BESAR',11,'0',2.00,5.00,500.00,'0'),(42,'C00ADS01','AMPLOP DINAS SEDANG',11,'0',2.00,5.00,500.00,'0'),(43,'C00AH003','ANAK HEKTER NO.3',11,'0',3.00,10.00,500.00,'0'),(44,'C00AH010','ANAK HEKTER NO.10',11,'0',3.00,10.00,500.00,'0'),(45,'C00APK01','AMPLOP PUTIH KECIL',11,'0',2.00,5.00,500.00,'0'),(46,'C00BA001','BUKU AGENDA',11,'0',2.00,5.00,500.00,'0'),(47,'C00BC107','BINDER CLIP NO.107',11,'0',3.00,10.00,500.00,'0'),(48,'C00BC155','BINDER CLIP NO.155',11,'0',2.00,10.00,500.00,'0'),(49,'C00BC200','BINDER CLIP N0.200',11,'0',2.00,10.00,500.00,'0'),(50,'C00BST01','BANTALAN STEMPEL',11,'0',2.00,5.00,500.00,'0'),(51,'C00BTB30','BUKU TULIS BIASA @ 30 LEMBAR',11,'0',3.00,12.00,500.00,'0'),(52,'C00BTB50','BUKU TULIS BIASA @ 50 LEMBAR',11,'0',3.00,12.00,500.00,'0'),(53,'C00BTBB1','BUKU TULIS BIG BOSS  @50 LBR',11,'0',3.00,12.00,500.00,'0'),(54,'C00BTF01','BUKU TULIS FOLIO',11,'0',3.00,12.00,500.00,'0'),(55,'C00BTK01','BUKU TULIS KWARTO',11,'0',2.00,12.00,500.00,'0'),(56,'C00BXF01','BOX FILE',11,'0',3.00,10.00,500.00,'0'),(57,'C00CCK01','CARBON CAP KAPAL',7,'0',0.00,0.00,0.00,'1'),(58,'C00CF001','CLIP FILE',11,'0',3.00,12.00,500.00,'0'),(59,'C00CTK10','CATRIK 810',11,'0',2.00,5.00,500.00,'0'),(60,'C00CTK11','CATRIK 811',11,'0',2.00,5.00,500.00,'0'),(61,'C00CTK45','CATRIDGE PRINTER PG 745 (BLACK)',7,'0',0.00,0.00,0.00,'1'),(62,'C00CTK46','CATRIDGE PRINTER PG 746 (COLOR)',7,'0',0.00,0.00,0.00,'1'),(63,'C00FBK01','FAKTUR BON KECIL',11,'0',3.00,12.00,500.00,'0'),(64,'C00HEK10','HEKTER NO.10 BAGUS',11,'0',2.00,12.00,500.00,'0'),(65,'C00KC154','KERTAS CONTINIOUS FORM UK. 9,5 x 11\" (UK. 1/2) 4 FLY',11,'0',3.00,10.00,500.00,'0'),(66,'C00KCF52','KERTAS CONTINIOUS FORM UK. 9,5 x 11\" (UK. 1/2) 2 FLY',11,'0',3.00,10.00,500.00,'0'),(67,'C00KCF95','KERTAS COUNTINIOUS FORM 9,5\"X11\" (4PLY)',11,'0',3.00,10.00,500.00,'0'),(68,'C00KHA04','KERTAS HVS A4',11,'0',3.00,10.00,500.00,'0'),(69,'C00KHF04','KERTAS HVS F4',11,'0',3.00,10.00,500.00,'0'),(70,'C00KJH01','KERTAS JERUK',11,'0',5.00,24.00,500.00,'0'),(71,'C00LB001 ','LAKBAN BENING',11,'0',3.00,10.00,500.00,'0'),(72,'C00LH001','LAKBAN HITAM',11,'0',3.00,10.00,500.00,'0'),(73,'C00LK001','LAKBAN KUNING',11,'0',3.00,10.00,500.00,'0'),(74,'C00LKP01','LEM KERTAS POVINAL',11,'0',3.00,12.00,500.00,'0'),(75,'C00MB001','MAP BIASA',11,'0',3.00,24.00,500.00,'0'),(76,'C00MP401','MAP PAKAR 401',11,'0',3.00,10.00,500.00,'0'),(77,'C00MP402','MAP PAKAR 402',11,'0',3.00,10.00,500.00,'0'),(78,'C00NA403','NOTES A-403',11,'0',3.00,10.00,500.00,'0'),(79,'C00NA501','NOTES A-501',11,'0',3.00,10.00,500.00,'0'),(80,'C00PF001','PAPER FASTENER',11,'0',3.00,10.00,500.00,'0'),(81,'C00PK001','PLASTIK KACA UK. FOLIO',11,'0',3.00,10.00,500.00,'0'),(82,'C00PKT01','PELOBANG KERTAS',11,'0',2.00,10.00,500.00,'0'),(83,'C00PPE01','PITA PRINTER EPSON LX-310',11,'0',3.00,10.00,500.00,'0'),(84,'C00PST01','PULPEN STANDART',11,'0',20.00,120.00,500.00,'0'),(85,'C00PT001','PAPAN TULIS ',7,'0',0.00,0.00,0.00,'1'),(86,'C00REM01','REMOVER ( PENCABUT ANAK HEKTER )',11,'0',3.00,10.00,500.00,'0'),(87,'C00ROL30','ROLL BESI 30 CM',11,'0',3.00,12.00,500.00,'0'),(88,'C00SF001','SPRING FILE',11,'0',10.00,30.00,500.00,'0'),(89,'C00SNP01','SPIDOL NON PERMANET',11,'0',3.00,10.00,500.00,'0'),(90,'C00SP001','CETAK SURAT PENGANTAR TBS (SP TBS)',11,'0',2.00,10.00,500.00,'0'),(91,'C00SPE01','SPIDOL PERMANENT',11,'0',3.00,12.00,500.00,'0'),(92,'C00STB01','STABILLOW',11,'0',3.00,10.00,500.00,'0'),(93,'C00TPB01','TINTA PRINTER W/BIRU',11,'0',3.00,10.00,500.00,'0'),(94,'C00TPH01','TINTA PRINTER W/HITAM',11,'0',3.00,10.00,500.00,'0'),(95,'C00TPK01','TINTA PRINTER W/KUNING',11,'0',3.00,10.00,500.00,'0'),(96,'C00TPM01','TINTA PRINTER W/MERAH',11,'0',2.00,10.00,500.00,'0'),(97,'C00TSB01','TINTA STEMPEL WARNA BIRU',11,'0',3.00,10.00,500.00,'0'),(98,'C00TSC01','TINTA SOFRUM CANON',7,'0',0.00,0.00,0.00,'1'),(99,'C00TYP01','TYPE-X',11,'0',3.00,10.00,500.00,'0'),(100,'E00AS001','ALARM SIRENE',9,'0',1.00,10.00,500.00,'0'),(101,'E00AM005','AMPERE METER (0-4000) 2000/5A',9,'0',1.00,10.00,500.00,'0'),(102,'E00AM050','AMPERE METER 0-100 50/5A',9,'0',2.00,5.00,500.00,'0'),(103,'E00AS001','AUXILARY SCHENNEIDER',9,'0',2.00,10.00,500.00,'0'),(104,'E00AVR01','AVR RILAY 8888 WM WEGA',7,'0',0.00,0.00,0.00,'1'),(105,'E00AVR50','AVR R450',7,'0',0.00,0.00,0.00,'1'),(106,'E00AVR02','AVR VS420-7A-S1A2 BESTRON',7,'0',0.00,0.00,0.00,'1'),(107,'E00BAR20','BREAKER 20A',9,'0',3.00,10.00,500.00,'0'),(108,'E00BAR50','BREAKER 50A',9,'0',3.00,10.00,500.00,'0'),(109,'E00BAR80','BREAKER 80A',9,'0',3.00,10.00,500.00,'0'),(110,'E00BS500','BOLA LAMPU SOROT 500 WATT',9,'0',3.00,15.00,500.00,'0'),(111,'E00BL500','BOLA LAMPU 500 WATT',9,'0',3.00,15.00,500.00,'0'),(112,'E00BLH04','BOLA LAMPU HPI-T 400 WATT',9,'0',3.00,15.00,500.00,'0'),(113,'E00BLH14','BOLA LAMPU HANNOCHS 14 WATT',9,'0',2.00,10.00,500.00,'0'),(114,'E00BLH18','BOLA LAMPU HANNOCHS 18 WATT',9,'0',2.00,3.00,500.00,'0'),(115,'E00BLH45','BOLA LAMPU HANNOCHS 45 WATT',9,'0',2.00,10.00,500.00,'0'),(116,'E00BLH85','BOLA LAMPU HANNOCHS 85 WATT',9,'0',2.00,10.00,500.00,'0'),(117,'E00BLS50','BOX LAMPU SON MERCURY 250 WATT',9,'0',2.00,10.00,500.00,'0'),(118,'E00BLT18','BOLA LAMPU TL 18 WATT',9,'0',3.00,10.00,500.00,'0'),(119,'E00BLT18','BOX LAMPU TL 18 WATT DOUBLE LAMP',9,'0',3.00,10.00,500.00,'0'),(120,'E00BTL18','BOX LAMPU TL 18 WATT',9,'0',3.00,10.00,500.00,'0'),(121,'E00BLT36','BOX LAMPU TL 36 WATT',9,'0',3.00,10.00,500.00,'0'),(122,'E00BLT36','BOLA LAMPU TL 36 WATT',9,'0',2.00,10.00,500.00,'0'),(123,'E00BM075','BREAKER METASOL 75 A',9,'0',1.00,5.00,500.00,'0'),(124,'E00BM100','BREAKER METASOL 100 A',9,'0',1.00,5.00,500.00,'0'),(125,'E00BM150','BREAKER METASOL 150 A',9,'0',1.00,5.00,500.00,'0'),(126,'E00BM200','BREAKER METASOL 200 A',9,'0',1.00,5.00,500.00,'0'),(127,'E00BM250','BOLA LAMPU MERCURY  HPL-N 250 WATT MERK PHILIPS',9,'0',2.00,10.00,500.00,'0'),(128,'E00LM250','BOLA LAMPU MERCURY 250 WATT M-L',9,'0',2.00,10.00,500.00,'0'),(129,'E00BP001','BOX PANEL KOSONG',9,'0',2.00,10.00,500.00,'0'),(130,'E00BR015','BREAKER 3P 15A',9,'0',2.00,10.00,500.00,'0'),(131,'E00BR030','BREAKER 3P 30A',9,'0',2.00,10.00,500.00,'0'),(132,'E00BR040','BREAKER 3P 40A',9,'0',2.00,10.00,500.00,'0'),(133,'E00BR075','BREAKER 3P 75A',9,'0',2.00,10.00,500.00,'0'),(134,'E00BR150','BREAKER 3P 150A',9,'0',2.00,10.00,500.00,'0'),(135,'E00BX500','BOX LAMPU SOROT 500 WATT',9,'0',2.00,10.00,500.00,'0'),(136,'E00CT005','CURRENT TRANSFORMER (CT) 2000/5A TYPE:ICX-I',7,'0',0.00,0.00,0.00,'1'),(137,'E00CB003','COK BETINA 3 LOBANG',9,'0',2.00,10.00,500.00,'0'),(138,'E00CCU28','CAPASITOR CP20 CU 28',7,'0',0.00,0.00,0.00,'1'),(139,'E00CJ001','COK JANTAN',9,'0',2.00,10.00,500.00,'0'),(140,'E00CON05','CONNECTOR 5MM',9,'0',2.00,10.00,500.00,'0'),(141,'E00CM130','CONTECTOR MC 130A MITSUBISHI',9,'0',2.00,10.00,500.00,'0'),(142,'E00CM030','CONTECTOR MC 130A MERK METASOL MAGNETIC',9,'0',2.00,10.00,500.00,'0'),(143,'E00CON30','CONTECTOR UA30-10-10',9,'0',2.00,10.00,500.00,'0'),(144,'E00CON75','CONTECTOR UA75-30-11',9,'0',2.00,10.00,500.00,'0'),(145,'E00CPB01','CLEAM PAKU BETON 1\"',9,'0',2.00,10.00,500.00,'0'),(146,'E00CPB10','CLEAM PAKU BETON 10MM',9,'0',2.00,10.00,500.00,'0'),(147,'E00CSV24','COIL AIRTACT DC 24-26DC',9,'0',2.00,10.00,500.00,'0'),(148,'E00CT004','COUNTER TALLY 4 DIGIT',9,'0',2.00,10.00,500.00,'0'),(149,'E00EC350','ELCO 350µF 450 V',7,'0',0.00,0.00,0.00,'1'),(150,'E00ED001','EMAIL DRAT 0.90MM',9,'0',10.00,30.00,1000.00,'0'),(151,'E00ED060','EMAIL DRAT 0.60MM',9,'0',10.00,30.00,1000.00,'0'),(152,'E00ES001','EMERGENCY SWITCH CR-253 5A 250 VAC',9,'0',3.00,25.00,500.00,'0'),(153,'E00FKC12','FLEXIBLE KABEL COUNDIT Ø 1/2\" @ 50M',7,'0',0.00,0.00,0.00,'1'),(154,'E00FKC34','FLEXIBLE KABEL COUNDIT Ø 3/4\" @ 50M',7,'0',0.00,0.00,0.00,'1'),(155,'E00FL465','FITTING 4-65 WATT',7,'0',0.00,0.00,0.00,'1'),(156,'E00FM250','FITTING MERCURY + KAP LAMPU',9,'0',2.00,10.00,500.00,'0'),(157,'E00FS001','FOTOSEL',9,'0',1.00,10.00,500.00,'0'),(158,'E00FS120','FITTING LAMPU SOROT 120 WATT',9,'0',3.00,10.00,500.00,'0'),(159,'E00HM220','HZ METER CIC 220V',7,'0',0.00,0.00,0.00,'1'),(160,'E00HM050','HOURS METERS MERK CAMSCO 220-240V 50HZ',9,'0',2.00,10.00,500.00,'0'),(161,'E00KAF01','KABEL NYAF 1 X 1 MM@ 100M',7,'0',0.00,0.00,0.00,'1'),(162,'E00KAF02','KABEL NYAF 1 X 8,8 MM',7,'0',0.00,0.00,0.00,'1'),(163,'E00KHY02','KABEL NYYHY 2 X 2,5 MM',7,'0',0.00,0.00,0.00,'1'),(164,'E00KHY02','KABEL NYHY 2 X 2,5mm @50m',7,'0',0.00,0.00,0.00,'1'),(165,'E00KHY04','KABEL NYYHY 4 X 2,5mm',7,'0',0.00,0.00,0.00,'1'),(166,'E00KL001','KABEL LAS',9,'0',10.00,50.00,500.00,'0'),(167,'E00KLT02','KABEL LISTRIK TUWISTIK 2 X 10 MM',7,'0',0.00,0.00,0.00,'1'),(168,'E00KLW27','KAP LAMPU WD E27 + FITTING KERAMIK',7,'0',0.00,0.00,0.00,'1'),(169,'E00KLW40','KAP LAMPU WD E40 + FITTING KERAMIK',7,'0',0.00,0.00,0.00,'1'),(170,'E00KMH04','KABEL NYMHY 4 X 2,5MM',7,'0',0.00,0.00,0.00,'1'),(171,'E00KT025','KABEL TIE 2,5 X 100 MM',9,'0',2.00,15.00,500.00,'0'),(172,'E00KT036','KABEL TIE 3,6 X 250MM',9,'0',2.00,10.00,500.00,'0'),(173,'E00KYA01','KABEL NYA 1 X 2,5 SQMM',9,'0',1.00,5.00,500.00,'0'),(174,'E00KYA02','KABEL NYA 2 X 2,5 MM @ 50M',9,'0',1.00,5.00,500.00,'0'),(175,'E00KYH02','KABEL NYH 2 X 4MM (@50M',9,'0',1.00,5.00,500.00,'0'),(176,'E00KYH04','KABEL NYH 4 X 2,5 MM',7,'0',0.00,0.00,0.00,'1'),(177,'E00KYH44','KABEL NYH 4 X 4 MM',7,'0',0.00,0.00,0.00,'1'),(178,'E00KYM10','KABEL NYM 1 X 10MM',7,'0',0.00,0.00,0.00,'1'),(179,'E00KYM02','KABEL NYM 2 X 2,5MM @50 M',7,'0',0.00,0.00,0.00,'1'),(180,'E00KYM04','KABEL NYM 4 X 2,5MM @ 50M',7,'0',0.00,0.00,0.00,'1'),(181,'E00KYY04','KABEL NYY 4 X 4MM @ 50 M',7,'0',0.00,0.00,0.00,'1'),(182,'E00KYY24','KABEL NYY 2 X 4MM',7,'0',0.00,0.00,0.00,'1'),(183,'E00KYY25','KABEL NYY 4 X 2,5MM',7,'0',0.00,0.00,0.00,'1'),(184,'E00KWM10','KW METER 1000/5A 400V',9,'0',1.00,20.00,200.00,'0'),(185,'E00KWM05','KW METER 500/5A 400V',9,'0',2.00,20.00,200.00,'0'),(186,'E00KWM20','KW METER 2000/5A 400V',9,'0',2.00,10.00,500.00,'0'),(187,'E00LCB40','LCB 2P 40A',7,'0',0.00,0.00,0.00,'1'),(188,'E00LH026','LAMPU HANNOCS 26 WATT',9,'0',2.00,10.00,500.00,'0'),(189,'E00LHK01','LAMPU INDIKATOR HIJAU KECIL',9,'0',3.00,15.00,500.00,'0'),(190,'E00LKK01','LAMPU INDIKATOR KUNING KECIL',9,'0',3.00,15.00,500.00,'0'),(191,'E00LMK01','LAMPU INDIKATOR MERAH KECIL',9,'0',3.00,15.00,500.00,'0'),(192,'E00LIH01','LAMPU INDIKATOR HIJAU',9,'0',3.00,15.00,500.00,'0'),(193,'E00LIK01','LAMPU INDIKATOR KUNING',9,'0',3.00,15.00,500.00,'0'),(194,'E00LIM01','LAMPU INDIKATOR MERAH',9,'0',3.00,15.00,500.00,'0'),(195,'E00LS120','LAMPU SOROT 120 WATT',9,'0',3.00,25.00,500.00,'0'),(196,'E00LS400','LAMPU SOROT HPI-T 400 WATT',9,'0',2.00,25.00,500.00,'0'),(197,'E00LT040','LAMPU TL 40 WATT',9,'0',2.00,10.00,500.00,'0'),(198,'E00LT018','LAMPU TL 18 WATT PHILIPS',9,'0',2.00,10.00,500.00,'0'),(199,'E00MCB06','MCB 1P 6A',9,'0',2.00,10.00,500.00,'0'),(200,'E00MCB10','MCB 1P 10A',9,'0',2.00,10.00,500.00,'0'),(201,'E00MCB20','MCB 1P 20A',9,'0',2.00,10.00,500.00,'0'),(202,'E00MCB32','MCB 1P 32A',9,'0',2.00,10.00,500.00,'0'),(203,'E00MCB32','MCB 3P 32A',9,'0',2.00,10.00,500.00,'0'),(204,'E00MCB40','MCB 1P 40A',9,'0',2.00,10.00,500.00,'0'),(205,'E00MCB50','MCB 1P 50A',9,'0',2.00,10.00,500.00,'0'),(206,'E00MCC10','MCCB C-10A',9,'0',2.00,10.00,500.00,'0'),(207,'E00MCC20','MCCB C-20A',9,'0',2.00,10.00,500.00,'0'),(208,'E00MCC40','MCCB C-40A',9,'0',2.00,10.00,500.00,'0'),(209,'E00MTS01','MULTI TESTER MERK SANWA (DIGITAL)',7,'0',0.00,0.00,0.00,'1'),(210,'E00MCL06','M. CONTECTOR SCHENNEIDER TYPE: LC1E 06-10M5',9,'0',2.00,15.00,500.00,'0'),(211,'E00MCL08','M. CONTECTOR SCHENNEIDER TYPE: LC1E 08-10M5',9,'0',2.00,15.00,500.00,'0'),(212,'E00MCL09','M. CONTECTOR SCHENNEIDER TYPE: LC1E 09-10M5',9,'0',2.00,15.00,500.00,'0'),(213,'E00MCL18','M. CONTECTOR SCHENNEIDER TYPE: LC1E 18-10M5',9,'0',2.00,15.00,500.00,'0'),(214,'E00MCL25','M. CONTECTOR SCHENNEIDER TYPE:LC1E 25-10M5',9,'0',2.00,15.00,500.00,'0'),(215,'E00MCL30','M. CONTECTOR METASOL TYPE:MC1 30A',9,'0',2.00,15.00,500.00,'0'),(216,'E00MCL32','M. CONTECTOR SCHENNEIDER TYPE: LC1E 32-10M5',9,'0',2.00,15.00,500.00,'0'),(217,'E00TOL36','T. OVER LOOD LRE36',9,'0',2.00,15.00,500.00,'0'),(218,'E00TML01','TACO METER TYPE LASER',7,'0',0.00,0.00,0.00,'1'),(219,'E00MCL65','M. CONTECTOR SCHENNEIDER TYPE: LCIE 65-10M5',9,'0',2.00,15.00,500.00,'0'),(220,'E00MM001','MICRO METER 0-25MM',7,'0',0.00,0.00,0.00,'1'),(221,'E00MM025','MICRO MILLI 0-25MM',7,'0',0.00,0.00,0.00,'1'),(222,'E00PBF01','PUSH BOTTOM OFF',9,'0',3.00,20.00,500.00,'0'),(223,'E00PBN01','PUSH BOTTOM ON',9,'0',3.00,20.00,500.00,'0'),(224,'E00PLG01','PLERING (TUBING CUTTER)',7,'0',0.00,0.00,0.00,'1'),(225,'E00PON05','POTENSIO 5K',7,'0',0.00,0.00,0.00,'1'),(226,'E00RL230','RILAY OMRON 240 VAC 5A',9,'0',3.00,20.00,500.00,'0'),(227,'E00RP001','REL PANEL',9,'0',2.00,10.00,500.00,'0'),(228,'E00RT001','RUBBER TAPE',9,'0',3.00,20.00,500.00,'0'),(229,'E00SK001','STOP KONTAK',9,'0',2.00,10.00,500.00,'0'),(230,'E00ST001','SAKLAR TUNGGAL',9,'0',2.00,15.00,500.00,'0'),(231,'E00SK003','SELONGSONG KABEL 3MM',9,'0',3.00,20.00,500.00,'0'),(232,'E00SC050','SKUN CONNECTOR 50MM',9,'0',5.00,25.00,500.00,'0'),(233,'E00SC025','SKUN CONNECTOR 25MM',9,'0',3.00,25.00,500.00,'0'),(234,'E00SK004','SKUN KABEL @ 4MM',9,'0',5.00,25.00,500.00,'0'),(235,'E00SK004','SELONGSONG KABEL 4MM',9,'0',5.00,25.00,500.00,'0'),(236,'E00SK005','SELONGSONG KABEL 5MM',9,'0',5.00,25.00,500.00,'0'),(237,'E00SK006','SELONGSONG KABEL 6MM',9,'0',5.00,25.00,500.00,'0'),(238,'E00SK008','SELONGSONG KABEL 8MM',9,'0',5.00,25.00,500.00,'0'),(239,'E00SK010','SKUN KABEL @ 10MM + SARUNG',9,'0',3.00,25.00,500.00,'0'),(240,'E00SK010','SELONGSONG KABEL 10MM',9,'0',5.00,25.00,500.00,'0'),(241,'E00SK016','SKUN KABEL @ 16MM+ SARUNG',7,'0',0.00,0.00,0.00,'1'),(242,'E00SK025','SKUN KABEL @ 25MM+ SARUNG',7,'0',0.00,0.00,0.00,'1'),(243,'E00SK035','SKUN KABEL @ 35MM+ SARUNG',7,'0',0.00,0.00,0.00,'1'),(244,'E00SK035','SKUN KABEL 35-10',9,'0',5.00,25.00,500.00,'0'),(245,'E00SK038','SKUN KABEL 35',7,'0',0.00,0.00,0.00,'1'),(246,'E00SK050','SKUN KABEL 50-10',9,'0',5.00,25.00,500.00,'0'),(247,'E00SKG01','SKUN KABEL GARPU Ø 1,25 MM',7,'0',0.00,0.00,0.00,'1'),(248,'E00SKG01','SKUN KABEL GARPU Ø 1MM / 16-14',7,'0',0.00,0.00,0.00,'1'),(249,'E00SLR01','SOLDER 300 WATT',7,'0',0.00,0.00,0.00,'1'),(250,'E00SLT36','SARANG LAMPU TL 36 WATT',9,'0',2.00,10.00,500.00,'0'),(251,'E00SS001','SELEKTOR SWITCH CR-257R 5A 250 VAC ON/OFF',7,'0',0.00,0.00,0.00,'1'),(252,'E00SK070','SKUN KABEL 70-10',9,'0',5.00,25.00,500.00,'0'),(253,'E00STR01','STATER',9,'0',2.00,20.00,500.00,'0'),(254,'E00TAK01','TANG AMPERE KYORITSU (DIGITAL)',7,'0',0.00,0.00,0.00,'1'),(255,'E00TB210','TRAVO ( BALANCE) 210 WATT',9,'0',2.00,15.00,500.00,'0'),(256,'E00TBI20','TERMINAL BLOCK T IN 20 C',7,'0',0.00,0.00,0.00,'1'),(257,'E00TT001','TERMINAL TIMER',7,'0',0.00,0.00,0.00,'1'),(258,'E00TBT60','TERMINAL BLOCK T IN 60 C',7,'0',0.00,0.00,0.00,'1'),(259,'E00TL018','TRAVO (BALANCE) LAMPU 18 WATT',9,'0',2.00,15.00,500.00,'0'),(260,'E00TM250','TRAVO BALANCE MERCURY 250 WATT',9,'0',2.00,10.00,500.00,'0'),(261,'E00TMH01','TIMAH',9,'0',2.00,10.00,500.00,'0'),(262,'E00TOL05','T.OVER LOAD LRE05',9,'0',2.00,10.00,500.00,'0'),(263,'E00TOL06','T.OVER LOAD LRE06',9,'0',2.00,15.00,500.00,'0'),(264,'E00TOL08','T.OVER LOAD LRE08',9,'0',2.00,15.00,500.00,'0'),(265,'E00TOL09','T.OVER LOAD LRE09',9,'0',2.00,15.00,500.00,'0'),(266,'E00TOL10','T.OVER LOAD LRE10',9,'0',2.00,15.00,500.00,'0'),(267,'E00TOL14','T.OVER LOAD LRE14',9,'0',2.00,15.00,500.00,'0'),(268,'E00TOL16','T.OVER LOAD LRE16',9,'0',2.00,15.00,500.00,'0'),(269,'E00TOL21','T.OVER LOAD LRE21',9,'0',2.00,15.00,500.00,'0'),(270,'E00TOL22','T.OVER LOAD LRE22',9,'0',2.00,15.00,500.00,'0'),(271,'E00TOL32','T.OVER LOAD LRE32',9,'0',2.00,15.00,500.00,'0'),(272,'E00TOL40','T.OVER LOAD LRE40',9,'0',2.00,15.00,500.00,'0'),(273,'E00TOL61','T.OVER LOAD LRE 361',7,'0',0.00,0.00,0.00,'1'),(274,'E00TOL65','T.OVER LOAD LRE 365',7,'0',0.00,0.00,0.00,'1'),(275,'E00TSO01','TIMER SWITCH OMRON H3CR (0-30S)',9,'0',2.00,15.00,500.00,'0'),(276,'E00TS250','TIMER SWITCH OMRON 250 VAC/20 VDC 10A',9,'0',2.00,15.00,500.00,'0'),(277,'E00KAF10','KABEL NYAF 10MM',7,'0',0.00,0.00,0.00,'1'),(278,'E00ED012','EMAIL DRAT 1,2MM',9,'0',8.00,35.00,500.00,'0'),(279,'E00ED001','EMAIL DRAT 1,00MM',9,'0',8.00,35.00,500.00,'0'),(280,'E00ED075','EMAIL DRAT 0,75MM',9,'0',8.00,35.00,500.00,'0'),(281,'E00YAF70','KABEL NYAF 1 X 0.70MM',7,'0',0.00,0.00,0.00,'1'),(282,'E00YAF25','KABEL NYAF 1 X 2.5MM',7,'0',0.00,0.00,0.00,'1'),(283,'E00YAF04','KABEL NYAF 1 X 4MM',7,'0',0.00,0.00,0.00,'1'),(284,'E00YAF06','KABEL NYAF 1 X 6MM',7,'0',0.00,0.00,0.00,'1'),(285,'E00SKN16','SKUN 16MM',9,'0',5.00,25.00,500.00,'0'),(286,'E00SKN10','SKUN 10MM',9,'0',5.00,25.00,500.00,'0'),(287,'E00SKN25','SKUN 25-8',9,'0',5.00,25.00,500.00,'0'),(288,'E00SKN06','SKUN 6MM',9,'0',5.00,25.00,500.00,'0'),(289,'','AMPERE METER UK (9 X 9 CM) 0-600 A(CT 300/5A)',7,'0',0.00,0.00,0.00,'1'),(290,'E00IVR01','INSULATING VARNISH RED (SISTEM SEMPROT)',9,'0',2.00,15.00,500.00,'0'),(291,'E00CTR50','CONNECTOR 50MM',9,'0',2.00,25.00,500.00,'0'),(292,'E00CT510','CT 5/100',9,'0',2.00,15.00,500.00,'0'),(293,'E00VM500','VOLT METER UK. 9 X 9CM 0-500 CIC',9,'0',2.00,15.00,500.00,'0'),(294,'E00KT050','KABEL TWISTED 4 X 50MM',7,'0',0.00,0.00,0.00,'1'),(295,'E00YAF50','KABEL NYAF 50MM',7,'0',0.00,0.00,0.00,'1'),(296,'E00NYY35','KABEL NYY 4 X 35MM',7,'0',0.00,0.00,0.00,'1'),(297,'E00MHY15','KABEL NYMHY 4 X 1,5MM',7,'0',0.00,0.00,0.00,'1'),(298,'E00FTL50','FITTING + TOPI + BOLA LAMPU ML 220V/250W',9,'0',1.00,10.00,500.00,'0'),(299,'E00NYY10','KABEL NYY 4 X 10MM',7,'0',0.00,0.00,0.00,'1'),(300,'E00CK001','CONNECTOR KABEL',9,'0',5.00,50.00,500.00,'0'),(301,'E00BTA36','BALAST PHILIPS BTA 36 W / 220 V',9,'0',2.00,15.00,500.00,'0'),(302,'F00AB209','ADAFTER BEARING H 209',8,'0',1.00,10.00,500.00,'0'),(303,'F00AB211','ADAFTER BEARING H 211',8,'0',1.00,10.00,500.00,'0'),(304,'F00AFB01','AS FAN BOILER',7,'0',0.00,0.00,0.00,'1'),(305,'F00AC100','AS CONVEYOR Ø 100MM, P:1700MM',7,'0',0.00,0.00,0.00,'1'),(306,'F00BPB01','BUSHING POMPA BESAR (SLUDGE TANK PUMP)',8,'0',1.00,10.00,500.00,'0'),(307,'F00BPK01','BUSHING POMPA KECIL(SLUDGE TANK PUMP)',8,'0',1.00,10.00,500.00,'0'),(308,'F00AR309','ADAFTER HE 309 ASB',8,'0',1.00,10.00,500.00,'0'),(309,'F00AR322','ADAFTER HE 322 ASB',8,'0',1.00,10.00,500.00,'0'),(310,'F00ACP15','ADJUSTING CONE CB P15',8,'0',1.00,10.00,500.00,'0'),(311,'F00AS010','AS Ø 75MM X 1010 MM DI BUBUT',7,'0',0.00,0.00,0.00,'1'),(312,'F00AS124','ADAFTER SLEVEE AHX 3124',8,'0',1.00,10.00,500.00,'0'),(313,'F00AS210','AS Ø 75MM X 1210 MM DI BUBUT',7,'0',0.00,0.00,0.00,'1'),(314,'F00AS315','ADAFTER SLEVEE H 315',8,'0',1.00,10.00,500.00,'0'),(315,'F00AR313','ADAFTER H313 WIKA',8,'0',1.00,10.00,500.00,'0'),(316,'F00AS316','ADAFTER SLEEVE H316',8,'0',1.00,10.00,500.00,'0'),(317,'F00AS320','ADAFTER SLEEVE H 320',8,'0',1.00,10.00,500.00,'0'),(318,'F00ABC04','ANGKER BOS COMPLATE GRENDA 4\"',8,'0',1.00,5.00,500.00,'0'),(319,'F00ASL15','AS INTERMEDIT (SHAF LONG CB P15)',8,'0',1.00,10.00,500.00,'0'),(320,'F00ASP01','ARM STRING PENDEK SEBELAH KANAN',7,'0',0.00,0.00,0.00,'1'),(321,'F00ASP01','AS POMPA KECIL ',7,'0',0.00,0.00,0.00,'1'),(322,'F00ASP02','ARM STRING PANJANG',7,'0',0.00,0.00,0.00,'1'),(323,'F00ASS15','AS INTERMEDIT (SHAF SHORT CB P15)',8,'0',2.00,10.00,500.00,'0'),(324,'F00AC001','AS CLAYBATH',8,'0',2.00,10.00,500.00,'0'),(325,'F00AVC01','AS VIBRATING CONDENSATE SEPERTI GAMBAR',7,'0',0.00,0.00,0.00,'1'),(326,'F00BID01','BALANCING ID FAN',7,'0',0.00,0.00,0.00,'1'),(327,'F00BR608','BEARING 608Z',8,'0',2.00,10.00,500.00,'0'),(328,'F00BF005','BEARING FAG 6305 2ZR',8,'0',2.00,10.00,500.00,'0'),(329,'F00BF208','BEARING UCF 208',8,'0',2.00,10.00,500.00,'0'),(330,'F00BF209','BEARING FAG 6209 2ZR. C3',8,'0',2.00,10.00,500.00,'0'),(331,'F00BF206','BEARING FAG 6206 2ZR',8,'0',2.00,10.00,500.00,'0'),(332,'F00BF210','BEARING UCF 210',8,'0',2.00,10.00,500.00,'0'),(333,'F00BF213','BEARING UCF 213',8,'0',2.00,10.00,500.00,'0'),(334,'F00BF215','BEARING FAG 22215',8,'0',2.00,10.00,500.00,'0'),(335,'F00BF215','BEARING UCF 215',8,'0',2.00,10.00,500.00,'0'),(336,'F00BF216','BEARING FAG 22216',8,'0',2.00,10.00,500.00,'0'),(337,'F00BF222','BEARING FAG 22220-E1-C3',8,'0',2.00,10.00,500.00,'0'),(338,'F00BF220','BEARING FAG 22220-E1-K-C3',8,'0',2.00,10.00,500.00,'0'),(339,'F00BF222','BEARING FAG 22222-E1-K-C3',8,'0',2.00,10.00,500.00,'0'),(340,'F00BF224','BEARING FAG 22224 E1-K-C3',8,'0',2.00,10.00,500.00,'0'),(341,'F00BRG24','BEARING FAG 22224 E1/C3',8,'0',2.00,10.00,500.00,'0'),(342,'F00BM017','BAUT + MUR 1\" X 7\"',8,'0',20.00,130.00,500.00,'0'),(343,'F00BM121','BAUT + MUR 1/2\" X 1\"',8,'0',20.00,150.00,500.00,'0'),(344,'F00BM122','BAUT + MUR 1/2 X 2\"',8,'0',20.00,130.00,500.00,'0'),(345,'F00BM123','BAUT + MUR 1/2\" X 3\"',8,'0',20.00,150.00,500.00,'0'),(346,'F00BM125','BAUT + MUR 1/2\" X 1½\"',7,'0',0.00,0.00,0.00,'0'),(347,'F00BM212','BAUT + MUR 1/2\" X 2 ½\"',7,'0',0.00,0.00,0.00,'0'),(348,'F00BM255','BAUT + MUR 1¼\" X 5\"',7,'0',0.00,0.00,0.00,'0'),(349,'F00BM325','BAUT + MUR 3/8 X 2½\"',7,'0',0.00,0.00,0.00,'0'),(350,'F00BM343','BAUT + MUR 3/8\" X 3\"',8,'0',20.00,150.00,500.00,'0'),(351,'F00BM344','BAUT + MUR 3/8\" X 4\"',8,'0',20.00,200.00,800.00,'0'),(352,'F00BM345','BAUT + MUR 3/8\" X 2½\"',7,'0',0.00,0.00,0.00,'0'),(353,'F00BM346','BAUT + MUR 3/4\" X 6\"',8,'0',20.00,150.00,500.00,'0'),(354,'F00BM347','BAUT + MUR 3/4\" X 7\"',8,'0',20.00,200.00,800.00,'0'),(355,'F00BM381','BAUT + MUR 3/8\" X 1\"',8,'0',20.00,200.00,800.00,'0'),(356,'F00BM382','BAUT + MUR 3/8\" X 2\"',8,'0',20.00,200.00,800.00,'0'),(357,'F00BM515','BAUT + MUR 5/8\" X 1½\"',7,'0',0.00,0.00,0.00,'0'),(358,'F00BM525','BAUT + MUR 5/8 X 2½\"',7,'0',0.00,0.00,0.00,'0'),(359,'F00BM582','BAUT + MUR 5/8\" X 2\"',8,'0',20.00,200.00,1000.00,'0'),(360,'F00BM784','BAUT + MUR 7/8 X 4\"',8,'0',20.00,200.00,1000.00,'0'),(361,'F00BM583','BAUT + MUR 5/8\" X 3\"',8,'0',20.00,200.00,1000.00,'0'),(362,'F00BMB03','BAUT + MUR BINAMON F3',8,'0',20.00,200.00,1000.00,'0'),(363,'F00BMB04','BAUT + MUR BINAMON F4',8,'0',20.00,200.00,1000.00,'0'),(364,'F00BMB05','BAUT + MUR BiNAMON F5',8,'0',20.00,200.00,1000.00,'0'),(365,'F00BMB07','BAUT + MUR BINAMON F7',8,'0',20.00,200.00,1000.00,'0'),(366,'F00BSC01','BAUT + MUR SPACER COUPLING',8,'0',20.00,200.00,1000.00,'0'),(367,'F00BS002','BAUT SENG 2\"',8,'0',10.00,50.00,800.00,'0'),(368,'F00BK206','BEARING KOYO 7206',8,'0',2.00,20.00,500.00,'0'),(369,'F00BK305','BEARING KOYO NU305',7,'0',0.00,0.00,0.00,'1'),(370,'F00BN312','BEARING NU 312 ECPM',8,'0',2.00,20.00,500.00,'0'),(371,'F00BN307','BEARING NU 307 ECP MERK SKF',8,'0',2.00,20.00,500.00,'0'),(372,'F00BT320','BEARING THRUST 29320-E1',8,'0',2.00,20.00,500.00,'0'),(373,'F00BRG13','BEARING NTN 6013 ZZC3/5K',8,'0',2.00,20.00,500.00,'0'),(374,'F00BP001','BUSHING POMPA Ø D:24MM, Ø L:28MM & P:69MM',7,'0',0.00,0.00,0.00,'1'),(375,'F00BP516','BEARING PILLOW BLOCK SN516',7,'0',0.00,0.00,0.00,'1'),(376,'F00BPL70','BEALTING POMPA KOLAM LIMBAH A-70 MIDSUBASHI',8,'0',2.00,20.00,500.00,'0'),(377,'F00BRG02','BEARING 6202',8,'0',2.00,200.00,500.00,'0'),(378,'F00BR205','BEARING 6205 NTN',8,'0',2.00,20.00,500.00,'0'),(379,'F00BR209','BEARING 1209K C3',8,'0',2.00,20.00,500.00,'0'),(380,'F00BR211','BEARING 1211 K C3',8,'0',2.00,20.00,500.00,'0'),(381,'F00BRG09','BEARING 22209 E1-K-C3 FAG',8,'0',2.00,20.00,500.00,'0'),(382,'F00BRG17','BEARING 22217 KM C3 NIB',8,'0',2.00,20.00,500.00,'0'),(383,'F00BS050','BESI SIKU 50MM',8,'0',1.00,20.00,500.00,'0'),(384,'F00BS075','BESI SIKU 75 MM',7,'0',0.00,0.00,0.00,'1'),(385,'F00BSL08','BAUT STUD L8 X 25',8,'0',5.00,50.00,500.00,'0'),(386,'F00BSL10','BAUT STUD L10 X 25',8,'0',5.00,30.00,500.00,'0'),(387,'F00BSL16','BAUT STUD L16 X 25',8,'0',5.00,20.00,500.00,'0'),(388,'F00BSL25','BAUT STUD L14 X 25',8,'0',5.00,20.00,500.00,'0'),(389,'F00BT215','BEARING UCT 215',8,'0',1.00,10.00,500.00,'0'),(390,'F00BTL05','BAUT L5',7,'0',0.00,0.00,0.00,'1'),(391,'F00BTL06','BAUT L6',7,'0',0.00,0.00,0.00,'1'),(392,'F00BTL07','BAUT L7',7,'0',0.00,0.00,0.00,'1'),(393,'F00BTL08','BAUT L8',7,'0',0.00,0.00,0.00,'1'),(394,'F00BTL10','BAUT L10',7,'0',0.00,0.00,0.00,'1'),(395,'F00BU125','BESI UNP 125',8,'0',1.00,20.00,500.00,'0'),(396,'F00BB012','BESI BEHEL 12MM',8,'0',1.00,10.00,500.00,'0'),(397,'F00BH009','BESI BEHEL 9MM',7,'0',0.00,0.00,0.00,'1'),(398,'F00BH025','BESI HOLO 25 X 25',7,'0',0.00,0.00,0.00,'1'),(399,'F00BU150','BESI UNP 150',8,'0',1.00,20.00,500.00,'0'),(400,'F00BU207','BEARING UCP 207 J',8,'0',2.00,20.00,500.00,'0'),(401,'F00BU210','BEARING UCP 210 J',8,'0',2.00,20.00,500.00,'0'),(402,'F00BU212','BEARING UCF 212 J',8,'0',2.00,20.00,500.00,'0'),(403,'F00BU214','TAKE UP BEARING UCT 214 FYH',8,'0',1.00,20.00,500.00,'0'),(404,'F00BV001','BALL VALVE 1\" SS 304/316',8,'0',2.00,30.00,500.00,'0'),(405,'F00BV002','BALL VALVE 2\"',8,'0',1.00,20.00,500.00,'0'),(406,'F00BV003','BALL VALVE 3\'\'',8,'0',1.00,10.00,500.00,'0'),(407,'F00BV004','BALL VALVE 4\'\'',8,'0',1.00,10.00,500.00,'0'),(408,'F00BV012','BALL VALVE 1/2\"',8,'0',2.00,20.00,500.00,'0'),(409,'F00BV015','BALL VALVE 1,5\" PN 40 MODEL STV 203 Y',7,'0',0.00,0.00,0.00,'1'),(410,'F00BVE02','BALL VALVE MERK EVO 2\"',7,'0',0.00,0.00,0.00,'1'),(411,'F00BW420','BEARING WIKA 29420 E1',8,'0',1.00,20.00,500.00,'0'),(412,'F00BW207','BEARING WIKA 6207',8,'0',1.00,20.00,500.00,'0'),(413,'F00BW208','BEARING WIKA 6208 2ZR',8,'0',1.00,20.00,500.00,'0'),(414,'F00BW209','BEARING WIKA 6209 2ZR',8,'0',1.00,20.00,500.00,'0'),(415,'F00BW210','BEARING WIKA 6210 2ZR',8,'0',1.00,20.00,500.00,'0'),(416,'F00BW211','BEARING WIKA 6211 2ZR',8,'0',1.00,10.00,500.00,'0'),(417,'F00BW212','BEARING WIKA 6212 2ZR',8,'0',1.00,20.00,500.00,'0'),(418,'F00BW213','BEARING WIKA 6213 2ZR',8,'0',1.00,20.00,500.00,'0'),(419,'F00BW306','BEARING WIKA 6306 2ZR',8,'0',1.00,20.00,500.00,'0'),(420,'F00BW307','BEARING WIKA 6307 2ZR',8,'0',1.00,2.00,500.00,'0'),(421,'F00BW308','BEARING WIKA 6308 ZZ C3',8,'0',1.00,20.00,500.00,'0'),(422,'F00BW309','BEARING WIKA 6309 2ZR',8,'0',1.00,20.00,500.00,'0'),(423,'F00BW310','BEARING WIKA 6310',8,'0',1.00,20.00,500.00,'0'),(424,'F00BW311','BEARING WIKA 6311',8,'0',1.00,20.00,200.00,'0'),(425,'F00BW312','BEARING WIKA 6312 2ZR',8,'0',1.00,20.00,200.00,'0'),(426,'F00BW313','BEARING WIKA 6313 2ZR',8,'0',1.00,20.00,200.00,'0'),(427,'F00BW314','BEARING WIKA 22314',8,'0',1.00,20.00,200.00,'0'),(428,'F00BW213','BEARING WIKA 22213EK',8,'0',1.00,20.00,200.00,'0'),(429,'F00BW319','BEARING WIKA 6319',8,'0',1.00,20.00,200.00,'0'),(430,'F00BR212','BEARING SKF TVH 2212',8,'0',1.00,20.00,200.00,'0'),(431,'F00BSS01','BUSH SLEEVE STAINLESS NSC 8000',8,'0',1.00,20.00,200.00,'0'),(432,'F00CRS10','CB 6T ROTOR SHAFT PN-10',7,'0',0.00,0.00,0.00,'1'),(433,'F00CS013','CB 6T C/I SPACER PN-13',7,'0',0.00,0.00,0.00,'1'),(434,'F00CMK01','CB 6T MAIN KEY PN-01',7,'0',0.00,0.00,0.00,'1'),(435,'F00CRT14','CB 6T ROTOR TIE ROD PN-14',7,'0',0.00,0.00,0.00,'1'),(436,'F00CRW19','CB 6T ROTOR WEARING PLATE PN-19B',7,'0',0.00,0.00,0.00,'1'),(437,'F00CE006','CHAIN 6\" EXTENDED 6 LINK',8,'0',1.00,20.00,200.00,'0'),(438,'F00CPD16','COUPLING POMPA DB 50/16',7,'0',0.00,0.00,0.00,'1'),(439,'F00CRV02','CHECK RETURN VALVE 2\"',8,'0',1.00,20.00,200.00,'0'),(440,'F00CRV03','CHECK RETURN VALVE 3\"',8,'0',1.00,20.00,200.00,'0'),(441,'F00CS004','CHAIN SPROCKET 6\" 4 LINK',8,'0',1.00,20.00,200.00,'0'),(442,'F00CS012','CLAMP SLING (u/BOLT) 1/2\"',8,'0',2.00,30.00,300.00,'0'),(443,'F00CS058','CLAMP SLING (u/BOLT) 5/8\"',8,'0',2.00,30.00,300.00,'0'),(444,'F00CP001','CLEAMPING PLATE',7,'0',0.00,0.00,0.00,'1'),(445,'F00CT120','CHAIN TRANSMISI RS 120 X 2R',8,'0',1.00,20.00,200.00,'0'),(446,'F00CV034','CHECK VALVE 3/4\"',7,'0',0.00,0.00,0.00,'1'),(447,'F00COV01','CONNECTOR OIL DRAIN VALVE S/C 0801',7,'0',0.00,0.00,0.00,'1'),(448,'F00CBV01','CONNECTOR BREAKER VALVE',8,'0',1.00,20.00,200.00,'0'),(449,'F00DRM06','DISK RIPLE MILL CAP 6T/JAM 1SET=4PCS                                                                                                                                                                                                                    ',7,'0',0.00,0.00,0.00,'1'),(450,'F00DP015','DISMENTING PLAT CB P15 L/R (RING PRESS)',7,'0',0.00,0.00,0.00,'1'),(451,'F00DNK32','DONGKRAK 32 TON (HYDRAULIC JACK)',7,'0',0.00,0.00,0.00,'1'),(452,'F00DPB01','DOM PIPA BOILER',7,'0',0.00,0.00,0.00,'1'),(453,'F00EAA17','EXPELLER ARM AP 17',8,'0',1.00,20.00,200.00,'0'),(454,'F00EL014','ELBOW 1/4\" STEAM',7,'0',0.00,0.00,0.00,'1'),(455,'F00ELS02','ELBOW STAINLESS 2\"',7,'0',0.00,0.00,0.00,'1'),(456,'F00ES001','ELBOW SCH40 1\"',8,'0',3.00,30.00,500.00,'0'),(457,'F00ES002','ELBOW SCH40 2\"',8,'0',3.00,30.00,500.00,'0'),(458,'F00ES003','ELBOW SCH40 3\"',8,'0',1.00,30.00,500.00,'0'),(459,'F00ES004','ELBOW SCH40 4\"',8,'0',3.00,30.00,500.00,'0'),(460,'F00ES006','ELBOW SCH40 6\'\'',8,'0',3.00,30.00,500.00,'0'),(461,'F00ES015','ELBOW SCH40 1,5\"',8,'0',3.00,30.00,500.00,'0'),(462,'F00EFC01','ELCON FLUID COUPLING',7,'0',0.00,0.00,0.00,'1'),(463,'F00EFR01','ELCON FLUID COUPLING RECONDISI',7,'0',0.00,0.00,0.00,'1'),(464,'F00FB053','FAN BELT BANDO B- 53',8,'0',2.00,30.00,500.00,'0'),(465,'F00FB062','FAN BELT BANDO B- 62',8,'0',2.00,30.00,500.00,'0'),(466,'F00FB065','FAN BELT BANDO B-65',8,'0',2.00,30.00,500.00,'0'),(467,'F00FB074','FAN BELT BANDO B- 74',8,'0',2.00,30.00,500.00,'0'),(468,'F00FBB85','FAN BELT BANDO B-85',8,'0',2.00,30.00,500.00,'0'),(469,'F00FB114','FAN BELT BANDO B114',8,'0',2.00,30.00,500.00,'0'),(470,'F00FB290','FAN BELT BANDO SPC 2900 LW',8,'0',2.00,30.00,500.00,'0'),(471,'F00FB300','FAN BELT BANDO SPC 5300 LW',8,'0',2.00,30.00,500.00,'0'),(472,'F00FB350','FAN BELT BANDO SPB 3350',8,'0',2.00,30.00,500.00,'0'),(473,'F00FB600','FAN BELT BANDO SPC 3600 LW',8,'0',2.00,30.00,500.00,'0'),(474,'F00FB700','FAN BELT MITSUBOSHI SPB 1700',8,'0',2.00,30.00,500.00,'0'),(475,'F00FB900','FAN BELT BANDO SPB 2900 LW',8,'0',2.00,30.00,500.00,'0'),(476,'F00FB950','FAN BELT SPB 1950',8,'0',2.00,30.00,500.00,'0'),(477,'F00FB975','FAN BELT BANDO SPB 2975 LW',8,'0',2.00,30.00,500.00,'0'),(478,'F00FBA08','FLANGE BEARING ASB 208',8,'0',2.00,30.00,500.00,'0'),(479,'F00FBM63','FAN BELT MITSUBOSHI B-63',8,'0',2.00,30.00,500.00,'0'),(480,'F00FBM65','FAN BELT MITSUBOSHI B-65',8,'0',2.00,30.00,500.00,'0'),(481,'F00FBU08','FLANGE BEARING UCF 208 J',8,'0',2.00,30.00,500.00,'0'),(482,'F00FC180','FLEXIBLE COUPLING FCL-180',8,'0',1.00,30.00,500.00,'0'),(483,'F00FC224','FLEXIBLE COUPLING FCL-224',8,'0',1.00,30.00,500.00,'0'),(484,'F00FC250','FLEXIBLE COUPLING FCL-250',8,'0',1.00,30.00,500.00,'0'),(485,'F00FF004','FLEXIBLE FLANGE 4\"',8,'0',1.00,30.00,500.00,'0'),(486,'F00FLG01','FLANGE 1\"',8,'0',2.00,30.00,500.00,'0'),(487,'F00FLG02','FLANGE 2\"',8,'0',2.00,30.00,500.00,'0'),(488,'F00FLG15','FLANGE 1½\"',7,'0',0.00,0.00,0.00,'0'),(489,'F00FLG03','FLANGE 3\" @ 12MM',8,'0',1.00,30.00,500.00,'0'),(490,'F00FLG06','FLANGE 6\"',8,'0',2.00,30.00,500.00,'0'),(491,'F00FLG04','FLANGE 4\"',8,'0',2.00,30.00,500.00,'0'),(492,'F00FT001','FLARING TOOLS',8,'0',5.00,30.00,500.00,'0'),(493,'F00FM114','FAN BELT MITSUBOSHI B-114',8,'0',1.00,30.00,500.00,'0'),(494,'F00FV003','FOOT VALVE 3\"',7,'0',0.00,0.00,0.00,'1'),(495,'F00FV004','FOOT VALVE 4\"',7,'0',0.00,0.00,0.00,'1'),(496,'F00GP009','GLASS PENDUGA (B9 TRANSPARAN GLASS) P:34CM, L:3,5CM, T:17MM',8,'0',1.00,30.00,500.00,'0'),(497,'F00GP012','GLAND PACKING 1/2\"',8,'0',20.00,150.00,800.00,'0'),(498,'F00GPK38','GLAND PACKING 3/8\" (KAIN)',8,'0',20.00,150.00,800.00,'0'),(499,'F00GP038','GLAND PAKING 3/8\"',7,'0',0.00,0.00,0.00,'1'),(500,'F00GPA12','GLAND PACKING ASBESTOS 1/2\"',8,'0',20.00,150.00,500.00,'0'),(501,'F00GV040','GLOVE VALVE 2½\" PN40 DN65 VALMATIC',7,'0',0.00,0.00,0.00,'1'),(502,'F00GV002','GLOBE VALVE 2\" PN 40',7,'0',0.00,0.00,0.00,'1'),(503,'F00GV015','GLOBE VALVE 1,5\" FIG 8S2 VALMATIC',7,'0',0.00,0.00,0.00,'1'),(504,'F00GV003','GLOBE VALVE 3\" PN 40-DN80, P:12\"',7,'0',0.00,0.00,0.00,'1'),(505,'F00HBN15','HT BOLT & NUT 1\" X 15\" (DOUBLE NUT)',7,'0',0.00,0.00,0.00,'1'),(506,'F00HT007','HAND TAPE 4 X 0,7',7,'0',0.00,0.00,0.00,'1'),(507,'F00HT011','HAND TAPE 5/8 X 11',7,'0',0.00,0.00,0.00,'1'),(508,'F00IP250','IMPELLER PUMP TYPE: KPD 40/26 QF CA 15/250 STAINLESS STEEL',7,'0',0.00,0.00,0.00,'1'),(509,'F00IP001','IMPELLER PUMP SESUAI CONTOH STAINLESS STEEL',7,'0',0.00,0.00,0.00,'1'),(510,'F00IPS01','IMPELLER PUMP STAINLESS STEEL',7,'0',0.00,0.00,0.00,'1'),(511,'F00IPC08','INLET PIPE CW PLANGE NSC 8000',7,'0',0.00,0.00,0.00,'1'),(512,'F00KP030','KEW PUMP 3-2 KAPASITAS 30M3/HOURS',7,'0',0.00,0.00,0.00,'1'),(513,'F00KA200','KARET ABU PLUMER BLOCK SNV-200 F-L',7,'0',0.00,0.00,0.00,'1'),(514,'F00KP050','KEW PUMP TYPE KS-SE3, MODEL SEK 50, IMPELLER SIZE 254MM, FLANGE INLET 3\", FLANGE OUTLET 2\", ELECTRO MOTOR TYPE Y2-160M-4 MERK REXTON KW=11, R/MIN=1460',7,'0',0.00,0.00,0.00,'1'),(515,'F00LSC15','LITHENING SHAFT CB P15 L/R',8,'0',1.00,10.00,500.00,'0'),(516,'F00MBB02','MATA BOR BOFA Ø 2MM- 13MM',7,'0',0.00,0.00,0.00,'1'),(517,'F00MS350','MATA SNEPER 17 X 350MM',7,'0',0.00,0.00,0.00,'1'),(518,'F00MG004','MESIN GRENDA HITACHI 4\"',7,'0',0.00,0.00,0.00,'1'),(519,'F00MS112','MECHANICAL SEAL MERK KEW PUMP SEN 100 1½\"',7,'0',0.00,0.00,0.00,'1'),(520,'F00MS050','MECHANICAL SEAL TYPE: KPD 50/32 QF',8,'0',1.00,20.00,500.00,'0'),(521,'F00MS032','MECHANICAL SEAL KPD 50/32 KARBON KRAMIK  1½\"',7,'0',0.00,0.00,0.00,'1'),(522,'F00NK001','NIPPLE KECIL',7,'0',0.00,0.00,0.00,'1'),(523,'F00NS001','NIPPLE SEDANG',7,'0',0.00,0.00,0.00,'1'),(524,'F00NB001','NIPPLE BESAR',7,'0',0.00,0.00,0.00,'1'),(525,'F00NH001','NOZLE HOLDER',7,'0',0.00,0.00,0.00,'1'),(526,'F00NHN01','NOZLE HOLDER NUT (FEMALE)',8,'0',2.00,30.00,500.00,'0'),(527,'F00NSC17','NOZLE SLUDGE CENTRIFUGE 1,7MM',8,'0',2.00,30.00,500.00,'0'),(528,'F00NLA01','NUT ADAFTER AHX 3124 & LOCK WASHER',8,'0',1.00,20.00,500.00,'0'),(529,'F00ORD50','ORING RUBBER Ø OD 50MM, ID 44MM, T 3MM',7,'0',0.00,0.00,0.00,'1'),(530,'F00OS001','ORING SET (INCI & MILLI)',7,'0',0.00,0.00,0.00,'1'),(531,'F00OS002','OIL SEAL 100 X 130 X 12',8,'0',2.00,30.00,500.00,'0'),(532,'F00OS012','OIL SEAL 100 X 120 X 12',8,'0',2.00,30.00,500.00,'0'),(533,'F00OSP01','OIL SEAL PHYTON 100 X 130 X 13',8,'0',2.00,30.00,500.00,'0'),(534,'F00OS013','OIL SEAL 100 X 130 X 13',8,'0',2.00,30.00,500.00,'0'),(535,'F00OSP03','OIL SEAL PHYTON 130 X 150 X 13',8,'0',2.00,30.00,500.00,'0'),(536,'F00OS353','OIL SEAL 130 X 150 X 13',8,'0',0.00,30.00,500.00,'0'),(537,'F00OS100','OIL SEAL 60 X 100 X 10',8,'0',2.00,30.00,500.00,'0'),(538,'F00OS103','OIL SEAL TC 65  X 100 X 13',8,'0',2.00,30.00,500.00,'0'),(539,'F00OS200','OIL SEAL TC 130 X 200 X 12',8,'0',2.00,30.00,500.00,'0'),(540,'F00OS803','OIL SEAL TC 80 X 110 X 13',8,'0',2.00,30.00,500.00,'0'),(541,'F00OS503','OIL SEAL TC 75 X 110 X 13',8,'0',2.00,30.00,500.00,'0'),(542,'F00OS110','OIL SEAL TC 60 x 110 x 12',8,'0',2.00,30.00,500.00,'0'),(543,'F00OS120','OIL SEAL 100 X 120 X  13',8,'0',2.00,30.00,500.00,'0'),(544,'F00OSP13','OIL SEAL PHYTON 130 X 160 X 13',8,'0',2.00,30.00,500.00,'0'),(545,'F00OS130','OIL SEAL 130 X 160 X 13',8,'0',2.00,30.00,500.00,'0'),(546,'F00OS064','OIL SEAL TC 130 X 160 X 14',8,'0',2.00,30.00,500.00,'0'),(547,'F00OS150','OIL SEAL 120 x 150 x 14 TTO',8,'0',2.00,30.00,500.00,'0'),(548,'F00OS160','OIL SEAL 100 X 160 X 13',8,'0',2.00,30.00,500.00,'0'),(549,'F00OS180','OIL SEAL 150 x 180 x 14 TTO',8,'0',2.00,30.00,500.00,'0'),(550,'F00OS072','OIL SEAL TC 72 X 90 X 10',8,'0',2.00,30.00,500.00,'0'),(551,'F00OS030','OIL SEAL TC 30 X 50 X 10',8,'0',2.00,30.00,500.00,'0'),(552,'F00OS552','OIL SEAL TC 45 X 65 X 12',8,'0',2.00,30.00,500.00,'0'),(553,'F00OS522','OIL SEAL TC 45 X 62 X 12',8,'0',2.00,30.00,500.00,'0'),(554,'F00OS007','OIL SEAL TC 32 X 45 X 7',8,'0',2.00,30.00,500.00,'0'),(555,'F00OSG30','OIL SEAL GEARBOX 30-44-07',8,'0',2.00,30.00,500.00,'0'),(556,'F00OSG62','OIL SEAL GEARBOX 62-120-12',8,'0',2.00,30.00,500.00,'0'),(557,'F00OS515','OIL SEAL SPA 1515',7,'0',0.00,0.00,0.00,'1'),(558,'F00OS519','OIL SEAL SPA 1519',7,'0',0.00,0.00,0.00,'1'),(559,'F00OS528','OIL SEAL SPA 1528',7,'0',0.00,0.00,0.00,'1'),(560,'F00OSA28','OIL SEAL SPA 1528-a',7,'0',0.00,0.00,0.00,'1'),(561,'F00PSJ05','PER SPRING JACK 5MM',7,'0',0.00,0.00,0.00,'1'),(562,'F00PB180','PLUMER BLOCK  SNV 180 F-L',8,'0',1.00,30.00,500.00,'0'),(563,'F00PB316','PLUMER BLOCK SNL 516-613 FAG, BEARING FAG 22216E1-K-C3 & ADAFTER AHX H316',7,'0',0.00,0.00,0.00,'1'),(564,'F00PB313','PLUMER BLOCK SNL 513-611 FAG, BEARING FAG 22213E1-K-C3 & ADAFTER SLEEVE H313',7,'0',0.00,0.00,0.00,'1'),(565,'F00PCC15','PRESS CAKE CB P15',8,'0',1.00,10.00,200.00,'0'),(566,'F00PG001','PIPA GALVANIS 1\"',8,'0',1.00,20.00,500.00,'0'),(567,'F00PG002','PIPA GALVANIS MEDIUM 2\"',7,'0',0.00,0.00,0.00,'1'),(568,'F00PS002','PIPA SCH40 2\" P=15 CM (PAKAI DRAT)',7,'0',0.00,0.00,0.00,'1'),(569,'F00PG006','PIPA GALVANIS 6\"',7,'0',0.00,0.00,0.00,'1'),(570,'F00PK001','PACKING KARET 1M X 2M X 3M',7,'0',0.00,0.00,0.00,'1'),(571,'F00PK005','PACKING KARET 5MM',7,'0',0.00,0.00,0.00,'1'),(572,'F00PK006','PACKING KARET 6MM',8,'0',1.00,30.00,500.00,'0'),(573,'F00PK004','PACKING KARET 4MM',8,'0',1.00,20.00,500.00,'0'),(574,'F00PK008','PACKING KARET 8MM',8,'0',1.00,20.00,500.00,'0'),(575,'F00PKL03','PACKING KLINGERIT 9000 @ 5MM',8,'0',1.00,20.00,500.00,'0'),(576,'F00PB240','PLAT BUNGA 120 X 240 X 5MM',8,'0',1.00,20.00,500.00,'0'),(577,'F00PLT04','PLAT 120 X 240 X 4MM',8,'0',1.00,20.00,500.00,'0'),(578,'F00PS008','PLAT STRIP 120 X 240 X 8MM',8,'0',1.00,20.00,500.00,'0'),(579,'F00PS050','PLAT STRIP 50 X 8MM',7,'0',0.00,0.00,0.00,'1'),(580,'F00PS056','PLAT STRIP 50MM X 5MM X 6M',7,'0',0.00,0.00,0.00,'1'),(581,'F00PS080','PLAT STRIP 80 X 10MM',7,'0',0.00,0.00,0.00,'1'),(582,'F00PRN12','PACKING PINTU REBUSAN NBR DIA.1200MM',8,'0',2.00,20.00,500.00,'0'),(583,'F00PRW01','PACKING PINTU REBUSAN WANG YUEN',7,'0',0.00,0.00,0.00,'1'),(584,'F00PT001','PACKING TOMBO 1MM X 1200 X 1200',7,'0',0.00,0.00,0.00,'1'),(585,'F00PS001','PACKING STEAM 1MM',7,'0',0.00,0.00,0.00,'1'),(586,'F00PS003','PACKING STEAM 3MM',7,'0',0.00,0.00,0.00,'1'),(587,'F00PS005','PACKING STEAM 5MM',7,'0',0.00,0.00,0.00,'1'),(588,'F00PS001','PIPA SCH40 1\"',8,'0',1.00,30.00,500.00,'0'),(589,'F00PS112','PIPA SCH40 1½\"',7,'0',0.00,0.00,0.00,'1'),(590,'F00PS343','PIPA SCH40 3/4 X 3MM',7,'0',0.00,0.00,0.00,'1'),(591,'F00PS003','PIPA SCRIMMER 3\"',7,'0',0.00,0.00,0.00,'1'),(592,'F00PS034','PIPA SCH40 3/4\"',7,'0',0.00,0.00,0.00,'1'),(593,'F00PS003','PIPA STAINLESS 3\" T:5MM',7,'0',0.00,0.00,0.00,'1'),(594,'F00PS002','PIPA STAINLESS 2\"',8,'0',1.00,20.00,500.00,'0'),(595,'F00PS015','PIPA STEAM 1,5\"',7,'0',0.00,0.00,0.00,'1'),(596,'F00PS050','PLAT STRIP 50 MM',7,'0',0.00,0.00,0.00,'1'),(597,'F00PT003','PACKING TOMBO 3MM',7,'0',0.00,0.00,0.00,'1'),(598,'F00PTV01','PER TEKAN VIBRATING',8,'0',1.00,20.00,500.00,'0'),(599,'F00PTV02','PER TARIK VIBRATING',8,'0',1.00,20.00,500.00,'0'),(600,'F00PTB05','PACKING TBA 0,5MM',7,'0',0.00,0.00,0.00,'1'),(601,'F00PTL08','PULLY TUPPER LOCK B3 8\"',7,'0',0.00,0.00,0.00,'1'),(602,'F00PLY06','PULLY 6\" Ø AS = Ø ELEKTRO MOTOR YANG DI ORDER ',7,'0',0.00,0.00,0.00,'1'),(603,'F00PUL10','PULLY 10\" C5 (TUPPER LOCK)',7,'0',0.00,0.00,0.00,'1'),(604,'F00PTL11','PULLY JENIS SPC 11\" B6 MODEL TUPPER LOCK',7,'0',0.00,0.00,0.00,'1'),(605,'F00PUL14','PULLY 14\" C5 (TUPPER LOCK)',7,'0',0.00,0.00,0.00,'1'),(606,'F00PUH04','PU HOUSE 6 X 4MM',8,'0',20.00,300.00,800.00,'0'),(607,'F00PVS01','PACKING VIBRATING SCREEN',8,'0',2.00,30.00,500.00,'0'),(608,'F00RBR30','ROTOR BAR RIPLE MILL 19MM X 430 MM',8,'0',15.00,100.00,800.00,'0'),(609,'F00RBR95','ROTOR BAR RIPLE MILL 19MM X 390 MM',8,'0',15.00,100.00,800.00,'0'),(610,'F00RGS01','ROTOR DAN GULUNGAN JENIS SNEPER',7,'0',0.00,0.00,0.00,'1'),(611,'F00RCC04','REXTON CONVEYOR CHAIN 4\" (1 ROLL=3,048 MTR)',7,'0',0.00,0.00,0.00,'1'),(612,'F00RC100','RUBBER COUPLING L/SW 100-302',8,'0',3.00,30.00,500.00,'0'),(613,'F00RC110','RUBBER COUPLING L/SW 110-404',8,'0',2.00,30.00,500.00,'0'),(614,'F00RCB01','RUBBER COUPLING BINTANG L/SW 110-404',8,'0',2.00,30.00,500.00,'0'),(615,'F00RCF03','RUBBER COUPLING F3',8,'0',2.00,30.00,500.00,'0'),(616,'F00RCF04','RUBBER COUPLING F4',8,'0',2.00,30.00,500.00,'0'),(617,'F00RCF05','RUBBER COUPLING F5',8,'0',2.00,30.00,500.00,'0'),(618,'F00RCF06','RUBBER COUPLING F6',8,'0',2.00,30.00,500.00,'0'),(619,'F00RCF07','RUBBER COUPLING F7',8,'0',2.00,30.00,500.00,'0'),(620,'F00RCW01','RUBBER COUPLING POMPA WADUK',8,'0',2.00,30.00,500.00,'0'),(621,'F00RED01','REDUCER 1\" - 3/4\"',7,'0',0.00,0.00,0.00,'1'),(622,'F00RN012','RING (NOZLE) 020/12 X 1,5',8,'0',15.00,100.00,800.00,'0'),(623,'F00RN016','RING (NOZLE) 016/10 X 1,5',8,'0',15.00,100.00,800.00,'0'),(624,'F00LDB25','ROOSTER (LANTAI DAPUR BOILER) P:85CM, L:15CM, T:150MM MERK MACKENZIE CAP 25.000 KG/HOUR',7,'0',0.00,0.00,0.00,'1'),(625,'F00SAA17','SHORT ARM AP 17 ',7,'0',0.00,0.00,0.00,'1'),(626,'F00SB001','SQUARE BAR 1\"',7,'0',0.00,0.00,0.00,'1'),(627,'F00SB019','SHOCKET BOR Ø 19 MM',7,'0',0.00,0.00,0.00,'1'),(628,'F00SBD18','SOCKET BOR 18\"',7,'0',0.00,0.00,0.00,'1'),(629,'F00SBM01','SOCKET BOR MAGNET',7,'0',0.00,0.00,0.00,'1'),(630,'F00SC001','SPACER COUPLING L/SW 110-404',8,'0',1.00,20.00,500.00,'0'),(631,'F00SC100','SPACER COUPLING RSS -100/140',8,'0',1.00,20.00,500.00,'0'),(632,'F00SC140','SPACER COUPLING RSS -100/140 (PENDEK)',8,'0',1.00,20.00,500.00,'0'),(633,'F00SC100','SPACER COUPLING L/SW 100-302 (PENDEK)',8,'0',1.00,20.00,500.00,'0'),(634,'F00SC404','SPACER COUPLING L/SW 110-404 (PENDEK)',8,'0',1.00,20.00,500.00,'0'),(635,'F00SH001','SOCKET HYD',7,'0',0.00,0.00,0.00,'1'),(636,'F00SKT04','SPROKET 4\" 8T BUBUT SCRAB',7,'0',0.00,0.00,0.00,'1'),(637,'F00SN001','SOCKET NIPPLE',7,'0',0.00,0.00,0.00,'1'),(638,'F00SOC14','SOCKET 1/4\" STEAM',7,'0',0.00,0.00,0.00,'1'),(639,'F00SPR04','SPROCKET 4\" X 10T REXTON',7,'0',0.00,0.00,0.00,'1'),(640,'F00SPR19','SPROCKET 80 -2 X 19 T',7,'0',0.00,0.00,0.00,'1'),(641,'F00SPR35','SPROCKET 80 -2 X 35 T',7,'0',0.00,0.00,0.00,'1'),(642,'F00SSR01','SPRINGE (SETELAN RANTAI + Socket Drat + Per)',7,'0',0.00,0.00,0.00,'1'),(643,'F00STD80','SEAL TELPON Ø OD 80MM, ID 66MM, T 1MM',7,'0',0.00,0.00,0.00,'1'),(644,'F00TB210','TAKE UP BEARING UCF 210',7,'0',0.00,0.00,0.00,'1'),(645,'F00TB210','TAKE UP BEARING UCT 210 MZD',8,'0',1.00,20.00,500.00,'0'),(646,'F00TBC14','TAKE UP BEARING UC 214 ASAHI',8,'0',1.00,20.00,500.00,'0'),(647,'F00TRN01','TIE ROD NUT L/R',8,'0',1.00,20.00,500.00,'0'),(648,'F00TL400','TRAVO LAS WELTECH 400A',7,'0',0.00,0.00,0.00,'1'),(649,'F00TL200','TRAVO LAS INVERTER MERK REDBO TIG-S 200',7,'0',0.00,0.00,0.00,'1'),(650,'F00VB003','VALVE BUTTERFLY 3\"',8,'0',1.00,20.00,500.00,'0'),(651,'F00VB004','VALVE BUTTERFLAY 4\"',8,'0',1.00,20.00,500.00,'0'),(652,'F00VB008','VALVE BUTTERFLAY 8\"',8,'0',1.00,20.00,500.00,'0'),(653,'F00VB006','VALVE BUTTERFLAY 6\"',8,'0',1.00,20.00,500.00,'0'),(654,'F00VBA01','V.BLOCK ARM DIGESTER',7,'0',0.00,0.00,0.00,'1'),(655,'F00VO006','VALVE OTOMATIS 6\" (MODEL BUTTERFLY)',8,'0',1.00,20.00,500.00,'0'),(656,'F00VO008','VALVE OTOMATIS 8\" (MODEL BUTTERFLY)',8,'0',1.00,20.00,500.00,'0'),(657,'F00WLS01','WORM LITHENING SHAFT (PROTECTION NUT)',7,'0',0.00,0.00,0.00,'1'),(658,'F00WM005','W.MESH M-5 2MM STAINLESS STEEL 4\' X 8\'',7,'0',0.00,0.00,0.00,'1'),(659,'F00WM020','WIRE MESH 20',8,'0',1.00,20.00,500.00,'0'),(660,'F00WM030','WIRE MESH 30',8,'0',1.00,20.00,500.00,'0'),(661,'F00WM040','WIRE MESH 40',8,'0',1.00,20.00,500.00,'0'),(662,'F00WSC15','WORM SCREEW CB P15 L/R',8,'0',1.00,20.00,200.00,'0'),(663,'F00SCV03','SWING CHECK VALVE 3\"',7,'0',0.00,0.00,0.00,'1'),(664,'F00PLI07','POLI 7\" + BUBUT  DAN SCRAB',7,'0',0.00,0.00,0.00,'1'),(665,'F00PLI14','POLI 14\" + BUBUT  DAN SCRAB',7,'0',0.00,0.00,0.00,'1'),(666,'F00FBB43','FAN BELT BANDO B-43',8,'0',2.00,20.00,500.00,'0'),(667,'F00FB400','FAN BELT SPB 2400',8,'0',2.00,30.00,500.00,'0'),(668,'F00APR01','AS POMPA RECLAIMED',7,'0',0.00,0.00,0.00,'1'),(669,'F00BPR01','BUSHING POMPA RECLAIMED',8,'0',1.00,20.00,500.00,'0'),(670,'F00FBB80','FAN BELT BANDO B-80',8,'0',2.00,20.00,500.00,'0'),(671,'F00BWR04','BLOWER 4\"',7,'0',0.00,0.00,0.00,'1'),(672,'F00OS075','OIL SEAL TC 60 x 75 x 10mm',8,'0',2.00,30.00,500.00,'0'),(673,'F00BF018','BEARING FAG 6013 2ZR. C3',8,'0',1.00,20.00,500.00,'0'),(674,'F00FFB01','AS PSPROCKET FFB SCRAPPER (SESUAI GAMBAR)',8,'0',1.00,20.00,500.00,'0'),(675,'F00PG003','PIPA GALVANIS 3\"',7,'0',0.00,0.00,0.00,'1'),(676,'F00NSC80','INLET PN02 NSC 8000L',8,'0',1.00,20.00,500.00,'0'),(677,'F00BS056','BESI SIKU : 30 X 50 X 5 X 6M',7,'0',0.00,0.00,0.00,'1'),(678,'F00SC403','PIPA SCH40 3\"         ',7,'0',0.00,0.00,0.00,'1'),(679,'F00BS566','BESI SIKU : 75 X 75 X 6 X 6M',7,'0',0.00,0.00,0.00,'1'),(680,'F00SNI56','BESI SIKU (SNI) : 50 X 50 X 5 X 6M',7,'0',0.00,0.00,0.00,'1'),(681,'F00SC201','PIPA SCH20 1\"',7,'0',0.00,0.00,0.00,'1'),(682,'F00SSS34','PIPA SCH20 STAINLESS STEEL 3/4\"',7,'0',0.00,0.00,0.00,'1'),(683,'F00SSS01','PIPA SCH20 STAINLESS STEEL 1\"',7,'0',0.00,0.00,0.00,'1'),(684,'F00SSS02','PIPA SCH20 STAINLESS STEEL 2\"',7,'0',0.00,0.00,0.00,'1'),(685,'F00BP048','BESI PLAT 12MM X 4M X 8M',7,'0',0.00,0.00,0.00,'1'),(686,'F00PS006','PACKING STEAM 6MM',7,'0',0.00,0.00,0.00,'1'),(687,'F00PS004','PACKING STEAM 4MM',7,'0',0.00,0.00,0.00,'1'),(688,'F00KPG01','KLEM PIPA GALVANIS',7,'0',0.00,0.00,0.00,'1'),(689,'F00BS256','BESI SIKU 2,5 X 2,5 X 6M',7,'0',0.00,0.00,0.00,'1'),(690,'F00TBA03','PACKING TBA 3MM',7,'0',0.00,0.00,0.00,'1'),(691,'F00CVS40','CHECK VALVE STEAM 2\" PN 40',7,'0',0.00,0.00,0.00,'1'),(692,'F00GVS40','GLOBE VALVE STEAM 2\" PN 40',7,'0',0.00,0.00,0.00,'1'),(693,'F00BRG29','BEARING 629 ZR',7,'0',0.00,0.00,0.00,'1'),(694,'F00PS001','PIPA STEAM 1\"',7,'0',0.00,0.00,0.00,'1'),(695,'F00PG065','PIPA GALVANIS 6 X 5MM',7,'0',0.00,0.00,0.00,'1'),(696,'F00PG045','PIPA GALVANIS 4\" X 5MM',7,'0',0.00,0.00,0.00,'1'),(697,'F00PS253','PLAT STRIP 25 X 3MM',7,'0',0.00,0.00,0.00,'1'),(698,'F00PLT06','PLAT 120 X 240 X 6MM',7,'0',0.00,0.00,0.00,'1'),(699,'F00PB004','PLAT BUNGA 120 X 240 X 4MM',7,'0',0.00,0.00,0.00,'1'),(700,'F00PS002','PIPA STEAM 2\"',7,'0',0.00,0.00,0.00,'1'),(701,'F00BS050','BELT SPB 3050 \"MITSUBOSHI\"',8,'0',2.00,20.00,500.00,'0'),(702,'F00MS045','MECHANICAL SEAL DIA 45MM',8,'0',1.00,20.00,500.00,'0'),(703,'F00OS447','OIL SEAL TC 30 X 44 X 7',8,'0',2.00,20.00,200.00,'0'),(704,'F00GSS01','GALAXI SIVTEK SPRING',8,'0',1.00,20.00,500.00,'0'),(705,'F00BV008','BUTTERFLY VALVE 8\"',7,'0',0.00,0.00,0.00,'1'),(706,'F00BV006','BUTTERFLY VALVE 6\"',7,'0',0.00,0.00,0.00,'1'),(707,'F00FAG62','BEARING FAG 6211 2ZR',8,'0',1.00,20.00,500.00,'0'),(708,'F00FAG63','BEARING FAG 6311',8,'0',1.00,20.00,200.00,'0'),(709,'F00SM880','SHAFT MTR, 7225, DIA 65 X L 880 SPROCKET CS 4\" X 10 T',7,'0',0.00,0.00,0.00,'1'),(710,'F00SM740','SHAFT MTR, 7225, DIA 65 X L 740 SPROCKET CS 4\" X 10 T',7,'0',0.00,0.00,0.00,'1'),(711,'F00SM150','SHAFT MTR, 7225, DIA 80 X L1, 150 SPROCKET CS 4\" X 10 T',7,'0',0.00,0.00,0.00,'1'),(712,'F00SM050','SHAFT MTR, 7225, DIA 80 X L1, 050 SPROCKET CS 4\" X 10 T',7,'0',0.00,0.00,0.00,'1'),(713,'G00BB001','BENANG NYLON BANGUNAN',12,'0',1.00,20.00,200.00,'0'),(714,'G00EJ001','ENGSEL JENDELA',12,'0',1.00,20.00,200.00,'0'),(715,'G00ELB02','ELBOW 2\"',12,'0',1.00,20.00,200.00,'0'),(716,'G00ELB03','ELBOW PVC 3\"',12,'0',1.00,20.00,200.00,'0'),(717,'G00ELB04','ELBOW PVC 4\"',12,'0',1.00,20.00,200.00,'0'),(718,'G00ELB06','ELBOW PVC 6\"',12,'0',1.00,20.00,200.00,'0'),(719,'G00ELB08','ELBOW PVC 8\"',12,'0',1.00,20.00,200.00,'0'),(720,'G00ELB15','ELBOW PVC 1,5\"',12,'0',1.00,20.00,200.00,'0'),(721,'G00ELT02','ELBOW T PVC 2\"',12,'0',1.00,20.00,200.00,'0'),(722,'G00ELT03','ELBOW T PVC 3\"',12,'0',1.00,20.00,200.00,'0'),(723,'G00ELT04','ELBOW T PVC 4\"',12,'0',1.00,20.00,200.00,'0'),(724,'G00ELT06','ELBOW T PVC 6\"',12,'0',1.00,20.00,200.00,'0'),(725,'G00ELY04','ELBOW Y PVC 4\"',12,'0',1.00,20.00,200.00,'0'),(726,'G00ELY06','ELBOW Y PVC 6\"',12,'0',1.00,20.00,200.00,'0'),(727,'G00ELY08','ELBOW Y PVC 8\"',12,'0',1.00,20.00,200.00,'0'),(728,'G00EP001','ENGSEL PINTU',12,'0',1.00,20.00,200.00,'0'),(729,'G00EP034','ELBOW PARALON 3/4\"',12,'0',1.00,20.00,200.00,'0'),(730,'G00FPP04','FLANGE PIPA PVC 4\"',12,'0',2.00,30.00,300.00,'0'),(731,'G00FPP08','FLANGE PIPA PVC 8\"',12,'0',2.00,20.00,200.00,'0'),(732,'','FLANGE PIPA PVC 8\"',7,'0',0.00,0.00,0.00,'1'),(733,'G00GPU01','GRENDEL PINTU',7,'0',0.00,0.00,0.00,'1'),(734,'G00KC001','KUAS CAT 1\"',12,'0',1.00,20.00,200.00,'0'),(735,'G00KC002','KUAS CAT 2\"',12,'0',1.00,20.00,200.00,'0'),(736,'G00KC003','KUAS CAT 3\"',12,'0',1.00,20.00,200.00,'0'),(737,'G00KC004','KUAS CAT 4\"',12,'0',1.00,20.00,200.00,'0'),(738,'G00KC015','KUAS CAT 1,5\"',12,'0',1.00,20.00,200.00,'0'),(739,'G00KR009','KUAS ROLL BESAR',12,'0',1.00,20.00,200.00,'0'),(740,'G00PBE01','PAKU BETON 3\"',12,'0',1.00,50.00,800.00,'0'),(741,'G00PBE02','PAKU BETON 2\"',12,'0',1.00,50.00,800.00,'0'),(742,'G00PBE04','PAKU BETON 4\"',12,'0',1.00,50.00,800.00,'0'),(743,'G00PBE15','PAKU BETON 1,5\"',7,'0',0.00,0.00,0.00,'0'),(744,'G00PKU01','PAKU 1\"',7,'0',0.00,0.00,0.00,'0'),(745,'G00PKU02','PAKU 2\"',7,'0',0.00,0.00,0.00,'0'),(746,'G00PKU25','PAKU 2,5\"',7,'0',0.00,0.00,0.00,'1'),(747,'G00PKU03','PAKU 3\"',12,'0',1.00,30.00,200.00,'0'),(748,'G00PKU04','PAKU 4\"',12,'0',1.00,20.00,200.00,'0'),(749,'G00PKU05','PAKU 5\"',12,'0',1.00,20.00,200.00,'0'),(750,'G00PKU15','PAKU 1,5\"',12,'0',1.00,20.00,200.00,'0'),(751,'G00PP004','PIPA PVC 4\" AW MERK WAVIN',12,'0',5.00,50.00,500.00,'0'),(752,'G00PP006','PIPA PARALON 6\"',7,'0',0.00,0.00,0.00,'1'),(753,'G00PP008','PIPA PVC 8\"',12,'0',1.00,20.00,200.00,'0'),(754,'G00PP034','PIPA PARALON 3/4\"',7,'0',0.00,0.00,0.00,'1'),(755,'G00PPC02','PIPA PVC 2\"',12,'0',1.00,20.00,200.00,'0'),(756,'G00PPC03','PIPA PVC 3\"',12,'0',1.00,20.00,200.00,'0'),(757,'G00PPW04','PIPA PARALON WAVIN 4\" X 6M',7,'0',0.00,0.00,0.00,'1'),(758,'G00PS001','PAKU SENG',12,'0',1.00,30.00,500.00,'0'),(759,'G00PTR01','PAKU TRIPLEK',7,'0',0.00,0.00,0.00,'1'),(760,'G00PW004','PIPA WAVIN 4\"',12,'0',3.00,50.00,500.00,'0'),(761,'G00RED04','SAMBUNGAN 4\" X 3\"',12,'0',1.00,20.00,200.00,'0'),(762,'G00SAM42','SAMBUNGAN 4\" x 2\"',7,'0',0.00,0.00,0.00,'0'),(763,'G00RKK01','REFIL KUAS ROLL KECIL',7,'0',0.00,0.00,0.00,'0'),(764,'G00SAM02','SAMBUNGAN 2\"',12,'0',1.00,10.00,500.00,'0'),(765,'G00SAM03','SAMBUNGAN 3\"',12,'0',2.00,30.00,200.00,'0'),(766,'G00SR004','SAMBUNGAN PVC MERK RUCIKA 4\"',7,'0',0.00,0.00,0.00,'0'),(767,'G00SAM04','SAMBUNGAN 4\"',12,'0',2.00,30.00,500.00,'0'),(768,'G00SAM06','SAMBUNGAN 6\"',12,'0',1.00,20.00,200.00,'0'),(769,'G00SAM08','SAMBUNGAN 8\"',12,'0',1.00,20.00,200.00,'0'),(770,'G00SAM34','SOCKET PARALON 3/4\"',7,'0',0.00,0.00,0.00,'0'),(771,'G00SM001','SEMEN MICRO',7,'0',0.00,0.00,0.00,'1'),(772,'G00SP001','SEMEN PADANG',12,'0',5.00,50.00,200.00,'0'),(773,'G00SS001','SEMEN SIKA',7,'0',0.00,0.00,0.00,'1'),(774,'G00TA001','TOLANG ANGIN JENDELA',7,'0',0.00,0.00,0.00,'1'),(775,'G00TNR05','THINNER 5 LTR',12,'0',1.00,20.00,200.00,'0'),(776,'G00TRD15','\"T\" REDUSER 1,5 X 1 X 1,5 PVC',12,'0',1.00,20.00,200.00,'0'),(777,'G00TRD20','\"T\" REDUSER 2 X 1 X 2 PVC',12,'0',1.00,20.00,200.00,'0'),(778,'G00TTP04','TUTUP 4\"',7,'0',0.00,0.00,0.00,'1'),(779,'G00ELB04','ELBOW 45° PVC 4\"',7,'0',0.00,0.00,0.00,'0'),(780,'G00PVC06','FLANGE PIPA PVC 6\"',12,'0',1.00,20.00,200.00,'0'),(781,'TOTAL ','',7,'0',0.00,0.00,0.00,'1'),(782,'K00AL098','ALKOHOL 98% IPAL @ 35LTR',13,'0',1.00,20.00,200.00,'0'),(783,'K00ARS01','ACID REAGENT FOR HR SILICA \"HACH\" CAT.1454599PK/100',13,'0',1.00,20.00,200.00,'0'),(784,'K00CA001','CITRIC ACID \"HACH\" CAT.1454999PK/100',13,'0',1.00,20.00,200.00,'0'),(785,'K00CC001','CALSIUM CARBONATE',13,'0',100.00,450.00,1000.00,'0'),(786,'K00FIR01','FEROVER IRON REAGENT \"HACH\" CAT.927-99PK/100',13,'0',1.00,20.00,200.00,'0'),(787,'K00FLO01','FLOCKGULANT @ 20KG',13,'0',1.00,20.00,200.00,'0'),(788,'K00GR001','GARAM @ 50 KGS',13,'0',4.00,35.00,500.00,'0'),(789,'K00KT001','KAPUR TOHOR',13,'0',1.00,20.00,200.00,'0'),(790,'K00LPH01','LOCIS PLASTIK W/HIJAU',13,'0',1000.00,5000.00,10000.00,'0'),(791,'K00MRS01','MOLYBDATE REAGENT FOR SILICA \"HACH\" CAT.1454699PK/100',13,'0',1.00,20.00,200.00,'0'),(792,'K00NH001','N-HEXANE',13,'0',20.00,100.00,1000.00,'0'),(793,'K00NHC03','NaHCO3',13,'0',1.00,20.00,200.00,'0'),(794,'K00NHC04','NH4CI',13,'0',1.00,20.00,200.00,'0'),(795,'K00PEL05','PLASTIK ES LILIN UK.5 X 20CM',13,'0',1.00,20.00,200.00,'0'),(796,'K00PG002','PLASTIK GULA 2KG UK.18 X 25CM',13,'0',1.00,30.00,200.00,'0'),(797,'K00PPR03','PHOSVER 3 PHOSPHATE REAGENT \"HACH\" CAT.2209-99PK/100',13,'0',1.00,20.00,200.00,'0'),(798,'K00SA001','SODA ASH LIGH 98 % @ 40 KG',13,'0',5.00,50.00,200.00,'0'),(799,'K00SEB02','SYSCHEM ENZIM BIO AM 02 @ 30 LTR',13,'0',1.00,20.00,200.00,'0'),(800,'K00SR003','SILICA 3 REAGENT \"HACH\" CAT.27169',13,'0',1.00,20.00,200.00,'0'),(801,'K00SSA02','SSA-2 @ 50ML',13,'0',1.00,20.00,200.00,'0'),(802,'K00SSO01','SSO - 1',13,'0',1.00,20.00,200.00,'0'),(803,'K00SSO02','SSO -2',13,'0',1.00,20.00,200.00,'0'),(804,'K00SSO03','SSO - 3',13,'0',1.00,20.00,200.00,'0'),(805,'K00STH02','STH - 2',13,'0',1.00,20.00,200.00,'0'),(806,'K00STH03','STH - 3',13,'0',1.00,20.00,200.00,'0'),(807,'K00SY001','BESTCHEM 8001 @ 30 KG (ALKALI BOOSTER)',13,'0',2.00,10.00,500.00,'0'),(808,'K00SY101','BESTCHEM 8101 @30KG (OXIGENT SCAVANGER)',13,'0',3.00,10.00,500.00,'0'),(809,'K00SY201','BESTCHEM 8201 @ 30 KG (ANTI SCALANT)',13,'0',2.00,10.00,500.00,'0'),(810,'K00SY210','BESTCHEM 8800 @ 30KG (POLYMER)',13,'0',2.00,10.00,500.00,'0'),(811,'K00SY003','BESTCHEM 8303 @ 25KG (PAC)',13,'0',6.00,35.00,800.00,'0'),(812,'K00TW001','TAWAS @ 50 KG',13,'0',5.00,30.00,200.00,'0'),(813,'K00UI014','UNIVERSAL INDIKATOR PH 0-14 (KERTAS LAKMUS)',13,'0',1.00,30.00,200.00,'0'),(814,'K00NHO03','NH3OH 25% @ 2,5 L',13,'0',1.00,20.00,200.00,'0'),(815,'N00BDA01','BAN DALAM ANGKONG',14,'0',1.00,30.00,200.00,'0'),(816,'N00BLA01','BAN LUAR ANGKONG',14,'0',1.00,20.00,200.00,'0'),(817,'N00BMA01','BAN MATI ANGKONG',14,'0',1.00,20.00,200.00,'0'),(818,'FILTER 32/925915','FILTER 32/925915',7,'0',1.00,20.00,200.00,'0'),(819,'FILTER D4K 299-8229 / FILTER SOLAR','FILTER D4K 299-8229 / FILTER SOLAR',7,'0',1.00,20.00,200.00,'0'),(820,'FILTER 320-04133','FILTER 320-04133',7,'0',1.00,20.00,200.00,'0'),(821,'FILTER 326-1643','FILTER 326-1643',7,'0',1.00,20.00,200.00,'0'),(822,'FILTER 326-1644','FILTER 326-1644',7,'0',1.00,20.00,200.00,'0'),(823,'FILTER P 177047','FILTER P 177047',7,'0',1.00,20.00,200.00,'0'),(824,'FILTER 1R 0751','FILTER 1R 0751',7,'0',1.00,20.00,200.00,'0'),(825,'OIL FILTER 1R 0739','OIL FILTER 1R 0739',7,'0',1.00,20.00,2000.00,'0'),(826,'FILTER A 51-8670','FILTER A 51-8670',7,'0',1.00,20.00,200.00,'0'),(827,'FILTER HIDROLIK 093-7521','FILTER HIDROLIK 093-7521',7,'0',1.00,20.00,200.00,'0'),(828,'FILTER CH 10930','FILTER CH 10930',7,'0',1.00,20.00,200.00,'0'),(829,'FILTER CH 10931','FILTER CH 10931',7,'0',1.00,20.00,200.00,'0'),(830,'FILTER 308-7298','FILTER 308-7298',7,'0',1.00,20.00,200.00,'0'),(831,'FILTER PERKINS 10929','FILTER PERKINS 10929',7,'0',1.00,20.00,200.00,'0'),(832,'FILTER SOLAR 40330-60470','FILTER SOLAR 40330-60470',7,'0',1.00,20.00,200.00,'0'),(833,'FILTER SOLAR ATAS','FILTER SOLAR ATAS',7,'0',1.00,20.00,200.00,'0'),(834,'FILTER SOLAR BAWAH','FILTER SOLAR BAWAH',7,'0',1.00,20.00,200.00,'0'),(835,'FILTER OLI 320/04133','FILTER OLI 320/04133',7,'0',1.00,20.00,200.00,'0'),(836,'FILTER SOLAR 320/07394','FILTER SOLAR 320/07394',7,'0',1.00,20.00,200.00,'0'),(837,'FILTER OLI TURBIN SFC 5725 E25 MICRON','FILTER OLI TURBIN SFC 5725 E25 MICRON',7,'0',1.00,20.00,200.00,'0'),(838,'FILTER BUANGAN OLI POWER PACK','FILTER BUANGAN OLI POWER PACK',7,'0',1.00,20.00,200.00,'0'),(839,'FILTER FLANGE STRAINER DN80 P:135MM, Ø L:80MM, Ø D','FILTER FLANGE STRAINER DN80 P:135MM, Ø L:80MM, Ø D:77MM, TEBAL:3MM, MESH Ø LUBANG 40',7,'0',0.00,0.00,0.00,'1'),(840,'OIL FILTER FL 4495','OIL FILTER FL 4495',7,'0',1.00,20.00,200.00,'0'),(841,'KIT SEAL','KIT SEAL',7,'0',1.00,20.00,200.00,'0'),(842,'FUEL FILTER','FUEL FILTER',7,'0',1.00,20.00,200.00,'0'),(843,'FUEL FILTER J86-20080','FUEL FILTER J86-20080',15,'0',1.00,20.00,200.00,'0'),(844,'FUEL FILTER','FUEL FILTER',7,'0',1.00,20.00,200.00,'0'),(845,'FUEL FILTER FK 6080','FUEL FILTER FK 6080',7,'0',1.00,20.00,200.00,'0'),(846,'FILTER OLI U/DYNA 130 HT','FILTER OLI U/DYNA 130 HT',7,'0',1.00,20.00,200.00,'0'),(847,'OIL FILTER','OIL FILTER',7,'0',1.00,20.00,200.00,'0'),(848,'FILTER HIDROLIK DONALSON P 164378','FILTER HIDROLIK DONALSON P 164378',7,'0',1.00,20.00,200.00,'0'),(849,'FILTER UDARA BESAR (293-4053)','FILTER UDARA BESAR (293-4053)',7,'0',1.00,20.00,200.00,'0'),(850,'FILTER UDARA KECIL (227-7449)','FILTER UDARA KECIL (227-7449)',7,'0',1.00,20.00,200.00,'0'),(851,'U00BG004','BATU GERINDA 4\" (ASAH)',15,'0',5.00,30.00,800.00,'0'),(852,'U00AKG01','ANGKONG',15,'0',1.00,20.00,200.00,'0'),(853,'U00BG007','BATU GERINDA 7\" x 6 MM / ASAH',15,'0',5.00,30.00,800.00,'0'),(854,'U00BGB01','BATU GERENDA BOTOL',15,'0',3.00,30.00,500.00,'0'),(855,'U00BGP04','BATU GERINDA POTONG 4\"',15,'0',5.00,30.00,800.00,'0'),(856,'U00BGP07','BATU GERINDA POTONG 7\"',15,'0',5.00,30.00,800.00,'0'),(857,'U00BGP14','BATU GERINDA POTONG 14\"',15,'0',5.00,30.00,500.00,'0'),(858,'U00BHK05','KANVAS (TALI MESIN PADI)',15,'0',5.00,30.00,200.00,'0'),(859,'U00BK001','BRUS KAWAT',15,'0',1.00,30.00,200.00,'0'),(860,'U00BS001','BATTERAY SENTER',15,'0',2.00,30.00,200.00,'0'),(861,'U00BR200','BATTERAY MERK ROCKET 19H52/N200 12V-200AH',7,'0',0.00,0.00,0.00,'1'),(862,'U00CB001','CARBON BRUSH',15,'0',1.00,20.00,200.00,'0'),(863,'U00CS002','CLEAM SLANG 2\"',15,'0',2.00,30.00,200.00,'0'),(864,'U00CSB34','CLEAM SLANG BLENDER 3/4\"',15,'0',2.00,20.00,200.00,'0'),(865,'U00CSP05','CINCIN SELANG HIGHT PREASURE SPRAY 5MM',15,'0',1.00,20.00,200.00,'0'),(866,'U00DRK01','DEREK',15,'0',1.00,20.00,200.00,'0'),(867,'U00EL001','EPRON LAS (SAFETY U/PENGELASAN)',15,'0',1.00,20.00,200.00,'0'),(868,'U00EPLU1','EAR PLUG (PENUTUP TELINGA)',15,'0',2.00,50.00,200.00,'0'),(869,'U00GEM30','GEMBOK BAGUS 30MM',7,'0',0.00,0.00,0.00,'1'),(870,'U00GEM60','GEMBOK BAGUS 60MM',7,'0',0.00,0.00,0.00,'1'),(871,'U00GKS01','GUNTING KERTAS UK. SEDANG',15,'0',1.00,20.00,200.00,'0'),(872,'U00GYG01','GAYUNG',15,'0',1.00,20.00,200.00,'0'),(873,'U00HSD25','HOLE SOW DIAMETER 25 MM',15,'0',1.00,20.00,200.00,'0'),(874,'U00IH001','ISOLASI HITAM',15,'0',3.00,30.00,500.00,'0'),(875,'U00IK001','ISOLASI KERTAS',15,'0',3.00,30.00,500.00,'0'),(876,'U00KAK01','KUNCI ANGIN MERK KODAI',7,'0',0.00,0.00,0.00,'1'),(877,'U00KB001','KIKIR BULAT',7,'0',0.00,0.00,0.00,'1'),(878,'U00KB025','KARBON BRUSH ALTERNATOR UK.P=25MM, L=12MM & T=10MM',7,'0',0.00,0.00,0.00,'1'),(879,'U00KGP01','KACAMATA GERENDA (KACAMATA PUTIH)',15,'0',1.00,20.00,200.00,'0'),(880,'U00KI015','KUNCI INGGRIS KECIL 5/8 P:8\"',15,'0',1.00,20.00,200.00,'0'),(881,'U00KL010','KUNCI L 10',15,'0',1.00,20.00,200.00,'0'),(882,'U00KL012','KUNCI L 12',15,'0',1.00,20.00,200.00,'0'),(883,'U00KL014','KUNCI L 14',15,'0',1.00,20.00,200.00,'0'),(884,'U00KL017','KUNCI L 17',15,'0',1.00,20.00,200.00,'0'),(885,'U00KLB04','KAWAT LAS LB 52 @ 4MM',15,'0',5.00,50.00,500.00,'0'),(886,'U00KLB32','KAWAT LAS LB 52 @ 3,2 MM',15,'0',5.00,50.00,500.00,'0'),(887,'U00KLH01','KACA LAS HITAM',15,'0',2.00,20.00,200.00,'0'),(888,'U00KLI01','KUNCI L INCI',7,'0',0.00,0.00,0.00,'1'),(889,'U00KLM01','KAIN LAP MAJUN',15,'0',5.00,100.00,500.00,'0'),(890,'U00KLM01','KUNCI L MILI',7,'0',0.00,0.00,0.00,'1'),(891,'U00KLP01','KACA LAS PUTIH',15,'0',2.00,20.00,200.00,'0'),(892,'U00KLR32','KAWAT LAS RB26 @ 3,2 MM',15,'0',20.00,200.00,800.00,'0'),(893,'U00KLR26','KAWAT LAS RB26 @ 2,6MM',15,'0',5.00,100.00,500.00,'0'),(894,'U00KLR04','KAWAT LAS RB26 @ 4MM',15,'0',5.00,50.00,200.00,'0'),(895,'U00KLS08','KAWAT LAS STAINLESS 308 @3,2MM',15,'0',5.00,50.00,200.00,'0'),(896,'U00KLS09','KAWAT LAS STAINLESS 309 @ 3,2MM',15,'0',5.00,50.00,200.00,'0'),(897,'U00KLS11','KAWAT LAS SUPERTECH SUPER 1100 @ 4MM',15,'0',5.00,30.00,500.00,'0'),(898,'U00KLS31','KAWAT LAS SUPERTECH 312 @ 3,2MM',15,'0',5.00,50.00,500.00,'0'),(899,'U00KLS35','KAWAT LAS SUPERTECH SUPER 350 @ 4MM',15,'0',5.00,50.00,200.00,'0'),(900,'U00KSC32','KAWAT LAS SUPERTECH SUPER CAST 32 Ø 3,2MM',7,'0',0.00,0.00,0.00,'0'),(901,'U00KP001','KAWAT PENGIKAT',15,'0',1.00,20.00,200.00,'0'),(902,'U00KTK02','KOTREK 2 TON',15,'0',1.00,20.00,200.00,'0'),(903,'U00KRP13','KUNCI RING PAS 13',7,'0',0.00,0.00,0.00,'1'),(904,'U00KRP17','KUNCI RING PAS 17',7,'0',0.00,0.00,0.00,'1'),(905,'U00KRP01','KUNCI RING/KUNCI PAS',7,'0',0.00,0.00,0.00,'1'),(906,'U00KST01','KIKIR SEGITIGA KECIL',7,'0',0.00,0.00,0.00,'1'),(907,'U00KSB01','KIKIR SETENGAH BULAT',7,'0',0.00,0.00,0.00,'1'),(908,'U00KSE01','KIKIR SEGI EMPAT BESAR',7,'0',0.00,0.00,0.00,'1'),(909,'U00KRP38','KUNCI RING PAS 38 (TEKIRO)',15,'0',1.00,20.00,200.00,'0'),(910,'U00KST01','KUNCI SOK TEKIRO',15,'0',1.00,10.00,200.00,'0'),(911,'U00KT008','KUNCI T 8',7,'0',0.00,0.00,0.00,'1'),(912,'U00KT010','KUNCI T 10',7,'0',0.00,0.00,0.00,'1'),(913,'U00KT012','KUNCI T 12',7,'0',0.00,0.00,0.00,'1'),(914,'U00KT014','KUNCI T 14',7,'0',0.00,0.00,0.00,'1'),(915,'U00KT017','KUNCI T 17',7,'0',0.00,0.00,0.00,'1'),(916,'U00KTB01','KAPUR TULIS BESI',15,'0',5.00,50.00,500.00,'0'),(917,'U00LA001','LAHAR ANGKONG',15,'0',2.00,30.00,300.00,'0'),(918,'U00LBD01','LEM BESI DEXTON',15,'0',2.00,30.00,500.00,'0'),(919,'U00LPG03','LPG 3 KG',15,'0',1.00,20.00,200.00,'0'),(920,'U00LPG12','LPG 12 KG',15,'0',1.00,20.00,200.00,'0'),(921,'U00LPG50','LPG 50 KG',15,'0',1.00,20.00,200.00,'0'),(922,'U00LPP01','LEM PIPA PVC',15,'0',2.00,30.00,500.00,'0'),(923,'U00LTR05','LITERAN 5 L',15,'0',1.00,20.00,200.00,'0'),(924,'U00MB022','MATA BOR Ø 22 MM',7,'0',0.00,0.00,0.00,'0'),(925,'U00MB024','MATA BOR Ø 24MM',7,'0',0.00,0.00,0.00,'0'),(926,'U00MB028','MATA BOR Ø 28 MM',7,'0',0.00,0.00,0.00,'0'),(927,'U00MBD05','MATA BOR Ø 5MM',7,'0',0.00,0.00,0.00,'0'),(928,'U00MBD06','MATA BOR Ø 6 MM',7,'0',0.00,0.00,0.00,'0'),(929,'U00MBD07','MATA BOR Ø 7MM',7,'0',0.00,0.00,0.00,'0'),(930,'U00MBD08','MATA BOR Ø 8 MM',7,'0',0.00,0.00,0.00,'0'),(931,'U00MBD12','MATA BOR Ø 12MM',7,'0',0.00,0.00,0.00,'0'),(932,'U00MBD14','MATA BOR Ø 14 MM',7,'0',0.00,0.00,0.00,'0'),(933,'U00MBD17','MATA BOR Ø 17 MM',7,'0',0.00,0.00,0.00,'0'),(934,'U00MB175','MATA BOR Ø 17,5 MM',7,'0',0.00,0.00,0.00,'0'),(935,'U00MBD18','MATA BOR Ø 18 MM',7,'0',0.00,0.00,0.00,'0'),(936,'U00MBD19','MATA BOR Ø 19 MM',7,'0',0.00,0.00,0.00,'0'),(937,'U00MBD35','MATA BOR Ø 3,5 MM',7,'0',0.00,0.00,0.00,'0'),(938,'U00MBT08','MATA BOR TEMBOK Ø 8MM',7,'0',0.00,0.00,0.00,'0'),(939,'U00MBT10','MATA BOR TEMBOK Ø 10MM',7,'0',0.00,0.00,0.00,'0'),(940,'U00MGB01','MATA GERGAJI BESI',15,'0',2.00,30.00,500.00,'0'),(941,'U00MH001','MANTEL HUJAN',15,'0',1.00,30.00,300.00,'0'),(942,'U00MKH01','MASKER KAIN WARNA HITAM',15,'0',2.00,30.00,300.00,'0'),(943,'U00MRT01','MARTIL BESAR',15,'0',1.00,20.00,200.00,'0'),(944,'U00MTD10','MATA BOR Ø 10 MM',7,'0',0.00,0.00,0.00,'0'),(945,'U00MTR05','METERAN (UK. 5 M)',15,'0',1.00,20.00,200.00,'0'),(946,'U00NBN02','NOZEL BLENDER NO.8',15,'0',2.00,30.00,300.00,'0'),(947,'U00OBG01','OBENG +',7,'0',0.00,0.00,0.00,'1'),(948,'U00OBG02','OBENG -',7,'0',0.00,0.00,0.00,'1'),(949,'U00OX001','OXIGEN',15,'0',2.00,30.00,500.00,'0'),(950,'U00PB001','PAHAT  BETON',15,'0',2.00,20.00,200.00,'0'),(951,'U00PBP01','PITA BAN PUTIH',15,'0',2.00,35.00,500.00,'0'),(952,'U00PC001','PISAU CUTTER',7,'0',0.00,0.00,0.00,'1'),(953,'U00PP015','PLASTIK PRESPAN 0,15MM',15,'0',2.00,30.00,200.00,'0'),(954,'U00PP025','PLASTIK PRESPAN 0,25MM',15,'0',2.00,20.00,200.00,'0'),(955,'U00PP020','PLASTIK PRESPAN 0,20MM',15,'0',2.00,20.00,200.00,'0'),(956,'U00PG007','PRESSURE GAUGE 7 BAR 6\" CONNECTION 3/8\"',15,'0',1.00,20.00,200.00,'0'),(957,'U00PG004','PRESSURE GAUGE 4\" 7 BAR/100 PSI MERK VALMATIC',15,'0',1.00,20.00,200.00,'0'),(958,'U00RA003','RACUN API @ 3KG',15,'0',1.00,20.00,200.00,'0'),(959,'U00RA006','RACUN API @ 6KG',15,'0',1.00,20.00,200.00,'0'),(960,'U00RA009','RACUN API @ 9KG',15,'0',1.00,20.00,200.00,'0'),(961,'U00RA012','RACUN API @ 12KG',15,'0',1.00,20.00,200.00,'0'),(962,'U00RG001','RED GASKET',15,'0',2.00,35.00,300.00,'0'),(963,'U00RIN01','RINSO',7,'0',0.00,0.00,0.00,'1'),(964,'U00RKM01','RASKAM',15,'0',2.00,20.00,200.00,'0'),(965,'U00ROX01','REGULATOR OXIGEN',15,'0',1.00,20.00,200.00,'0'),(966,'U00RPG12','REGULATOR LPG U/TABUNG LPG 12 KG',15,'0',1.00,20.00,200.00,'0'),(967,'U00SAP77','SERLAK AP 77',15,'0',2.00,30.00,500.00,'0'),(968,'U00SBB01','SAFETY BELT BIASA',15,'0',1.00,30.00,300.00,'0'),(969,'U00SBH01','SAFETY BELT (BODY HARNES)',15,'0',1.00,30.00,500.00,'0'),(970,'U00SHP05','SELANG  HIGHT PREASURE SPRAY HOSE 5MM',15,'0',5.00,50.00,300.00,'0'),(971,'U00SK001','SENTER KEPALA',15,'0',1.00,20.00,200.00,'0'),(972,'U00SK012','SIKU KERJA 12\"',7,'0',0.00,0.00,0.00,'1'),(973,'U00SKP01','SEKOP',7,'0',0.00,0.00,0.00,'1'),(974,'U00SL002','SAPU LANTAI',7,'0',0.00,0.00,0.00,'1'),(975,'U00SL005','SELANG 1/2\"',15,'0',5.00,20.00,500.00,'0'),(976,'U00SL034','SELANG 3/4\"',15,'0',5.00,50.00,500.00,'0'),(977,'U00SNT01','SELANG NYLON TRANSPARAN 1\"',15,'0',5.00,50.00,500.00,'0'),(978,'U00SP001','SELANG PISPOT',15,'0',2.00,30.00,500.00,'0'),(979,'U00SP001','STANG PISPOT',15,'0',1.00,30.00,200.00,'0'),(980,'U00SBS08','STANG BLENDER STRONG NO.8',15,'0',1.00,20.00,500.00,'0'),(981,'U00SS002','SELANG SPIRAL 2\"',15,'0',5.00,50.00,500.00,'0'),(982,'U00SKB01','SELANG KARET BLENDER, SELANG LPG Ø D:8MM, Ø L:16MM, SELANG OXIGEN Ø D:6MM, Ø L:14MM',7,'0',0.00,0.00,0.00,'0'),(983,'U00ST001','SEAL TAPE \"ONDA\"',15,'0',2.00,30.00,300.00,'0'),(984,'','SEAL TAPE \"ONDA\"',7,'0',0.00,0.00,0.00,'1'),(985,'U00SUS02','SIKU UKUR SUDUT 600 X 200 X 2MM',7,'0',0.00,0.00,0.00,'1'),(986,'U00STK01','SARUNG TANGAN KOVET',15,'0',3.00,50.00,500.00,'0'),(987,'U00STK02','SARUNG TANGAN KAIN',15,'0',3.00,50.00,500.00,'0'),(988,'U00STK03','SARUNG TANGAN KARET',15,'0',3.00,50.00,500.00,'0'),(989,'U00STL08','STANG LAS 800 A',15,'0',1.00,20.00,200.00,'0'),(990,'U00STR06','SENTER 6 BATERAY',15,'0',1.00,20.00,200.00,'0'),(991,'U00TB001','TANG BUAYA',15,'0',1.00,20.00,200.00,'0'),(992,'U00TB002','TANG BIASA',15,'0',1.00,20.00,200.00,'0'),(993,'U00TJK01','TOJOK',15,'0',2.00,30.00,500.00,'0'),(994,'U00TKB01','TANG KOMBINASI',15,'0',1.00,20.00,200.00,'0'),(995,'U00TKD01','TANG KEP BUKA DALAM',7,'0',0.00,0.00,0.00,'1'),(996,'U00TKL01','TANG KEP BUKA LUAR',15,'0',1.00,20.00,500.00,'0'),(997,'U00TMT04','THERMOMETER 4\" 0-160',15,'0',1.00,20.00,200.00,'0'),(998,'U00TP001','TANG POTONG',15,'0',1.00,20.00,200.00,'0'),(999,'U00TP001','TANG PRES/BASIS',15,'0',1.00,20.00,200.00,'0'),(1000,'U00TPL01','TOPENG LAS',15,'0',1.00,20.00,500.00,'0'),(1001,'U00TRV06','THERMOMETER REKET MERK VALMATIC 6\"',15,'0',1.00,20.00,500.00,'0'),(1002,'U00TRW04','THERMOMETER REKET MERK WIEBROK 4\"',15,'0',1.00,20.00,500.00,'0'),(1003,'U00TSN01','TESPEN',15,'0',1.00,20.00,500.00,'0'),(1004,'U00VA001','VELG ANGKONG',15,'0',1.00,20.00,500.00,'0'),(1005,'U00WIB03','WIEBROK 3\" EN-837-1 KG LAN 150',15,'0',1.00,20.00,500.00,'0'),(1006,'U00SH002','SELANG HISAP 2\"',15,'0',2.00,30.00,500.00,'0'),(1007,'U00TN010','TALI NILON 10MM',7,'0',0.00,0.00,0.00,'0'),(1008,'U00CGK01','CANGKUL CAP BUAYA',15,'0',1.00,20.00,500.00,'0'),(1009,'U00KST01','KUNCI SHICH MERK TEKIRO',7,'0',0.00,0.00,0.00,'1'),(1010,'U00KB312','KUKU BAKET 312 D',15,'0',5.00,35.00,500.00,'0'),(1011,'','ADAFTER 312 D',15,'0',1.00,20.00,500.00,'0'),(1012,'U00KB320','KUKU BAKET 320 D',15,'0',5.00,35.00,500.00,'0'),(1013,'U00BKK01','BAUT KUKU',15,'0',5.00,35.00,500.00,'0'),(1014,'U00KF001','KUNCI FILTER',15,'0',1.00,20.00,500.00,'0'),(1015,'U00KA012','KACA ACRILIC 12MM',7,'0',0.00,0.00,0.00,'1'),(1016,'U00KLB32','KAWAT LAS LB52U @ 3,2MM',15,'0',5.00,35.00,500.00,'0'),(1017,'U00KLB04','KAWAT LAS LB52U @ 4MM',15,'0',5.00,35.00,500.00,'0'),(1018,'','KAWAT LAS METALIUM MH 350 @ 4MM',15,'0',5.00,35.00,500.00,'0'),(1019,NULL,'',7,'0',10.00,1000.00,100000.00,'1'),(1020,NULL,'Buah Kebun',1,'0',10.00,1000000.00,1000000000.00,'0'),(1021,NULL,'Buah Luar',1,'0',10.00,1000000.00,1000000000.00,'0'),(1022,NULL,'reducer pvc 4\" x 1,5\"',12,'0',2.00,10.00,500.00,'0'),(1023,NULL,'reducer pvc 4\" x 2\"',12,'0',2.00,10.00,500.00,'0'),(1024,NULL,'babat',15,'0',1.00,10.00,500.00,'0'),(1025,NULL,'bAUT + MUR 5/8\" X 2.5\"',8,'0',20.00,150.00,500.00,'0');
/*!40000 ALTER TABLE `tbm_barang` ENABLE KEYS */;
UNLOCK TABLES;

--
-- Table structure for table `tbm_barang_banner`
--

DROP TABLE IF EXISTS `tbm_barang_banner`;
/*!40101 SET @saved_cs_client     = @@character_set_client */;
/*!40101 SET character_set_client = utf8 */;
CREATE TABLE `tbm_barang_banner` (
  `id` int(11) NOT NULL AUTO_INCREMENT,
  `id_parent_barang` int(11) DEFAULT NULL,
  `id_barang` int(11) DEFAULT NULL,
  `jml` float(11,2) DEFAULT NULL,
  `deleted` char(1) DEFAULT '0',
  PRIMARY KEY (`id`)
) ENGINE=InnoDB DEFAULT CHARSET=utf8;
/*!40101 SET character_set_client = @saved_cs_client */;

--
-- Dumping data for table `tbm_barang_banner`
--

LOCK TABLES `tbm_barang_banner` WRITE;
/*!40000 ALTER TABLE `tbm_barang_banner` DISABLE KEYS */;
/*!40000 ALTER TABLE `tbm_barang_banner` ENABLE KEYS */;
UNLOCK TABLES;

--
-- Table structure for table `tbm_barang_harga`
--

DROP TABLE IF EXISTS `tbm_barang_harga`;
/*!40101 SET @saved_cs_client     = @@character_set_client */;
/*!40101 SET character_set_client = utf8 */;
CREATE TABLE `tbm_barang_harga` (
  `id` int(11) NOT NULL AUTO_INCREMENT,
  `id_barang` int(11) DEFAULT NULL,
  `tgl` date DEFAULT NULL,
  `harga` float(11,2) DEFAULT NULL,
  `deleted` char(1) DEFAULT '0',
  PRIMARY KEY (`id`)
) ENGINE=InnoDB AUTO_INCREMENT=87 DEFAULT CHARSET=utf8;
/*!40101 SET character_set_client = @saved_cs_client */;

--
-- Dumping data for table `tbm_barang_harga`
--

LOCK TABLES `tbm_barang_harga` WRITE;
/*!40000 ALTER TABLE `tbm_barang_harga` DISABLE KEYS */;
INSERT INTO `tbm_barang_harga` VALUES (1,6,'2017-05-01',3750000.00,'0'),(2,7,'2017-05-01',1750.00,'0'),(3,9,'2017-05-01',4000.00,'0'),(4,6,'2017-05-08',3850000.00,'0'),(5,7,'2017-05-08',1800.00,'0'),(6,9,'2017-05-08',800.00,'0'),(7,10,'2017-05-08',4500.00,'0'),(8,6,'2017-05-09',3900000.00,'0'),(9,7,'2017-05-09',2000.00,'0'),(10,7,'2017-05-09',3000.00,'0'),(11,9,'2017-05-09',3000.00,'0'),(12,11,'2017-05-09',14500.00,'0'),(13,1021,'2017-05-23',1550.00,'0'),(14,1021,'2017-05-23',1550.00,'0'),(15,1021,'2017-05-23',1550.00,'0'),(16,1021,'2017-05-23',1450.00,'0'),(17,13,'2017-05-23',200000.00,'0'),(18,14,'2017-05-23',150000.00,'0'),(19,1021,'2017-05-23',1550.00,'0'),(20,1021,'2017-05-23',1550.00,'0'),(21,11,'2017-05-24',6180.00,'0'),(22,11,'2017-05-24',6180.00,'0'),(23,12,'2017-05-24',1340000.00,'0'),(24,13,'2017-05-24',200000.00,'0'),(25,1021,'2017-05-26',1805.00,'0'),(26,1021,'2017-05-26',1805.00,'0'),(27,1021,'2017-05-26',1805.00,'0'),(28,1021,'2017-05-26',1795.00,'0'),(29,1021,'2017-05-26',1805.00,'0'),(30,1021,'2017-05-26',1805.00,'0'),(31,1021,'2017-05-26',1730.00,'0'),(32,1021,'2017-05-26',1720.00,'0'),(33,1021,'2017-05-26',1720.00,'0'),(34,1021,'2017-05-26',1720.00,'0'),(35,1021,'2017-05-26',1730.00,'0'),(36,1021,'2017-05-26',1730.00,'0'),(37,1021,'2017-05-26',1730.00,'0'),(38,1021,'2017-05-26',1730.00,'0'),(39,1021,'2017-05-26',1730.00,'0'),(40,1021,'2017-05-26',1730.00,'0'),(41,1021,'2017-05-26',1730.00,'0'),(42,1021,'2017-05-26',1730.00,'0'),(43,1021,'2017-05-26',1720.00,'0'),(44,1021,'2017-05-26',1730.00,'0'),(45,1021,'2017-05-26',1730.00,'0'),(46,1021,'2017-05-26',1730.00,'0'),(47,1021,'2017-05-26',1730.00,'0'),(48,1021,'2017-05-26',1730.00,'0'),(49,1021,'2017-05-26',1730.00,'0'),(50,1021,'2017-05-26',1730.00,'0'),(51,1021,'2017-05-26',1730.00,'0'),(52,1021,'2017-05-26',1730.00,'0'),(53,1021,'2017-05-26',1730.00,'0'),(54,1021,'2017-05-27',1730.00,'0'),(55,1021,'2017-05-27',1730.00,'0'),(56,1020,'2017-05-27',1400.00,'0'),(57,1021,'2017-05-27',1720.00,'0'),(58,1021,'2017-05-27',1730.00,'0'),(59,1021,'2017-05-27',1730.00,'0'),(60,1020,'2017-05-27',NULL,'0'),(61,785,'2017-06-02',43000.00,'0'),(62,1021,'2017-06-04',2500.00,'0'),(63,1021,'2017-06-04',2500.00,'0'),(64,1021,'2017-06-04',2500.00,'0'),(65,1021,'2017-06-04',2500.00,'0'),(66,1021,'2017-06-04',2500.00,'0'),(67,1021,'2017-06-04',2500.00,'0'),(68,1020,'2017-06-04',4500.00,'0'),(69,1020,'2017-06-04',5000.00,'0'),(70,1021,'2017-06-04',3000.00,'0'),(71,1021,'2017-06-04',3000.00,'0'),(72,1021,'2017-06-04',3000.00,'0'),(73,1021,'2017-06-04',3000.00,'0'),(74,1021,'2017-06-04',3000.00,'0'),(75,1021,'2017-06-04',2500.00,'0'),(76,1021,'2017-06-04',3000.00,'0'),(77,1021,'2017-06-04',3000.00,'0'),(78,11,'2017-06-06',6180.00,'0'),(79,10,'2017-06-09',3000.00,'0'),(80,10,'2017-06-09',3000.00,'0'),(81,1020,'2017-06-12',5000.00,'0'),(82,1020,'2017-06-12',5000.00,'0'),(83,309,'2017-06-15',2500.00,'0'),(84,815,'2017-06-15',5000.00,'0'),(85,1020,'2017-06-15',7000.00,'0'),(86,1020,'2017-06-15',7000.00,'0');
/*!40000 ALTER TABLE `tbm_barang_harga` ENABLE KEYS */;
UNLOCK TABLES;

--
-- Table structure for table `tbm_barang_harga_potongan`
--

DROP TABLE IF EXISTS `tbm_barang_harga_potongan`;
/*!40101 SET @saved_cs_client     = @@character_set_client */;
/*!40101 SET character_set_client = utf8 */;
CREATE TABLE `tbm_barang_harga_potongan` (
  `id` int(11) NOT NULL AUTO_INCREMENT,
  `id_barang` int(11) DEFAULT NULL,
  `ukuran` varchar(60) DEFAULT NULL,
  `harga` float(11,2) DEFAULT NULL,
  `deleted` char(1) DEFAULT '0',
  PRIMARY KEY (`id`)
) ENGINE=InnoDB DEFAULT CHARSET=utf8;
/*!40101 SET character_set_client = @saved_cs_client */;

--
-- Dumping data for table `tbm_barang_harga_potongan`
--

LOCK TABLES `tbm_barang_harga_potongan` WRITE;
/*!40000 ALTER TABLE `tbm_barang_harga_potongan` DISABLE KEYS */;
/*!40000 ALTER TABLE `tbm_barang_harga_potongan` ENABLE KEYS */;
UNLOCK TABLES;

--
-- Table structure for table `tbm_cabang`
--

DROP TABLE IF EXISTS `tbm_cabang`;
/*!40101 SET @saved_cs_client     = @@character_set_client */;
/*!40101 SET character_set_client = utf8 */;
CREATE TABLE `tbm_cabang` (
  `id` int(11) NOT NULL AUTO_INCREMENT,
  `nama` varchar(150) DEFAULT NULL,
  `alamat` varchar(200) DEFAULT NULL,
  `id_kota` int(11) DEFAULT NULL,
  `telp` varchar(15) DEFAULT NULL,
  `email` varchar(200) DEFAULT NULL,
  `nama_kontak` varchar(200) DEFAULT NULL,
  `pendapatan` decimal(36,2) DEFAULT NULL,
  `umk` decimal(36,2) DEFAULT NULL,
  `ump` decimal(36,2) DEFAULT NULL,
  `deleted` char(1) DEFAULT '0',
  PRIMARY KEY (`id`)
) ENGINE=InnoDB AUTO_INCREMENT=3 DEFAULT CHARSET=latin1;
/*!40101 SET character_set_client = @saved_cs_client */;

--
-- Dumping data for table `tbm_cabang`
--

LOCK TABLES `tbm_cabang` WRITE;
/*!40000 ALTER TABLE `tbm_cabang` DISABLE KEYS */;
INSERT INTO `tbm_cabang` VALUES (1,'KANDIR','Jl. Lintas Sibuhuan -  Riau KM. 15 Kec. Sosa Kab. Padang Lawas -  Sumatera Utara',67,'081375765977','sinar.halomoan.sh@gmail.com','',1983250.00,1983250.00,1983250.00,'0'),(2,'PKS','Jl. Lintas Sibuhuan - Riau KM. 15 Kec. Sosa Kab. Padang Lawas - Sumatera Utara',67,'081375765977','','',1983250.00,1983250.00,1983250.00,'0');
/*!40000 ALTER TABLE `tbm_cabang` ENABLE KEYS */;
UNLOCK TABLES;

--
-- Table structure for table `tbm_cetakan`
--

DROP TABLE IF EXISTS `tbm_cetakan`;
/*!40101 SET @saved_cs_client     = @@character_set_client */;
/*!40101 SET character_set_client = utf8 */;
CREATE TABLE `tbm_cetakan` (
  `id` int(11) NOT NULL AUTO_INCREMENT,
  `nama_cetakan` varchar(60) DEFAULT '0',
  `kategori_cetakan` int(11) DEFAULT NULL,
  `jns_tinta` char(1) DEFAULT '0',
  `hrg_tinta` float(11,2) DEFAULT NULL,
  `jns_laminasi` char(1) DEFAULT '0',
  `hrg_laminasi` float(11,2) DEFAULT NULL,
  `total_bahan` float(11,2) DEFAULT NULL,
  `total_param` float(11,2) DEFAULT NULL,
  `total_modal` float(11,2) DEFAULT NULL,
  `total_persen` float(11,2) DEFAULT NULL,
  `subtotal` float(11,2) DEFAULT '0.00',
  `total_harga_jual` float(11,2) DEFAULT NULL,
  `deleted` char(1) DEFAULT '0',
  PRIMARY KEY (`id`)
) ENGINE=InnoDB DEFAULT CHARSET=utf8;
/*!40101 SET character_set_client = @saved_cs_client */;

--
-- Dumping data for table `tbm_cetakan`
--

LOCK TABLES `tbm_cetakan` WRITE;
/*!40000 ALTER TABLE `tbm_cetakan` DISABLE KEYS */;
/*!40000 ALTER TABLE `tbm_cetakan` ENABLE KEYS */;
UNLOCK TABLES;

--
-- Table structure for table `tbm_cetakan_detail_bahan`
--

DROP TABLE IF EXISTS `tbm_cetakan_detail_bahan`;
/*!40101 SET @saved_cs_client     = @@character_set_client */;
/*!40101 SET character_set_client = utf8 */;
CREATE TABLE `tbm_cetakan_detail_bahan` (
  `id` int(11) NOT NULL AUTO_INCREMENT,
  `id_cetakan` int(11) DEFAULT '0',
  `id_barang` int(11) DEFAULT NULL,
  `ukuran` int(11) DEFAULT NULL,
  `harga` float(11,2) DEFAULT NULL,
  `deleted` char(1) DEFAULT '0',
  PRIMARY KEY (`id`)
) ENGINE=InnoDB DEFAULT CHARSET=utf8;
/*!40101 SET character_set_client = @saved_cs_client */;

--
-- Dumping data for table `tbm_cetakan_detail_bahan`
--

LOCK TABLES `tbm_cetakan_detail_bahan` WRITE;
/*!40000 ALTER TABLE `tbm_cetakan_detail_bahan` DISABLE KEYS */;
/*!40000 ALTER TABLE `tbm_cetakan_detail_bahan` ENABLE KEYS */;
UNLOCK TABLES;

--
-- Table structure for table `tbm_cetakan_detail_param`
--

DROP TABLE IF EXISTS `tbm_cetakan_detail_param`;
/*!40101 SET @saved_cs_client     = @@character_set_client */;
/*!40101 SET character_set_client = utf8 */;
CREATE TABLE `tbm_cetakan_detail_param` (
  `id` int(11) NOT NULL AUTO_INCREMENT,
  `id_cetakan` int(11) DEFAULT '0',
  `parameter` varchar(100) DEFAULT NULL,
  `harga` float(11,2) DEFAULT NULL,
  `deleted` char(1) DEFAULT '0',
  PRIMARY KEY (`id`)
) ENGINE=InnoDB DEFAULT CHARSET=utf8;
/*!40101 SET character_set_client = @saved_cs_client */;

--
-- Dumping data for table `tbm_cetakan_detail_param`
--

LOCK TABLES `tbm_cetakan_detail_param` WRITE;
/*!40000 ALTER TABLE `tbm_cetakan_detail_param` DISABLE KEYS */;
/*!40000 ALTER TABLE `tbm_cetakan_detail_param` ENABLE KEYS */;
UNLOCK TABLES;

--
-- Table structure for table `tbm_coa`
--

DROP TABLE IF EXISTS `tbm_coa`;
/*!40101 SET @saved_cs_client     = @@character_set_client */;
/*!40101 SET character_set_client = utf8 */;
CREATE TABLE `tbm_coa` (
  `id` int(11) NOT NULL AUTO_INCREMENT,
  `id_group_coa` int(11) DEFAULT NULL,
  `kode_coa` varchar(60) DEFAULT NULL,
  `nama` varchar(255) DEFAULT NULL,
  `deleted` char(1) DEFAULT '0',
  PRIMARY KEY (`id`)
) ENGINE=InnoDB AUTO_INCREMENT=943 DEFAULT CHARSET=latin1 AVG_ROW_LENGTH=90;
/*!40101 SET character_set_client = @saved_cs_client */;

--
-- Dumping data for table `tbm_coa`
--

LOCK TABLES `tbm_coa` WRITE;
/*!40000 ALTER TABLE `tbm_coa` DISABLE KEYS */;
INSERT INTO `tbm_coa` VALUES (1,1,'100.00.000','Aktiva Lancar','0'),(2,7,'101.00.000','Kas-Bank','0'),(3,NULL,'101.01.000','Kas','0'),(4,NULL,'101.01.100','Kas Dalam Perusahaan Rupiah','0'),(5,NULL,'101.01.200','Kas Dalam Perusahaan Valas','0'),(6,NULL,'101.01.300','Kas Kecil','0'),(7,NULL,'101.02.000','BNI 46','0'),(8,NULL,'101.02.100','BNI 46 Rupiah','0'),(9,NULL,'101.02.200','BNI 46 Valas','0'),(10,NULL,'101.03.000','Bank Cimb Niaga','0'),(11,NULL,'101.03.100','Bank Cimb Niaga Rupiah','0'),(12,NULL,'101.03.200','Bank Cimb Niaga Valas','0'),(13,NULL,'101.04.000','Bank Syariah Mandiri','0'),(14,NULL,'101.04.100','Bank Syariah Mandiri Rupiah','0'),(15,NULL,'101.04.200','Bank Syariah Mandiri Valas','0'),(16,NULL,'101.05.000','BCA','0'),(17,NULL,'101.05.100','BCA Rupiah','0'),(18,NULL,'101.05.200','BCA Valas','0'),(19,NULL,'101.06.000','BRI','0'),(20,NULL,'101.06.100','BRI Rupiah','0'),(21,NULL,'101.06.200','BRI Valas','0'),(22,NULL,'101.07.000','Bukopin','0'),(23,NULL,'101.07.100','Bukopin Rupiah','0'),(24,NULL,'101.07.200','Bukopin Valas','0'),(25,NULL,'101.08.000','Mandiri','0'),(26,NULL,'101.08.100','Mandiri Rupiah','0'),(27,NULL,'101.08.200','Mandiri Valas','0'),(28,NULL,'101.09.000','BNI Syariah','0'),(29,NULL,'101.09.100','BNI Syariah Rupiah','0'),(30,NULL,'101.09.200','BNI Syariah Valas','0'),(31,NULL,'101.90.000','Bank Daerah','0'),(32,NULL,'101.90.100','Bank Jabar','0'),(33,NULL,'101.90.101','Bank Jabar Rupiah','0'),(34,NULL,'101.90.200','Bank Sumsel','0'),(35,NULL,'101.90.201','Bank Sumsel Rupiah','0'),(36,NULL,'101.90.300','Bank DKI','0'),(37,NULL,'101.90.301','Bank DKI Rupiah','0'),(38,NULL,'102.00.000','Deposito & Kertas Berharga','0'),(39,NULL,'102.01.000','Deposito','0'),(40,NULL,'102.01.100','Deposito Rupiah','0'),(41,NULL,'102.01.200','Deposito Valas','0'),(42,NULL,'102.02.000','Kertas Berharga','0'),(43,NULL,'102.02.100','Kertas Berharga Rupiah','0'),(44,NULL,'102.02.101','Kertas Berharga BNI 46','0'),(45,NULL,'102.02.102','Kertas Berharga Cimb Niaga','0'),(46,NULL,'102.02.103','Kertas Berharga Syariah Mandiri','0'),(47,NULL,'102.02.104','Kertas Berharga BCA','0'),(48,NULL,'102.02.105','Kertas Berharga BRI','0'),(49,NULL,'102.02.106','Kertas Berharga Bukopin','0'),(50,NULL,'102.02.107','Kertas Berharga Mandiri','0'),(51,NULL,'102.02.108','Kertas Berharga BNI Syariah','0'),(52,NULL,'102.02.109','Kertas Berharga Bank Jabar','0'),(53,NULL,'102.02.110','Kertas Berharga Bank Sumsel','0'),(54,NULL,'102.02.111','Kertas Berharga Bank DKI','0'),(55,NULL,'102.02.200','Kertas Berharga Valas','0'),(56,NULL,'103.00.000','Piutang Usaha','0'),(57,NULL,'103.01.000','Piutang Instansi Pemerintah','0'),(58,NULL,'103.01.101','Piutang Rawat Jalan (Pemerintah)','0'),(59,NULL,'103.01.102','Piutang Rawat Inap','0'),(60,NULL,'103.01.103','Piutang Farmasi','0'),(61,NULL,'103.01.104','Piutang Penunjang Medik','0'),(62,NULL,'103.02.000','Piutang BUMN','0'),(63,NULL,'103.02.101','Piutang Rawat Jalan (BUMN)','0'),(64,NULL,'103.02.102','Piutang Rawat Inap','0'),(65,NULL,'103.02.103','Piutang Farmasi','0'),(66,NULL,'103.02.104','Piutang Penunjang Medik','0'),(67,NULL,'103.03.000','Piutang Swasta','0'),(68,NULL,'103.03.101','Piutang Rawat Jalan (Swasta)','0'),(69,NULL,'103.03.102','Piutang Rawat Inap','0'),(70,NULL,'103.03.103','Piutang Farmasi','0'),(71,NULL,'103.03.104','Piutang Penunjang Medik','0'),(72,NULL,'103.04.000','Piutang Perorangan','0'),(73,NULL,'103.04.100','Piutang Perorangan','0'),(74,NULL,'104.00.000','Piutang Pegawai','0'),(75,NULL,'104.01.000','Pegawai Aktif','0'),(76,NULL,'104.02.000','Pensiunan','0'),(77,NULL,'105.00.000','Piutang Konsul','0'),(78,NULL,'105.01.000','Piutang Konsul','0'),(79,NULL,'106.00.000','Piutang Lain-Lain','0'),(80,NULL,'106.01.000','Piutang Lain-Lain','0'),(81,NULL,'107.00.000','Uang Muka','0'),(82,NULL,'107.01.000','Uang Muka Operasional','0'),(83,NULL,'107.01.100','Uang Muka Pembelian','0'),(84,NULL,'107.01.200','Uang Muka Perjalanan Dinas','0'),(85,NULL,'107.01.300','Uang Muka Diklat','0'),(86,NULL,'107.01.400','Uang Muka Foto Copy','0'),(87,NULL,'107.01.500','Um Bonus','0'),(88,NULL,'107.01.600','Um Gaji XIII','0'),(89,NULL,'107.01.700','Um Survey,Study, Dan Pengembangan','0'),(90,NULL,'107.02.000','Uang Muka Operasional Medik','0'),(91,NULL,'107.02.100','Uang Muka Konsul','0'),(92,NULL,'107.02.200','Uang Muka Pembelian Obat Dan Bahan Medis','0'),(93,NULL,'107.90.000','Uang Muka Lain-Lain','0'),(94,NULL,'107.90.100','Uang Muka Lain-Lain','0'),(95,NULL,'108.00.000','Persediaan','0'),(96,NULL,'108.01.000','Persediaan Obat','0'),(97,NULL,'108.02.000','Persediaan Alat Medis Habis Pakai/Disposible','0'),(98,NULL,'108.03.000','Persediaan Bahan Kimia/Reagentia','0'),(99,NULL,'108.04.000','Persediaan X-Ray','0'),(100,NULL,'108.05.000','Persediaan Gas Medis/Oksigen','0'),(101,NULL,'108.06.000','Persediaan Pengolahan Labu Darah','0'),(102,NULL,'108.07.000','Persediaan Obat Askes','0'),(103,NULL,'108.09.000','Persediaan Alat Medis Inventaris','0'),(104,NULL,'109.00.000','Perlengkapan','0'),(105,NULL,'109.01.000','Komaliwan/Pecah Belah','0'),(106,NULL,'109.02.000','Linen Good/Barang Tenun','0'),(107,NULL,'109.03.000','Bahan Cucian','0'),(108,NULL,'109.04.000','Pembungkus / Embalase','0'),(109,NULL,'109.05.000','Bahan Bakar','0'),(110,NULL,'109.06.000','Bahan Pelumas','0'),(111,NULL,'109.07.000','Alat Listrik','0'),(112,NULL,'109.08.000','Pulsa Telepon','0'),(113,NULL,'109.09.000','Alat Tulis','0'),(114,NULL,'109.10.000','Barang Cetakan','0'),(115,NULL,'109.11.000','Materai','0'),(116,NULL,'109.12.000','Bahan Makanan','0'),(117,NULL,'109.13.000','Instrumen Medis','0'),(118,NULL,'109.14.000','Batu Baterai/Senter','0'),(119,NULL,'109.15.000','Pengharum Ruangan','0'),(120,NULL,'109.16.000','Pembasmi Hama/Nyamuk','0'),(121,NULL,'109.17.000','Perlengkapan Bayi','0'),(122,NULL,'109.18.000','Tissue','0'),(123,NULL,'109.19.000','Perlengkapan Apotik','0'),(124,NULL,'109.20.000','Detergen','0'),(125,NULL,'109.21.000','Perlengkapan Rumah Tangga','0'),(126,NULL,'109.22.000','Perlengkapan Bahan Bangunan','0'),(127,NULL,'109.23.000','Perlengkapan Gimmic','0'),(128,NULL,'110.00.000','Pajak Dibayar Dimuka','0'),(129,NULL,'110.01.000','Pph.23','0'),(130,NULL,'110.02.000','Pph.25','0'),(131,NULL,'111.00.000','Ppn Masukan','0'),(132,NULL,'111.01.000','Ppn Masukan Dapat Dikreditkan','0'),(133,NULL,'112.00.000','Beban Dibayar Dimuka','0'),(134,NULL,'112.01.000','Beban Pegawai Dibayar Dimuka','0'),(135,NULL,'112.02.000','Beban Asuransi Dibayar Dimuka','0'),(136,NULL,'112.03.000','Beban Sewa Dibayar Dimuka','0'),(137,NULL,'112.04.000','Beban Provisi Pinjaman Bank Dibayar Dimuka','0'),(138,NULL,'113.00.000','Pendapatan Masih Akan Diterima','0'),(139,NULL,'113.01.000','Pendapatan Masih Akan Diterima','0'),(140,NULL,'190.00.000','Rekening Transfer Kas Bank','0'),(141,NULL,'190.01.000','Rekening Transfer Kas Bank','0'),(142,NULL,'191.00.000','Penyisihan Piutang Usaha','0'),(143,NULL,'191.01.000','Penyisihan Piutang Usaha','0'),(144,NULL,'192.00.000','Penyisihan Piutang Pegawai','0'),(145,NULL,'192.01.000','Penyisihan Piutang Pegawai','0'),(146,NULL,'194.00.000','Penyisihan Piutang Lain-Lain','0'),(147,NULL,'194.01.000','Penyisihan Piutang Lain-Lain','0'),(148,NULL,'200.00.000','Aktiva Tetap','0'),(149,NULL,'201.00.000','Tanah','0'),(150,NULL,'201.01.000','Tanah','0'),(151,NULL,'202.00.000','Bangunan','0'),(152,NULL,'202.01.000','Bangunan Gedung','0'),(153,NULL,'202.03.000','Bengkel & Garasi','0'),(154,NULL,'202.04.000','Gedung Pertemuan/ Sarana Orkes','0'),(155,NULL,'202.05.000','Pos Jaga','0'),(156,NULL,'202.06.000','Sarana IBadah','0'),(157,NULL,'202.07.000','Kantin','0'),(158,NULL,'202.08.000','Bangunan Lain-Lain','0'),(159,NULL,'203.00.000','Peralatan & Instalasi Fasilitasi RS','0'),(160,NULL,'203.01.000','Peralatan Medis','0'),(161,NULL,'203.01.101','Electro Medis','0'),(162,NULL,'203.01.102','Mekanis Medis','0'),(163,NULL,'203.02.000','Peralatan Non Medis','0'),(164,NULL,'203.02.101','Peralatan','0'),(165,NULL,'203.02.102','Meubelair','0'),(166,NULL,'203.02.103','Komputer Dan Peralatannya','0'),(167,NULL,'203.03.000','Instalasi Fasilitas RS','0'),(168,NULL,'203.03.101','Instalasi Air & Peralatan','0'),(169,NULL,'203.03.102','Instalasi Listrik & Peralatan','0'),(170,NULL,'203.03.103','Telekomunikasi & Peralatan','0'),(171,NULL,'203.03.104','Instalasi Gas Medis','0'),(172,NULL,'204.00.000','Kendaraan','0'),(173,NULL,'204.01.000','Mobil Ambulance / Mobil Jenazah','0'),(174,NULL,'204.02.000','Mobil Operasional','0'),(175,NULL,'204.03.000','Sepeda Motor','0'),(176,NULL,'204.04.000','Kendaraan Lain-Lain','0'),(177,NULL,'205.00.000','Emplasemen','0'),(178,NULL,'205.01.000','Riol & Selokan','0'),(179,NULL,'205.02.000','Taman','0'),(180,NULL,'205.03.000','Pagar','0'),(181,NULL,'205.04.000','Lapangan Parkir','0'),(182,NULL,'206.00.000','Aktiva Tak Berwujud','0'),(183,NULL,'206.01.000','Pengurusan Hak Atas Tanah','0'),(184,NULL,'206.02.000','Perizinan Dan Sejenisnya','0'),(185,NULL,'206.03.000','Perangkat Lunak Komputer','0'),(186,NULL,'206.04.000','Lisensi','0'),(187,NULL,'260.00.000','Akumulasi Penyusutan Aktiva Tetap','0'),(188,NULL,'261.00.000','Akum. Peny. Bangunan','0'),(189,NULL,'261.01.000','Bangunan Gedung','0'),(190,NULL,'261.02.000','Bengkel & Garasi','0'),(191,NULL,'261.03.000','Gedung Pertemuan/ Sarana Orkes','0'),(192,NULL,'261.04.000','Pos Jaga','0'),(193,NULL,'261.05.000','Sarana IBadah','0'),(194,NULL,'261.06.000','Kantin','0'),(195,NULL,'261.07.000','Bangunan Lain-Lain','0'),(196,NULL,'262.00.000','Akum. Peny. Peralatan & Inst. Fas. RS','0'),(197,NULL,'262.01.000','Akum. Peny. Peralatan','0'),(198,NULL,'262.01.101','Electro Medis','0'),(199,NULL,'262.01.102','Mekanis Medis','0'),(200,NULL,'262.02.000','Akum. Peny. Peralatan Non Medis','0'),(201,NULL,'262.02.101','Peralatan','0'),(202,NULL,'262.02.102','Meubelair','0'),(203,NULL,'262.02.103','Komputer Dan Peralatannya','0'),(204,NULL,'262.03.000','Akum. Peny. Instalasi Fasilitas Rumah Sakit','0'),(205,NULL,'262.03.101','Instalasi Air & Peralatan','0'),(206,NULL,'262.03.102','Instalasi Listrik & Peralatan','0'),(207,NULL,'262.03.103','Telekomunikasi & Peralatan','0'),(208,NULL,'262.03.104','Instalasi Gas Medis','0'),(209,NULL,'263.00.000','Akum. Peny. Kendaraan','0'),(210,NULL,'263.01.000','Akum.Peny. Ambulance/Kereta Jenazah','0'),(211,NULL,'263.02.000','Akum.Peny. Mobil Operasional','0'),(212,NULL,'263.03.000','Akum.Peny. Sepeda Motor','0'),(213,NULL,'263.04.000','Akum.Peny. Kendaraan Lain-Lain','0'),(214,NULL,'264.00.000','Akum. Peny. Emplasemen','0'),(215,NULL,'264.01.000','Akum. Peny. Riol & Selokan','0'),(216,NULL,'264.02.000','Akum. Peny. Taman','0'),(217,NULL,'264.03.000','Akum. Peny. Pagar','0'),(218,NULL,'264.04.000','Akum. Peny. Lapangan Parkir','0'),(219,NULL,'300.00.000','Aktiva Lain - Lain','0'),(220,NULL,'301.00.000','Aktiva Tetap Dalam Konstruksi / Proses','0'),(221,NULL,'301.01.000','Bangunan','0'),(222,NULL,'301.02.000','Peralatan & Fas.Jaringan Rumah Sakit','0'),(223,NULL,'301.03.000','Emplasmen','0'),(224,NULL,'301.04.000','Aktiva Tetap Lainnya','0'),(225,NULL,'301.05.000','Renovasi','0'),(226,NULL,'302.00.000','Beban Yang Ditangguhkan','0'),(227,NULL,'302.01.000','Beban Survey Yang Ditangguhkan','0'),(228,NULL,'302.02.000','Beban Konsultan Yang Ditangguhkan','0'),(229,NULL,'302.03.000','Beban Pendidikan Yang Ditangguhkan','0'),(230,NULL,'302.04.000','Beban Yang Ditangguhkan Bangunan','0'),(231,NULL,'302.05.000','Beban Ditangguhkan Perolehan Hak Atas Tanah & Bgn','0'),(232,NULL,'302.06.000','Beban Ditangguhkan Atas Akreditasi RS','0'),(233,NULL,'303.00.000','Aktiva Tetap Tak Berfungsi','0'),(234,NULL,'303.01.000','Bangunan','0'),(235,NULL,'303.02.000','Peralatan & Fas.Jaringan Rumah Sakit','0'),(236,NULL,'303.03.000','Kendaraan','0'),(237,NULL,'303.04.000','Emplasemen','0'),(238,NULL,'330.00.000','Amortisasi Aktiva Tak Berwujud','0'),(239,NULL,'330.01.000','Amortisasi Beban Perizinan Hak Atas Tanah','0'),(240,NULL,'330.02.000','Amortisasi Beban Pendirian & Sejenisnya','0'),(241,NULL,'330.03.000','Amortisasi Lisensi','0'),(242,NULL,'330.04.000','Amortisasi Aktiva Tak Berwujud Lainnya','0'),(243,NULL,'350.00.000','Amortisasi Beban Yang Ditangguhkan','0'),(244,NULL,'350.01.000','Amortisasi Survey','0'),(245,NULL,'350.02.000','Amortisasi Konsultan','0'),(246,NULL,'350.03.000','Amortisasi Pendidikan','0'),(247,NULL,'350.04.000','Amortisasi Bangunan','0'),(248,NULL,'350.05.000','Amortisasi Perolehan Hak Atas Tanah & Bgn','0'),(249,NULL,'350.06.000','Amortisasi Akreditasi','0'),(250,NULL,'400.00.000','Kewajiban Lancar','0'),(251,NULL,'401.00.000','Hutang Usaha','0'),(252,NULL,'401.01.000','Hutang Usaha Obat','0'),(253,NULL,'401.02.000','Hutang Usaha Non Obat','0'),(254,NULL,'401.03.000','Hutang Usaha Perlengkapan','0'),(255,NULL,'401.04.000','Hutang Usaha Pelayanan Kesehatan','0'),(256,NULL,'401.05.000','Hutang Usaha Investasi','0'),(257,NULL,'401.99.000','Hutang Usaha Lainnya','0'),(258,NULL,'402.00.000','Uper Pasien / Uang Panjar','0'),(259,NULL,'402.01.000','Kelas VVIP','0'),(260,NULL,'402.01.100','Kelas VVIP','0'),(261,NULL,'402.01.200','Kelas VIP Utama','0'),(262,NULL,'402.01.300','Kelas Super VIP','0'),(263,NULL,'402.02.000','Kelas VIP','0'),(264,NULL,'402.02.100','Kelas VIP','0'),(265,NULL,'402.02.200','Kelas VIP A','0'),(266,NULL,'402.02.300','Kelas VIP B','0'),(267,NULL,'402.02.400','Kelas VIP C','0'),(268,NULL,'402.03.000','Kelas I','0'),(269,NULL,'402.03.100','Kelas I','0'),(270,NULL,'402.03.200','Kelas IA','0'),(271,NULL,'402.03.300','Kelas IB','0'),(272,NULL,'402.04.000','Kelas II','0'),(273,NULL,'402.04.100','Kelas II','0'),(274,NULL,'402.04.200','Kelas IIA','0'),(275,NULL,'402.04.300','Kelas IIA','0'),(276,NULL,'402.05.000','Kelas III','0'),(277,NULL,'402.05.100','Kelas III','0'),(278,NULL,'402.05.200','Kelas IIIA','0'),(279,NULL,'402.05.300','Kelas IIIB','0'),(280,NULL,'402.06.000','Kamar Bersalin','0'),(281,NULL,'402.06.100','Kamar Bersalin','0'),(282,NULL,'402.07.000','Ruang Perinatologi','0'),(283,NULL,'402.07.100','Ruang Perinatologi','0'),(284,NULL,'402.08.000','Ruang Isolasi','0'),(285,NULL,'402.08.100','Ruang Isolasi','0'),(286,NULL,'402.09.000','Ruang Anak','0'),(287,NULL,'402.09.100','Ruang Anak','0'),(288,NULL,'402.10.000','Kamar Operasi','0'),(289,NULL,'402.10.100','Kamar Operasi','0'),(290,NULL,'402.11.000','HCU','0'),(291,NULL,'402.11.100','ICU','0'),(292,NULL,'403.00.000','Uang Titipan','0'),(293,NULL,'403.01.000','Utip Jamsostek','0'),(294,NULL,'403.02.000','Utip Potongan Anak Asuh','0'),(295,NULL,'403.03.000','Utip PrimkokaRS','0'),(296,NULL,'403.04.000','Utip Kopegmar','0'),(297,NULL,'403.05.000','Utip Zakat,Infaq & Sodaqoh (ZIS)','0'),(298,NULL,'403.06.000','Utip Serikat Pekerja','0'),(299,NULL,'403.07.000','Utip Premi Jamsostek','0'),(300,NULL,'403.08.000','Utip Iuran Jamsostek','0'),(301,NULL,'403.09.000','Utip Premi Taspen','0'),(302,NULL,'403.10.000','Utip Nilai Tebus Jht','0'),(303,NULL,'403.11.000','Utip Asuransi','0'),(304,NULL,'403.99.000','Utip Lainnya','0'),(305,NULL,'404.00.000','Hutang Jk. Panjang Yang Jatuh Tempo','0'),(306,NULL,'404.01.000','Hutang Jangka Panjang Jatuh Tempo','0'),(307,NULL,'405.00.000','Hutang Bonus','0'),(308,NULL,'405.01.000','Hutang Bonus','0'),(309,NULL,'406.00.000','Hutang Pajak','0'),(310,NULL,'406.01.000','Pph 21','0'),(311,NULL,'406.01.100','Pph 21 Organik','0'),(312,NULL,'406.01.200','Pph 21 Pkwt','0'),(313,NULL,'406.01.300','Pph 21 Tenaga Ahli','0'),(314,NULL,'406.01.400','Pph 21 Penerima Honor','0'),(315,NULL,'406.02.000','Pph 23','0'),(316,NULL,'406.03.000','Ppn Keluaran','0'),(317,NULL,'406.04.000','Bea Perolehan Hak Atas Tanah Dan Bangunan (BPHTB)','0'),(318,NULL,'406.05.000','Pph Psl 4 (2)','0'),(319,NULL,'406.06.000','Hutang Pajak Bumi Dan Bangunan (PBB)','0'),(320,NULL,'406.90.000','Pph Badan','0'),(321,NULL,'409.00.000','Hutang Iuran Dana Pensiun','0'),(322,NULL,'409.01.000','Iuran Peserta','0'),(323,NULL,'409.02.000','Tunjangan Perusahaan','0'),(324,NULL,'410.00.000','Beban Yang Masih Harus Dibayar','0'),(325,NULL,'410.01.000','Beban Gaji Yang Masih Harus Dibayar','0'),(326,NULL,'410.02.000','Beban Jasa Medik Yang Masih Harus Dibayar','0'),(327,NULL,'410.03.000','Beban Jasa Penunjang Medik Ymh Dibayar','0'),(328,NULL,'410.04.000','Beban Air Yang Masih Harus Dibayar','0'),(329,NULL,'410.05.000','Beban Listrik Yang Masih Harus Dibayar','0'),(330,NULL,'410.06.000','Beban Telpon Yang Masih Harus Dibayar','0'),(331,NULL,'410.07.000','Beban Gas Yang Masih Harus Dibayar','0'),(332,NULL,'410.08.000','Beban Sewa Yang Masih Harus Dibayar','0'),(333,NULL,'410.09.000','Beban Insentif Yang Masih Harus Dibayar','0'),(334,NULL,'410.10.000','Beban Pbb Yang Masih Harus Dibayar','0'),(335,NULL,'410.11.000','Beban Premi Kesehatan Yang Masih Harus Dibayar','0'),(336,NULL,'410.90.000','Beban Lainnya Yang Masih Harus Dibayar','0'),(337,NULL,'411.00.000','Pendapatan Diterima Dimuka','0'),(338,NULL,'411.01.000','Pendapatan Yang Diterima Dimuka','0'),(339,NULL,'418.00.000','Hutang Dividen','0'),(340,NULL,'418.01.000','Hutang Dividen','0'),(341,NULL,'419.00.000','Hutang Tantiem','0'),(342,NULL,'419.01.000','Hutang Tantiem','0'),(343,NULL,'429.00.000','Cadangan Klaim','0'),(344,NULL,'429.01.000','Cadangan Klaim','0'),(345,NULL,'499.00.000','Hutang Lancar','0'),(346,NULL,'499.01.000','Hutang Konsul Medik','0'),(347,NULL,'499.90.000','Hutang Lancar Lainnya','0'),(348,NULL,'500.00.000','Kewajiban Jangka Panjang','0'),(349,NULL,'510.00.000','Pinjaman Bank','0'),(350,NULL,'510.01.000','Pinjaman Bank','0'),(351,NULL,'520.00.000','Hutang Jaminan','0'),(352,NULL,'520.01.000','Hutang Jaminan','0'),(353,NULL,'530.00.000','Kewajiban Imbalan Pasca Kerja','0'),(354,NULL,'530.01.000','Kewajiban Imbalan Pasca Kerja','0'),(355,NULL,'540.00.000','Kewajiban Pajak Tangguhan','0'),(356,NULL,'540.01.000','Kewajiban Pajak Tangguhan','0'),(357,NULL,'599.00.000','Kewajiban Jangka Panjang Lainnya','0'),(358,NULL,'599.01.000','Pinjaman Bank','0'),(359,NULL,'599.02.000','Kewajiban Jangka Panjang Lainnya','0'),(360,NULL,'600.00.000','Ekuitas','0'),(361,NULL,'601.00.000','Modal Saham','0'),(362,NULL,'601.01.000','Modal Saham','0'),(363,NULL,'601.01.100','PT. (PeRSero) Pelabuhan Indonesia II','0'),(364,NULL,'601.01.200','Kopegmar','0'),(365,NULL,'602.00.000','Modal Saham Belum Ditempatkan','0'),(366,NULL,'602.01.000','Modal Saham Belum Ditempatkan','0'),(367,NULL,'604.00.000','Modal Saham Disetor','0'),(368,NULL,'604.01.000','PT. (PeRSero) Pelabuhan Indonesia II','0'),(369,NULL,'604.02.000','Kopegmar','0'),(370,NULL,'605.00.000','Modal Donasi','0'),(371,NULL,'605.01.000','Bantuan Pemerintah','0'),(372,NULL,'605.02.000','Bantuan Swasta','0'),(373,NULL,'605.99.000','Bantuan Pihak Lain','0'),(374,NULL,'606.00.000','Selisih Penilaian Kembali Aktiva Tetap','0'),(375,NULL,'606.01.000','Selisih Penilaian Kembali Aktiva Tetap Tanah','0'),(376,NULL,'606.02.000','Selisih Penilaian Kembali Aktiva Tetap Bangunan','0'),(377,NULL,'606.03.000','Selisih Penilaian Kembali Aktiva Tetap Peralatan','0'),(378,NULL,'606.04.000','Selisih Penilaian Kembali Aktiva Tetap Kendaraan','0'),(379,NULL,'606.06.000','Selisih Penilaian Kembali Aktiva Tetap Emplasemen','0'),(380,NULL,'607.00.000','Cadangan Umum','0'),(381,NULL,'607.01.000','Cadangan Umum','0'),(382,NULL,'630.00.000','Laba (Rugi) Periode Lalu','0'),(383,NULL,'630.01.000','Laba (Rugi) Periode Lalu','0'),(384,NULL,'631.00.000','Laba (Rugi) Periode Berjalan','0'),(385,NULL,'631.01.000','Laba (Rugi) Periode Berjalan','0'),(386,NULL,'700.00.000','Pendapatan','0'),(387,NULL,'701.00.000','Pendapatan Pelayanan Medik Dan Keperawatan','0'),(388,NULL,'701.01.000','Instalasi Rawat Jalan','0'),(389,NULL,'701.01.100','Klinik Umum','0'),(390,NULL,'701.01.101','Klinik Umum','0'),(391,NULL,'701.01.102','Klinik Gigi & Mulut','0'),(392,NULL,'701.01.103','KIA','0'),(393,NULL,'701.01.104','MCU','0'),(394,NULL,'701.01.200','Klinik Spesialis','0'),(395,NULL,'701.01.201','Klinik Psycologi','0'),(396,NULL,'701.01.202','Klinik Spesialis Dalam','0'),(397,NULL,'701.01.203','Klinik Spesialis Jantung','0'),(398,NULL,'701.01.204','Klinik Spesialis Anak','0'),(399,NULL,'701.01.205','Klinik Spesialis Bedah Umum','0'),(400,NULL,'701.01.206','Klinik Spesialis Bedah Tulang','0'),(401,NULL,'701.01.207','Klinik Spesialis Bedah Urolog','0'),(402,NULL,'701.01.208','Klinik Spesialis Bedah Syaraf','0'),(403,NULL,'701.01.209','Klinik Spesialis Bedah Plastik','0'),(404,NULL,'701.01.210','Klinik Spesialis Kebidanan/ Kandungan','0'),(405,NULL,'701.01.211','Klinik Spesialis Tht','0'),(406,NULL,'701.01.212','Klinik Spesialis Mata','0'),(407,NULL,'701.01.213','Klinik Spesialis Paru-Paru','0'),(408,NULL,'701.01.214','Klinik Spesialis Kulit/ Kelamin','0'),(409,NULL,'701.01.215','Klinik Spesialis Syaraf','0'),(410,NULL,'701.01.216','Klinik Spesialis Jiwa','0'),(411,NULL,'701.01.217','Klinik Spesialis Bedah Mulut','0'),(412,NULL,'701.01.218','Klinik Orthodentie','0'),(413,NULL,'701.01.219','Klinik Diabetes','0'),(414,NULL,'701.01.220','Klinik Eksekutif','0'),(415,NULL,'701.01.221','Klinik Kecantikan','0'),(416,NULL,'701.01.500','Klinik Luar RSP Jakarta','0'),(417,NULL,'701.01.501','Klinik Umum JICT','0'),(418,NULL,'701.01.502','Klinik Gigi JICT','0'),(419,NULL,'701.01.503','Klinik Tkbm Kramat Jaya','0'),(420,NULL,'701.01.504','Klinik Tkbm Cilincing','0'),(421,NULL,'701.01.505','Klinik Bekasi','0'),(422,NULL,'701.01.600','Klinik Luar RSP Cirebon','0'),(423,NULL,'701.01.700','Klinik Luar RSP Palembang','0'),(424,NULL,'701.01.800','Klinik Luar RS PMC','0'),(425,NULL,'701.02.000','Instalasi Rawat Inap','0'),(426,NULL,'701.02.100','Kelas VVIP','0'),(427,NULL,'701.02.101','Kelas VVIP','0'),(428,NULL,'701.02.102','Kelas VIP Utama','0'),(429,NULL,'701.02.103','Kelas Super VIP','0'),(430,NULL,'701.02.200','Kelas VIP','0'),(431,NULL,'701.02.201','Kelas VIP','0'),(432,NULL,'701.02.202','Kelas VIP A','0'),(433,NULL,'701.02.203','Kelas VIP B','0'),(434,NULL,'701.02.204','Kelas VIP C','0'),(435,NULL,'701.02.300','Kelas I','0'),(436,NULL,'701.02.301','Kelas I','0'),(437,NULL,'701.02.302','Kelas IA','0'),(438,NULL,'701.02.303','Kelas IB','0'),(439,NULL,'701.02.400','Kelas II','0'),(440,NULL,'701.02.401','Kelas II','0'),(441,NULL,'701.02.402','Kelas IIA','0'),(442,NULL,'701.02.403','Kelas IIB','0'),(443,NULL,'701.02.500','Kelas III','0'),(444,NULL,'701.02.501','Kelas III','0'),(445,NULL,'701.02.502','Kelas IIIA','0'),(446,NULL,'701.02.503','Kelas IIIB','0'),(447,NULL,'701.02.600','Kamar Bersalin','0'),(448,NULL,'701.02.601','Kamar Bersalin','0'),(449,NULL,'701.02.700','Ruang Perinatologi','0'),(450,NULL,'701.02.701','Ruang Perinatologi','0'),(451,NULL,'701.02.800','Ruang Isolasi','0'),(452,NULL,'701.02.801','Ruang Isolasi','0'),(453,NULL,'701.02.900','Ruang Anak','0'),(454,NULL,'701.02.901','Ruang Anak','0'),(455,NULL,'701.03.000','Kamar Operasi','0'),(456,NULL,'701.03.100','Kamar Operasi','0'),(457,NULL,'701.03.200','Sewa Alat Operasi','0'),(458,NULL,'701.03.201','Laparascopy','0'),(459,NULL,'701.03.202','Eswl','0'),(460,NULL,'701.04.000','ICU','0'),(461,NULL,'701.04.100','Instalasi ICU','0'),(462,NULL,'701.04.200','Instalasi HCU','0'),(463,NULL,'701.04.300','Recovery Room','0'),(464,NULL,'701.05.000','Instalasi Gawat Darurat','0'),(465,NULL,'701.05.100','IGD','0'),(466,NULL,'701.05.200','Ruang Observasi','0'),(467,NULL,'701.05.300','Kamar Operasi IGD','0'),(468,NULL,'701.05.400','Ambulance Service / K. Jenazah','0'),(469,NULL,'701.06.000','Haemodialisa','0'),(470,NULL,'701.06.100','Haemodialisa','0'),(471,NULL,'701.07.000','Unit Stroke Center','0'),(472,NULL,'701.07.100','Pendapatan Stroke Center','0'),(473,NULL,'702.00.000','Penunjang Medik','0'),(474,NULL,'702.01.000','Instalasi Farmasi','0'),(475,NULL,'702.01.101','Farmasi','0'),(476,NULL,'702.01.102','Farmasi IGD','0'),(477,NULL,'702.01.103','Farmasi Rawat Jalan','0'),(478,NULL,'702.01.104','Farmasi Rawat Inap','0'),(479,NULL,'702.01.199','Farmasi Klinik Luar','0'),(480,NULL,'702.02.000','Instalasi Radiologi','0'),(481,NULL,'702.02.100','Radiologi','0'),(482,NULL,'702.02.200','CT Scan','0'),(483,NULL,'702.02.300','MRI','0'),(484,NULL,'702.02.400','Radiotheraphy','0'),(485,NULL,'702.03.000','Instalasi Laboratorium','0'),(486,NULL,'702.03.100','Laboratorium','0'),(487,NULL,'702.03.200','Patalogi Anatomi','0'),(488,NULL,'702.04.000','Klinik Fisioterapi','0'),(489,NULL,'702.04.100','Klinik Fisioterapi','0'),(490,NULL,'702.05.000','Instalasi Gizi','0'),(491,NULL,'702.05.100','Klinik Gizi','0'),(492,NULL,'702.05.200','Dapur/Permakanan/Restorasi','0'),(493,NULL,'702.50.000','Pusat Diagnostik','0'),(494,NULL,'702.50.101','Usg','0'),(495,NULL,'702.50.102','Emg','0'),(496,NULL,'702.50.103','Endoscopy','0'),(497,NULL,'702.50.104','Treadmil','0'),(498,NULL,'702.50.105','ECG','0'),(499,NULL,'702.50.106','EEG','0'),(500,NULL,'702.50.107','Spirometri','0'),(501,NULL,'702.50.108','Audiometri','0'),(502,NULL,'702.50.109','Nebulizer','0'),(503,NULL,'703.00.000','Pendapatan Kapitasi','0'),(504,NULL,'703.01.000','Pendapatan Kapitasi','0'),(505,NULL,'705.00.000','Pend. Jaminan Pemeliharaan Kesehatan Peserta','0'),(506,NULL,'705.01.000','Pendapatan JPK Peserta JPKM','0'),(507,NULL,'709.00.000','Rupa-Rupa Usaha','0'),(508,NULL,'709.01.000','Administrasi Pasien','0'),(509,NULL,'709.02.000','Karcis Pendaftaran','0'),(510,NULL,'709.03.000','Selisih Klaim Askes / Jamsostek','0'),(511,NULL,'709.04.000','Asrama','0'),(512,NULL,'709.05.000','KSO','0'),(513,NULL,'709.06.000','Pendapatan Karcis Parkir','0'),(514,NULL,'709.07.000','Pendapatan Kamar Jenazah','0'),(515,NULL,'709.08.000','Pendapatan Discount Variabel','0'),(516,NULL,'709.09.000','Pendapatan Kantin','0'),(517,NULL,'709.10.000','Pendapatan Kepaniteraan','0'),(518,NULL,'709.11.000','Sewa Lahan','0'),(519,NULL,'709.12.000','Sewa Bangunan','0'),(520,NULL,'709.99.000','Pendapatan Rupa - Rupa Usaha Lainnya','0'),(521,NULL,'720.00.000','Reduksi Pendapatan','0'),(522,NULL,'721.00.000','Pendapatan Pelayanan Medik Dan Keperawatan','0'),(523,NULL,'721.01.000','Instalasi Rawat Jalan','0'),(524,NULL,'721.01.100','Klinik Umum','0'),(525,NULL,'721.01.101','Klinik Umum','0'),(526,NULL,'721.01.102','Klinik Gigi & Mulut','0'),(527,NULL,'721.01.103','KIA','0'),(528,NULL,'721.01.104','MCU','0'),(529,NULL,'721.01.200','Klinik Spesialis','0'),(530,NULL,'721.01.201','Klinik Psycologi','0'),(531,NULL,'721.01.202','Klinik Spesialis Dalam','0'),(532,NULL,'721.01.203','Klinik Spesialis Jantung','0'),(533,NULL,'721.01.204','Klinik Spesialis Anak','0'),(534,NULL,'721.01.205','Klinik Spesialis Bedah Umum','0'),(535,NULL,'721.01.206','Klinik Spesialis Bedah Tulang','0'),(536,NULL,'721.01.207','Klinik Spesialis Bedah Urolog','0'),(537,NULL,'721.01.208','Klinik Spesialis Bedah Syaraf','0'),(538,NULL,'721.01.209','Klinik Spesialis Bedah Plastik','0'),(539,NULL,'721.01.210','Klinik Spesialis Kebidanan/ Kandungan','0'),(540,NULL,'721.01.211','Klinik Spesialis Tht','0'),(541,NULL,'721.01.212','Klinik Spesialis Mata','0'),(542,NULL,'721.01.213','Klinik Spesialis Paru-Paru','0'),(543,NULL,'721.01.214','Klinik Spesialis Kulit/ Kelamin','0'),(544,NULL,'721.01.215','Klinik Spesialis Syaraf','0'),(545,NULL,'721.01.216','Klinik Spesialis Jiwa','0'),(546,NULL,'721.01.217','Klinik Spesialis Bedah Mulut','0'),(547,NULL,'721.01.218','Klinik Orthodentie','0'),(548,NULL,'721.01.219','Klinik Diabetes','0'),(549,NULL,'721.01.220','Klinik Eksekutif','0'),(550,NULL,'721.01.221','Klinik Kecantikan','0'),(551,NULL,'721.01.500','Klinik Luar RSP Jakarta','0'),(552,NULL,'721.01.501','Klinik Umum JICT','0'),(553,NULL,'721.01.502','Klinik Gigi JICT','0'),(554,NULL,'721.01.503','Klinik Tkbm Kramat Jaya','0'),(555,NULL,'721.01.504','Klinik Tkbm Cilincing','0'),(556,NULL,'721.01.505','Klinik Bekasi','0'),(557,NULL,'721.01.600','Klinik Luar RSP Cirebon','0'),(558,NULL,'721.01.700','Klinik Luar RSP Palembang','0'),(559,NULL,'721.01.800','Klinik Luar RS PMC','0'),(560,NULL,'721.02.000','Instalasi Rawat Inap','0'),(561,NULL,'721.02.100','Kelas VVIP','0'),(562,NULL,'721.02.101','Kelas VVIP','0'),(563,NULL,'721.02.102','Kelas VIP Utama','0'),(564,NULL,'721.02.103','Kelas Super VIP','0'),(565,NULL,'721.02.200','Kelas VIP','0'),(566,NULL,'721.02.201','Kelas VIP','0'),(567,NULL,'721.02.202','Kelas VIP A','0'),(568,NULL,'721.02.203','Kelas VIP B','0'),(569,NULL,'721.02.204','Kelas VIP C','0'),(570,NULL,'721.02.300','Kelas I','0'),(571,NULL,'721.02.301','Kelas I','0'),(572,NULL,'721.02.302','Kelas IA','0'),(573,NULL,'721.02.303','Kelas IB','0'),(574,NULL,'721.02.400','Kelas II','0'),(575,NULL,'721.02.401','Kelas II','0'),(576,NULL,'721.02.402','Kelas IIA','0'),(577,NULL,'721.02.403','Kelas IIB','0'),(578,NULL,'721.02.500','Kelas III','0'),(579,NULL,'721.02.501','Kelas III','0'),(580,NULL,'721.02.502','Kelas IIIA','0'),(581,NULL,'721.02.503','Kelas IIIB','0'),(582,NULL,'721.02.600','Kamar Bersalin','0'),(583,NULL,'721.02.601','Kamar Bersalin','0'),(584,NULL,'721.02.700','Ruang Perinatologi','0'),(585,NULL,'721.02.701','Ruang Perinatologi','0'),(586,NULL,'721.02.800','Ruang Isolasi','0'),(587,NULL,'721.02.801','Ruang Isolasi','0'),(588,NULL,'721.02.900','Ruang Anak','0'),(589,NULL,'721.02.901','Ruang Anak','0'),(590,NULL,'721.03.000','Kamar Operasi','0'),(591,NULL,'721.03.100','Kamar Operasi','0'),(592,NULL,'721.03.200','Sewa Alat Operasi','0'),(593,NULL,'721.03.201','Laparascopy','0'),(594,NULL,'721.03.202','Eswl','0'),(595,NULL,'721.04.000','ICU','0'),(596,NULL,'721.04.100','Instalasi ICU','0'),(597,NULL,'721.04.200','Instalasi HCU','0'),(598,NULL,'721.04.300','Recovery Room','0'),(599,NULL,'721.05.000','Instalasi Gawat Darurat','0'),(600,NULL,'721.05.100','Klinik IGD / P3K','0'),(601,NULL,'721.05.200','Ruang Observasi','0'),(602,NULL,'721.05.300','Kamar Operasi IGD','0'),(603,NULL,'721.05.400','Ambulance Service / K. Jenazah','0'),(604,NULL,'721.06.000','Haemodialisa','0'),(605,NULL,'721.06.100','Haemodialisa','0'),(606,NULL,'722.00.000','Penunjang Medik','0'),(607,NULL,'722.01.000','Instalasi Farmasi','0'),(608,NULL,'722.01.101','Farmasi','0'),(609,NULL,'722.01.102','Farmasi IGD','0'),(610,NULL,'722.01.103','Farmasi Rawat Jalan','0'),(611,NULL,'722.01.104','Farmasi Rawat Inap','0'),(612,NULL,'722.01.199','Farmasi Klinik Luar','0'),(613,NULL,'722.02.000','Instalasi Radiologi','0'),(614,NULL,'722.02.100','Radiologi','0'),(615,NULL,'722.02.200','CT Scan','0'),(616,NULL,'722.02.300','MRI','0'),(617,NULL,'722.02.400','Radiotheraphy','0'),(618,NULL,'722.03.000','Instalasi Laboratorium','0'),(619,NULL,'722.03.100','Laboratorium','0'),(620,NULL,'722.03.200','Patalogi Anatomi','0'),(621,NULL,'722.04.000','Klinik Fisioterapi','0'),(622,NULL,'722.04.100','Klinik Fisioterapi','0'),(623,NULL,'722.05.000','Instalasi Gizi','0'),(624,NULL,'722.05.100','Klinik Gizi','0'),(625,NULL,'722.05.200','Dapur/Permakanan/Restorasi','0'),(626,NULL,'722.90.000','Pusat Diagnostik','0'),(627,NULL,'722.90.101','Usg','0'),(628,NULL,'722.90.102','Emg','0'),(629,NULL,'722.90.103','Endoscopy','0'),(630,NULL,'722.90.104','Treadmil','0'),(631,NULL,'722.90.105','ECG','0'),(632,NULL,'722.90.106','EEG','0'),(633,NULL,'722.90.107','Spirometri','0'),(634,NULL,'722.90.108','Audiometri','0'),(635,NULL,'723.00.000','Pendapatan Kapitasi','0'),(636,NULL,'723.01.000','Pendapatan Kapitasi','0'),(637,NULL,'725.00.000','Pendapatan Jaminan Pemeliharaan Kesehatan (JPK)','0'),(638,NULL,'725.01.000','Pendapatan Premi','0'),(639,NULL,'729.00.000','Rupa-Rupa Usaha','0'),(640,NULL,'729.01.000','Administrasi Pasien','0'),(641,NULL,'729.02.000','Karcis Pendaftaran','0'),(642,NULL,'729.03.000','Selisih Klaim Askes / Jamsostek','0'),(643,NULL,'729.04.000','Asrama','0'),(644,NULL,'729.05.000','KSO','0'),(645,NULL,'729.06.000','Pendapatan Karcis Parkir','0'),(646,NULL,'729.07.000','Pendapatan Kamar Jenazah','0'),(647,NULL,'729.08.000','Pendapatan Discount Variabel','0'),(648,NULL,'729.09.000','Pendapatan Kantin','0'),(649,NULL,'729.10.000','Pendapatan Kepaniteraan','0'),(650,NULL,'729.11.000','Sewa Lahan','0'),(651,NULL,'729.12.000','Sewa Bangunan','0'),(652,NULL,'729.99.000','Pendapatan Rupa - Rupa Usaha Lainnya','0'),(653,NULL,'791.00.000','Pendapatan Diluar Usaha','0'),(654,NULL,'791.01.000','Pendapatan Jasa Giro','0'),(655,NULL,'791.02.000','Pendapatan Selisih Persediaan','0'),(656,NULL,'791.03.000','Pendapatan Selisih Penjualan Aset','0'),(657,NULL,'791.90.000','Pendapatan Diluar Usaha Lainnya','0'),(658,NULL,'800.00.000','Beban','0'),(659,NULL,'801.00.000','Pelayanan Medik & Keperawatan','0'),(660,NULL,'801.01.000','Instalasi Rawat Jalan','0'),(661,NULL,'801.01.100','Klinik Umum','0'),(662,NULL,'801.01.101','Klinik Umum','0'),(663,NULL,'801.01.102','Klinik Gigi & Mulut','0'),(664,NULL,'801.01.103','KIA','0'),(665,NULL,'801.01.104','MCU','0'),(666,NULL,'801.01.200','Klinik Spesialis','0'),(667,NULL,'801.01.201','Klinik Psycologi','0'),(668,NULL,'801.01.202','Klinik Spesialis Dalam','0'),(669,NULL,'801.01.203','Klinik Spesialis Jantung','0'),(670,NULL,'801.01.204','Klinik Spesialis Anak','0'),(671,NULL,'801.01.205','Klinik Spesialis Bedah Umum','0'),(672,NULL,'801.01.206','Klinik Spesialis Bedah Tulang','0'),(673,NULL,'801.01.207','Klinik Spesialis Bedah Urolog','0'),(674,NULL,'801.01.208','Klinik Spesialis Bedah Syaraf','0'),(675,NULL,'801.01.209','Klinik Spesialis Bedah Plastik','0'),(676,NULL,'801.01.210','Klinik Spesialis Kebidanan/ Kandungan','0'),(677,NULL,'801.01.211','Klinik Spesialis Tht','0'),(678,NULL,'801.01.212','Klinik Spesialis Mata','0'),(679,NULL,'801.01.213','Klinik Spesialis Paru-Paru','0'),(680,NULL,'801.01.214','Klinik Spesialis Kulit/ Kelamin','0'),(681,NULL,'801.01.215','Klinik Spesialis Syaraf','0'),(682,NULL,'801.01.216','Klinik Spesialis Jiwa','0'),(683,NULL,'801.01.217','Klinik Spesialis Bedah Mulut','0'),(684,NULL,'801.01.218','Klinik Orthodentie','0'),(685,NULL,'801.01.219','Klinik Diabetes','0'),(686,NULL,'801.01.220','Klinik Eksekutif','0'),(687,NULL,'801.01.221','Klinik Kecantikan','0'),(688,NULL,'801.01.500','Klinik Luar RSP Jakarta','0'),(689,NULL,'801.01.501','Klinik Umum JICT','0'),(690,NULL,'801.01.502','Klinik Gigi JICT','0'),(691,NULL,'801.01.503','Klinik Tkbm Kramat Jaya','0'),(692,NULL,'801.01.504','Klinik Tkbm Cilincing','0'),(693,NULL,'801.01.505','Kinik Bekasi','0'),(694,NULL,'801.01.600','Klinik Luar RSP Cirebon','0'),(695,NULL,'801.01.700','Klinik Luar RSP Palembang','0'),(696,NULL,'801.01.800','Klinik Luar RS PMC','0'),(697,NULL,'801.02.000','Instalasi Rawat Inap','0'),(698,NULL,'801.02.100','Kelas VVIP','0'),(699,NULL,'801.02.101','Kelas VVIP','0'),(700,NULL,'801.02.102','Kelas VIP Utama','0'),(701,NULL,'801.02.103','Kelas Super VIP','0'),(702,NULL,'801.02.200','Kelas VIP','0'),(703,NULL,'801.02.201','Kelas VIP','0'),(704,NULL,'801.02.202','Kelas VIP A','0'),(705,NULL,'801.02.203','Kelas VIP B','0'),(706,NULL,'801.02.204','Kelas VIP C','0'),(707,NULL,'801.02.300','Kelas I','0'),(708,NULL,'801.02.301','Kelas I','0'),(709,NULL,'801.02.302','Kelas IA','0'),(710,NULL,'801.02.303','Kelas IB','0'),(711,NULL,'801.02.400','Kelas II','0'),(712,NULL,'801.02.401','Kelas II','0'),(713,NULL,'801.02.402','Kelas IIA','0'),(714,NULL,'801.02.403','Kelas IIB','0'),(715,NULL,'801.02.500','Kelas III','0'),(716,NULL,'801.02.501','Kelas III','0'),(717,NULL,'801.02.502','Kelas IIIA','0'),(718,NULL,'801.02.503','Kelas IIIB','0'),(719,NULL,'801.02.600','Kamar Bersalin','0'),(720,NULL,'801.02.601','Kamar Bersalin','0'),(721,NULL,'801.02.700','Ruang Perinatologi','0'),(722,NULL,'801.02.701','Ruang Perinatologi','0'),(723,NULL,'801.02.800','Ruang Isolasi','0'),(724,NULL,'801.02.801','Ruang Isolasi','0'),(725,NULL,'801.02.900','Ruang Anak','0'),(726,NULL,'801.02.901','Ruang Anak','0'),(727,NULL,'801.03.000','Kamar Operasi','0'),(728,NULL,'801.03.100','Kamar Operasi','0'),(729,NULL,'801.04.000','ICU','0'),(730,NULL,'801.04.100','Instalasi ICU','0'),(731,NULL,'801.05.000','IGD','0'),(732,NULL,'801.05.100','IGD','0'),(733,NULL,'801.05.200','Ruang Observasi','0'),(734,NULL,'801.05.300','Kamar OpeRSi IGD','0'),(735,NULL,'801.05.400','Ambulance Service/ Mobil Jenazah','0'),(736,NULL,'801.06.000','Haemodialisa','0'),(737,NULL,'801.06.100','Haemodialisa','0'),(738,NULL,'801.07.000','Unit Stroke','0'),(739,NULL,'801.07.100','Unit Stroke Center','0'),(740,NULL,'801.90.000','Bersama Pelayanan Medik & Keperawatan','0'),(741,NULL,'801.90.100','Bersama Instalasi Rawat Jalan','0'),(742,NULL,'801.90.101','Bersama Instalasi Rawat Inap Dan HCU','0'),(743,NULL,'801.90.102','Bersama Ok Dan IGD','0'),(744,NULL,'801.90.103','Bersama Ok Dan HCU','0'),(745,NULL,'801.90.104','Bersama Bidang Adm.Pelayanan Medik','0'),(746,NULL,'801.90.105','Bersama Bidang Keperawatan','0'),(747,NULL,'801.90.106','Bersama Seksi Askep & Mutu','0'),(748,NULL,'801.90.107','Bersama Seksi Ketenagaan & Perlengkapan','0'),(749,NULL,'801.90.108','Bersama Central Opname','0'),(750,NULL,'801.90.900','Bersama Wakil Kepala Medik & Keperawatan','0'),(751,NULL,'802.00.000','Penunjang Medik','0'),(752,NULL,'802.01.000','Instalasi Farmasi','0'),(753,NULL,'802.01.101','Farmasi','0'),(754,NULL,'802.01.102','Farmasi IGD','0'),(755,NULL,'802.01.103','Farmasi Rawat Jalan','0'),(756,NULL,'802.01.104','Farmasi Rawat Inap','0'),(757,NULL,'802.01.199','Farmasi Klinik Luar','0'),(758,NULL,'802.01.201','Administrasi Dan Perbekalan Farmasi','0'),(759,NULL,'802.01.900','Bersama Instalasi Farmasi','0'),(760,NULL,'802.02.000','Instalasi Radiologi','0'),(761,NULL,'802.02.100','Radiologi','0'),(762,NULL,'802.02.200','CT Scan','0'),(763,NULL,'802.02.300','MRI','0'),(764,NULL,'802.02.400','Radiotheraphy','0'),(765,NULL,'802.03.000','Instalasi Laboratorium','0'),(766,NULL,'802.03.100','Laboratorium','0'),(767,NULL,'802.03.200','Patalogi Anatomi','0'),(768,NULL,'802.04.000','Fisioteraphy','0'),(769,NULL,'802.04.100','Klinik Fisioterapi','0'),(770,NULL,'802.05.000','Instalasi Gizi','0'),(771,NULL,'802.05.100','Klinik Gizi','0'),(772,NULL,'802.05.200','Dapur/Permakanan/Restorasi','0'),(773,NULL,'802.05.900','Bersama Instalasi Gizi','0'),(774,NULL,'802.50.000','Pusat Diagnostik','0'),(775,NULL,'802.50.101','Usg','0'),(776,NULL,'802.50.102','Emg','0'),(777,NULL,'802.50.103','Endoscopy','0'),(778,NULL,'802.50.104','Treadmil','0'),(779,NULL,'802.50.105','EKG/ ECG','0'),(780,NULL,'802.50.106','EEG','0'),(781,NULL,'802.50.107','Spirometri','0'),(782,NULL,'802.50.108','Audiometri','0'),(783,NULL,'802.50.109','Nebulizer','0'),(784,NULL,'802.50.900','Bersama Pusat Diagnostik','0'),(785,NULL,'802.60.000','Bagian Rekam Medik','0'),(786,NULL,'802.60.100','Adm Medis','0'),(787,NULL,'802.60.200','Data & Laporan','0'),(788,NULL,'802.60.300','Central Opname','0'),(789,NULL,'802.60.900','Bersama Bagian Rekam Medik','0'),(790,NULL,'802.90.000','Bersama Penunjang Medik','0'),(791,NULL,'802.90.500','Bersama Kabid Penunjang Medik','0'),(792,NULL,'802.90.600','Bersama Kabid Adm.Penunjang Medik','0'),(793,NULL,'802.90.900','Bersama Wakil Kepala Penunjang Medik','0'),(794,NULL,'803.00.000','Operasional Medik','0'),(795,NULL,'803.01.000','Operasional Medik','0'),(796,NULL,'803.01.900','Bersama Wakil Kepala Medik','0'),(797,NULL,'805.00.000','Kapitasi','0'),(798,NULL,'805.01.000','Kapitasi','0'),(799,NULL,'809.00.000','Rupa-Rupa Usaha','0'),(800,NULL,'809.01.000','Ambulance Service/ Mobil Jenazah','0'),(801,NULL,'809.02.000','Biaya Kepaniteraan','0'),(802,NULL,'809.99.000','Biaya Rupa-Rupa Usaha Lainnya','0'),(803,NULL,'810.00.000','Komite Medik','0'),(804,NULL,'810.01.000','Komite Medik','0'),(805,NULL,'811.00.000','Komite Mutu','0'),(806,NULL,'811.01.000','Komite Mutu','0'),(807,NULL,'812.00.000','Personalia & Umum','0'),(808,NULL,'812.01.000','Bagian Personalia & Tata Usaha','0'),(809,NULL,'812.01.100','Personalia','0'),(810,NULL,'812.01.200','Tata Usaha','0'),(811,NULL,'812.01.300','Diklat','0'),(812,NULL,'812.01.400','Sekretaris Kepala','0'),(813,NULL,'812.01.900','Bersama Bagian Personalia & Tata Usaha','0'),(814,NULL,'812.02.000','Bagian Rumah Tangga','0'),(815,NULL,'812.02.100','Administrasi Rumah Tangga & Inventaris','0'),(816,NULL,'812.02.200','Pengadaan & Ambulance','0'),(817,NULL,'812.02.300','Laundry','0'),(818,NULL,'812.02.900','Bersama Bagian Rumah Tangga','0'),(819,NULL,'812.03.000','Bagian Instalasi Pemeliharaan Sarana','0'),(820,NULL,'812.03.100','Teknik Sipil','0'),(821,NULL,'812.03.200','Teknik Mesin Dan Listrik','0'),(822,NULL,'812.03.300','Elektro Medik & Sterilisasi Sentral','0'),(823,NULL,'812.03.900','Bersama Unit Pemeliharaan Sarana','0'),(824,NULL,'812.04.000','Bagian Keamanan & Kebersihan','0'),(825,NULL,'812.04.100','Keamanan','0'),(826,NULL,'812.04.200','Kebersihan','0'),(827,NULL,'812.04.900','Bersama Keamanan Dan Kebersihan','0'),(828,NULL,'812.09.000','Bersama Personalia & Umum','0'),(829,NULL,'812.09.900','Bersama Wakil Kepala Personalia Dan Umum','0'),(830,NULL,'813.00.000','Keuangan','0'),(831,NULL,'813.01.000','Bagian Tu Keuangan & Perbendaharaan','0'),(832,NULL,'813.01.100','Tuk & Perbendaharaan','0'),(833,NULL,'813.01.200','Piutang','0'),(834,NULL,'813.01.300','Guper','0'),(835,NULL,'813.01.400','Gaji/ Upah','0'),(836,NULL,'813.01.500','Kasir','0'),(837,NULL,'813.01.900','Bersama Bagian Tuk & Perbendaharaan','0'),(838,NULL,'813.02.000','Bagian Akuntansi & Anggaran','0'),(839,NULL,'813.02.100','Akuntansi','0'),(840,NULL,'813.02.200','Anggaran','0'),(841,NULL,'813.02.900','Bersama Bagian Akuntansi & Anggaran','0'),(842,NULL,'813.09.000','Bersama Keuangan','0'),(843,NULL,'813.09.900','Bersama Wakil Kepala Keuangan','0'),(844,NULL,'814.00.000','Administrasi','0'),(845,NULL,'814.01.000','Administrasi','0'),(846,NULL,'814.01.900','Bersama Wakil Kepala Administrasi','0'),(847,NULL,'820.00.000','Kepala Rumah Sakit','0'),(848,NULL,'820.01.000','Bagian Teknologi Sistem Informasi','0'),(849,NULL,'820.01.100','Perangkat Keras','0'),(850,NULL,'820.01.200','Perangkat Lunak','0'),(851,NULL,'820.01.900','Bersama Bagian Teknologi Sistem Informasi','0'),(852,NULL,'820.02.000','Bagian Pelayanan Pelanggan & Pemasaran','0'),(853,NULL,'820.02.100','Pelayanan Pelanggan Dan Pemasaran','0'),(854,NULL,'820.02.900','Bersama Bagian Pelayanan Pelanggan & Pemasaran','0'),(855,NULL,'820.03.000','Kepala Rumah Sakit','0'),(856,NULL,'820.03.100','Kepala Rumah Sakit','0'),(857,NULL,'829.00.000','Pelayanan Kesehatan','0'),(858,NULL,'829.01.000','Beban Pelayanan Kesehatan Bapel','0'),(859,NULL,'829.02.000','Beban Pelayanan Kesehatan Tkbm','0'),(860,NULL,'829.03.000','Beban Pelayanan Kesehatan RSP','0'),(861,NULL,'860.00.000','Bapel JPKM','0'),(862,NULL,'861.00.000','Asisten Manager Administrasi','0'),(863,NULL,'861.01.000','Supervisor Keuangan','0'),(864,NULL,'861.02.000','Supervisor Personalia & Umum','0'),(865,NULL,'861.99.000','Bersama Asisten Manager Administrasi','0'),(866,NULL,'862.00.000','Asisten Manager Pemeliharaan Kesehatan','0'),(867,NULL,'862.01.000','Supervisor Quality Asurance & Utilisasi Review','0'),(868,NULL,'862.02.000','Supervisor Provider Servive & Pemasaran','0'),(869,NULL,'862.99.000','Bersama Asisten Manager Pemeliharaan Kesehatan','0'),(870,NULL,'863.00.000','Bersama Manager Bapel JPKM','0'),(871,NULL,'863.99.000','Bersama Manager Bapel JPKM','0'),(872,NULL,'870.00.000','Kantor Pusat PT.RSP','0'),(873,NULL,'871.00.000','Direktur Utama','0'),(874,NULL,'871.01.100','Beban Direktur Utama','0'),(875,NULL,'872.00.000','Direktur Administrasi','0'),(876,NULL,'872.01.000','Asdir. Bidang Keuangan','0'),(877,NULL,'872.01.100','Kabid. Tuk & Perbendaharaan','0'),(878,NULL,'872.01.200','Kabid. Akuntansi & Anggaran','0'),(879,NULL,'872.01.900','Bersama Asdir. Bidang Keuangan','0'),(880,NULL,'872.02.000','Asdir.Bidang Personalia & Umum','0'),(881,NULL,'872.02.100','Kabid. Personalia, Hukum & Umum','0'),(882,NULL,'872.02.200','Kabid. Datin','0'),(883,NULL,'872.02.900','Bersama Asdir. Bidang Personalia & Umum','0'),(884,NULL,'872.90.000','Bersama Direktur Administrasi','0'),(885,NULL,'872.90.100','Bersama Direktur Administrasi','0'),(886,NULL,'873.00.000','Direktur Medik','0'),(887,NULL,'873.01.000','Asdir.Bidang Perencanaan & Pemasaran','0'),(888,NULL,'873.01.100','Kabid. Perencanaan','0'),(889,NULL,'873.01.200','Kabid. Pemasaran','0'),(890,NULL,'873.01.900','Bersama Asdir.Bidang Perencanaan & Pemasaran','0'),(891,NULL,'873.90.000','Bersama Direktur Medik','0'),(892,NULL,'873.90.100','Bersama Direktur Medik','0'),(893,NULL,'874.00.000','Bersama Direksi','0'),(894,NULL,'874.90.100','Bersama Direksi','0'),(895,NULL,'875.00.000','Bersama Dewan Komisaris','0'),(896,NULL,'875.90.100','Bersama Dewan Komisaris','0'),(897,NULL,'890.00.000','Beban Diluar Usaha','0'),(898,NULL,'890.01.000','Beban Selisih Persediaan','0'),(899,NULL,'890.02.000','Beban Selisih Rugi Penjualan Aset','0'),(900,NULL,'890.90.000','Beban Diluar Usaha Lainnya','0'),(901,NULL,'900.00.000','Rekening Koran','0'),(902,NULL,'910.00.000','R/K Lancar','0'),(903,NULL,'910.01.000','R/K Lancar RSP Jakarta','0'),(904,NULL,'910.01.100','Setoran Kas RSP Jakarta','0'),(905,NULL,'910.01.200','Pemindahbukuan RSP Jakarta','0'),(906,NULL,'910.02.000','R/K Lancar RSP Cirebon','0'),(907,NULL,'910.02.100','Setoran Kas RSP Cirebon','0'),(908,NULL,'910.02.200','Pemindahbukuan RSP Cirebon','0'),(909,NULL,'910.03.000','R/K Lancar RSP Palembang','0'),(910,NULL,'910.03.100','Setoran Kas RSP Palembang','0'),(911,NULL,'910.03.200','Pemindahbukuan RSP Palembang','0'),(912,NULL,'910.04.000','R/K Lancar RS Port Medical Center','0'),(913,NULL,'910.04.100','Setoran Kas PMC','0'),(914,NULL,'910.04.200','Pemindahbukuan PMC','0'),(915,NULL,'910.05.000','R/K Lancar Bapel JPKM','0'),(916,NULL,'910.05.100','Setoran Kas Bapel JPKM','0'),(917,NULL,'910.05.200','Pemindahbukuan Bapel JPKM','0'),(918,NULL,'910.06.000','R/K Lancar Kantor Pusat PT.RSP','0'),(919,NULL,'910.06.100','Setoran Kas Kantor Pusat PT.RSP','0'),(920,NULL,'910.06.200','Pemindahbukuan Kantor Pusat PT.RSP','0'),(921,NULL,'920.00.000','R/K Permanen','0'),(922,NULL,'920.01.000','R/K Permanen RSP Jakarta','0'),(923,NULL,'920.01.100','Setoran Kas (Investasi RSP Jakarta)','0'),(924,NULL,'920.01.200','Pemindahbukuan Laba/ Rugi RSP Jakarta','0'),(925,NULL,'920.02.000','R/K Permanen RSP Cirebon','0'),(926,NULL,'920.02.100','Setoran Kas (Investasi Cirebon)','0'),(927,NULL,'920.02.200','Pemindahbukuan Laba/ Rugi Cirebon','0'),(928,NULL,'920.03.000','R/K Permanen RSP Palembang','0'),(929,NULL,'920.03.100','Setoran Kas (Investasi Palembang)','0'),(930,NULL,'920.03.200','Pemindahbukuan Laba/ Rugi Palembang','0'),(931,NULL,'920.04.000','R/K Permanen RS Port Medical Center','0'),(932,NULL,'920.04.100','Setoran Kas (Investasi PMC)','0'),(933,NULL,'920.04.200','Pemindahbukuan Laba/ Rugi PMC','0'),(934,NULL,'920.05.000','R/K Permanen Bapel JPKM','0'),(935,NULL,'920.05.100','Setoran Kas (Investasi Bapel JPKM)','0'),(936,NULL,'920.05.200','Pemindahbukuan Laba/ Rugi Bapel JPKM','0'),(937,NULL,'920.06.000','R/K Permanen Kantor Pusat PT.RSP','0'),(938,NULL,'920.06.100','Setoran Kas (Investasi Kantor Pusat PT.RSP)','0'),(939,NULL,'920.06.200','Pemindahbukuan Laba/ Rugi Kantor Pusat PT.RSP','0'),(940,NULL,'929.01.100','Setoran Kas (Investasi RSP Jakarta)','0'),(941,NULL,'501.01.000','Beban Biaya Obat','0'),(942,NULL,'101.09.300','Tunai Rupiah','0');
/*!40000 ALTER TABLE `tbm_coa` ENABLE KEYS */;
UNLOCK TABLES;

--
-- Table structure for table `tbm_coa_kodrek_group`
--

DROP TABLE IF EXISTS `tbm_coa_kodrek_group`;
/*!40101 SET @saved_cs_client     = @@character_set_client */;
/*!40101 SET character_set_client = utf8 */;
CREATE TABLE `tbm_coa_kodrek_group` (
  `id` varchar(20) NOT NULL,
  `kode_group` varchar(60) DEFAULT NULL,
  `nama` varchar(100) DEFAULT NULL,
  `deleted` char(1) DEFAULT '0',
  PRIMARY KEY (`id`),
  UNIQUE KEY `id` (`id`)
) ENGINE=InnoDB DEFAULT CHARSET=latin1 PACK_KEYS=0;
/*!40101 SET character_set_client = @saved_cs_client */;

--
-- Dumping data for table `tbm_coa_kodrek_group`
--

LOCK TABLES `tbm_coa_kodrek_group` WRITE;
/*!40000 ALTER TABLE `tbm_coa_kodrek_group` DISABLE KEYS */;
INSERT INTO `tbm_coa_kodrek_group` VALUES ('1','100','AKTIVA LANCAR','0'),('2','101','AKTIVA TETAP','0'),('3','102','AKTIVA TETAP LAIN_LAIN','0'),('4','103','KEWAJIBAN LANCAR','0'),('5','104','KEWAJIBAN TETAP','0'),('6','105','EKUITAS','0'),('7','106','PENDAPATAN','0'),('8','107','BIAYA','0'),('9','108','REKENING KORAN','0');
/*!40000 ALTER TABLE `tbm_coa_kodrek_group` ENABLE KEYS */;
UNLOCK TABLES;

--
-- Table structure for table `tbm_department`
--

DROP TABLE IF EXISTS `tbm_department`;
/*!40101 SET @saved_cs_client     = @@character_set_client */;
/*!40101 SET character_set_client = utf8 */;
CREATE TABLE `tbm_department` (
  `id` int(11) NOT NULL AUTO_INCREMENT,
  `id_parent` int(11) DEFAULT '0',
  `nama` varchar(200) DEFAULT NULL,
  `kode` varchar(60) DEFAULT NULL,
  `deleted` char(1) DEFAULT '0',
  PRIMARY KEY (`id`)
) ENGINE=InnoDB AUTO_INCREMENT=48 DEFAULT CHARSET=latin1;
/*!40101 SET character_set_client = @saved_cs_client */;

--
-- Dumping data for table `tbm_department`
--

LOCK TABLES `tbm_department` WRITE;
/*!40000 ALTER TABLE `tbm_department` DISABLE KEYS */;
INSERT INTO `tbm_department` VALUES (1,0,'Operational','2','1'),(2,0,'Manager','1','1'),(3,0,'Assisten','2','1'),(4,0,'Transport & Alat Berat','3','1'),(5,0,'Finance','6','1'),(6,5,'Sub Finance','6456','1'),(7,5,'Sub FInance 2','667','1'),(8,0,'Keuangan & Akuntansi','2','0'),(9,8,'IT Jaringan','901','1'),(10,8,'IT Software','902','1'),(11,2,'001','1','1'),(12,3,'002','2','1'),(13,4,'003','3','1'),(14,8,'004','4','1'),(15,0,'Pengadaan  & Logistik, Gudang','3','0'),(16,15,'003','3','0'),(17,0,'Keamanan','4','0'),(18,17,'004','4','0'),(19,0,'Kantor PKS','5','0'),(20,19,'005','5','0'),(21,0,'','','1'),(22,21,'007','7','1'),(23,0,'Timbangan','6','0'),(24,23,'006','6','0'),(25,0,'Proses Shift I','7','0'),(26,25,'007','7','0'),(27,0,'Proses Shift II','8','0'),(28,27,'008','8','0'),(29,0,'Workshop','9','0'),(30,29,'009','9','0'),(31,0,'Transport & Alat Berat','1','0'),(32,31,'001','1','0'),(33,8,'002','2','0'),(34,0,'Laboratorium','10','0'),(35,34,'010','10','0'),(36,0,'','','1'),(37,36,'010','10','1'),(38,0,'','','1'),(39,38,'010','10','1'),(40,0,'Sortase','11','0'),(41,40,'011','11','0'),(42,0,'','','1'),(43,42,'011','11','1'),(44,0,'BHL Kandir','12','0'),(45,44,'012','12','0'),(46,0,'BHL PKS','13','0'),(47,46,'013','13','0');
/*!40000 ALTER TABLE `tbm_department` ENABLE KEYS */;
UNLOCK TABLES;

--
-- Table structure for table `tbm_distribusi`
--

DROP TABLE IF EXISTS `tbm_distribusi`;
/*!40101 SET @saved_cs_client     = @@character_set_client */;
/*!40101 SET character_set_client = utf8 */;
CREATE TABLE `tbm_distribusi` (
  `iddistribusi` int(11) NOT NULL AUTO_INCREMENT,
  `idsubpayroll` int(11) DEFAULT NULL,
  `distribusi` varchar(200) DEFAULT NULL,
  `keterangan` text,
  PRIMARY KEY (`iddistribusi`)
) ENGINE=InnoDB DEFAULT CHARSET=latin1;
/*!40101 SET character_set_client = @saved_cs_client */;

--
-- Dumping data for table `tbm_distribusi`
--

LOCK TABLES `tbm_distribusi` WRITE;
/*!40000 ALTER TABLE `tbm_distribusi` DISABLE KEYS */;
/*!40000 ALTER TABLE `tbm_distribusi` ENABLE KEYS */;
UNLOCK TABLES;

--
-- Table structure for table `tbm_expense`
--

DROP TABLE IF EXISTS `tbm_expense`;
/*!40101 SET @saved_cs_client     = @@character_set_client */;
/*!40101 SET character_set_client = utf8 */;
CREATE TABLE `tbm_expense` (
  `id` int(11) NOT NULL AUTO_INCREMENT,
  `expense_category_id` int(11) DEFAULT NULL,
  `nama` varchar(100) DEFAULT NULL,
  `deleted` char(1) DEFAULT '0',
  PRIMARY KEY (`id`),
  UNIQUE KEY `id` (`id`)
) ENGINE=InnoDB AUTO_INCREMENT=4 DEFAULT CHARSET=latin1 PACK_KEYS=0;
/*!40101 SET character_set_client = @saved_cs_client */;

--
-- Dumping data for table `tbm_expense`
--

LOCK TABLES `tbm_expense` WRITE;
/*!40000 ALTER TABLE `tbm_expense` DISABLE KEYS */;
INSERT INTO `tbm_expense` VALUES (1,1,'PEMBIBITAN','0'),(2,1,'PEMUPUKAN','0'),(3,1,'PEMBIBITAN','1');
/*!40000 ALTER TABLE `tbm_expense` ENABLE KEYS */;
UNLOCK TABLES;

--
-- Table structure for table `tbm_expense_category`
--

DROP TABLE IF EXISTS `tbm_expense_category`;
/*!40101 SET @saved_cs_client     = @@character_set_client */;
/*!40101 SET character_set_client = utf8 */;
CREATE TABLE `tbm_expense_category` (
  `id` int(11) NOT NULL AUTO_INCREMENT,
  `nama` varchar(100) DEFAULT NULL,
  `deleted` char(1) DEFAULT '0',
  PRIMARY KEY (`id`),
  UNIQUE KEY `id` (`id`)
) ENGINE=InnoDB AUTO_INCREMENT=3 DEFAULT CHARSET=latin1 PACK_KEYS=0;
/*!40101 SET character_set_client = @saved_cs_client */;

--
-- Dumping data for table `tbm_expense_category`
--

LOCK TABLES `tbm_expense_category` WRITE;
/*!40000 ALTER TABLE `tbm_expense_category` DISABLE KEYS */;
INSERT INTO `tbm_expense_category` VALUES (1,'BIAYA KEBUN','0'),(2,'BIAYA 2','0');
/*!40000 ALTER TABLE `tbm_expense_category` ENABLE KEYS */;
UNLOCK TABLES;

--
-- Table structure for table `tbm_golongan_karyawan`
--

DROP TABLE IF EXISTS `tbm_golongan_karyawan`;
/*!40101 SET @saved_cs_client     = @@character_set_client */;
/*!40101 SET character_set_client = utf8 */;
CREATE TABLE `tbm_golongan_karyawan` (
  `id` int(11) NOT NULL AUTO_INCREMENT,
  `nama` varchar(60) DEFAULT NULL,
  `gaji_pokok` float(11,2) DEFAULT NULL,
  `deleted` char(1) DEFAULT '0',
  PRIMARY KEY (`id`)
) ENGINE=InnoDB AUTO_INCREMENT=6 DEFAULT CHARSET=latin1;
/*!40101 SET character_set_client = @saved_cs_client */;

--
-- Dumping data for table `tbm_golongan_karyawan`
--

LOCK TABLES `tbm_golongan_karyawan` WRITE;
/*!40000 ALTER TABLE `tbm_golongan_karyawan` DISABLE KEYS */;
INSERT INTO `tbm_golongan_karyawan` VALUES (1,'F-1',2500000.00,'0'),(2,'F-2',2350000.00,'0'),(3,'F-3',2450000.00,'1'),(4,'F-3',2450000.00,'0'),(5,'A-1',2513250.00,'0');
/*!40000 ALTER TABLE `tbm_golongan_karyawan` ENABLE KEYS */;
UNLOCK TABLES;

--
-- Table structure for table `tbm_jabatan`
--

DROP TABLE IF EXISTS `tbm_jabatan`;
/*!40101 SET @saved_cs_client     = @@character_set_client */;
/*!40101 SET character_set_client = utf8 */;
CREATE TABLE `tbm_jabatan` (
  `id` int(11) NOT NULL AUTO_INCREMENT,
  `id_department` int(11) DEFAULT NULL,
  `id_subdepartment` int(11) DEFAULT NULL,
  `nama` varchar(200) DEFAULT NULL,
  `kode` varchar(60) DEFAULT NULL,
  `kuota` int(11) DEFAULT NULL,
  `id_level_distribusi` int(11) DEFAULT NULL,
  `jatah_cuti` int(11) DEFAULT '0',
  `tunjangan_jabatan` float(11,0) DEFAULT NULL,
  `tunjangan_komunikasi` float(11,0) DEFAULT NULL,
  `premi_karyawan` float(11,0) DEFAULT '0',
  `deleted` char(1) DEFAULT '0',
  PRIMARY KEY (`id`)
) ENGINE=InnoDB AUTO_INCREMENT=12 DEFAULT CHARSET=latin1;
/*!40101 SET character_set_client = @saved_cs_client */;

--
-- Dumping data for table `tbm_jabatan`
--

LOCK TABLES `tbm_jabatan` WRITE;
/*!40000 ALTER TABLE `tbm_jabatan` DISABLE KEYS */;
INSERT INTO `tbm_jabatan` VALUES (1,8,10,'Seniort Programmer','1010101',3,1,12,NULL,NULL,0,'1'),(2,31,32,'Pb. Operator Wel Loader','2',2,1,12,NULL,NULL,0,'0'),(3,31,32,'Operator Wel Loader','1',2,1,12,NULL,NULL,0,'0'),(4,8,33,'Staff Accounting & Budget','1',3,1,12,NULL,NULL,0,'0'),(5,8,33,'Staff Accounting & Pajak','2',3,1,12,NULL,NULL,0,'0'),(6,8,33,'Staff Keuangan & Kasir','3',3,1,12,NULL,NULL,0,'0'),(7,15,16,'Pengadaan & Logistik','1',3,1,12,NULL,NULL,0,'0'),(8,15,16,'Kr. Gudang','2',3,1,12,NULL,NULL,0,'0'),(9,15,16,'Pb. Kr. Gudang','3',3,1,12,NULL,NULL,0,'0'),(10,17,18,'Satpam','1',12,1,12,NULL,NULL,0,'0'),(11,19,20,'Kr. Produksi','1',1,0,12,0,0,0,'0');
/*!40000 ALTER TABLE `tbm_jabatan` ENABLE KEYS */;
UNLOCK TABLES;

--
-- Table structure for table `tbm_jadwal`
--

DROP TABLE IF EXISTS `tbm_jadwal`;
/*!40101 SET @saved_cs_client     = @@character_set_client */;
/*!40101 SET character_set_client = utf8 */;
CREATE TABLE `tbm_jadwal` (
  `id` int(11) NOT NULL AUTO_INCREMENT,
  `idcab` int(11) DEFAULT NULL,
  `idkaryawan` int(11) DEFAULT NULL,
  `tanggal` date DEFAULT NULL,
  `shif` varchar(3) DEFAULT NULL,
  `istirahat` time DEFAULT NULL,
  `awal` time DEFAULT NULL,
  `ahir` time DEFAULT NULL,
  `lama` int(2) DEFAULT NULL,
  `tglbuat` date DEFAULT NULL,
  `jambuat` time DEFAULT NULL,
  `operator` varchar(200) DEFAULT NULL,
  `opabsen` varchar(200) DEFAULT NULL,
  `tglupdate` date DEFAULT NULL,
  `jamupdate` time DEFAULT NULL,
  `datang` time DEFAULT NULL,
  `pulang` time DEFAULT NULL,
  `kodetelat` int(5) DEFAULT NULL,
  `kodepulangawal` int(6) DEFAULT NULL,
  `kodelembur` time DEFAULT NULL,
  `alpa` int(2) DEFAULT '0' COMMENT '0=tidak 1=ya',
  `ijin` int(2) DEFAULT '0' COMMENT '0=tidak 1=ya',
  `cuti` int(2) DEFAULT '0' COMMENT '0=tidak 1=ya 2=cuti istimewa',
  `statuslembur` int(2) DEFAULT '0' COMMENT '0=tidak disetujui 1=disetujui',
  `kodecuti` int(5) DEFAULT NULL,
  `aktif` int(2) DEFAULT '2' COMMENT '1=tidak 0=aktif',
  `libur` int(2) DEFAULT '0' COMMENT '0=libur 1=tidak',
  `dinas` int(2) DEFAULT '0' COMMENT '0=tidak 1=ya',
  `st_hadir` int(11) DEFAULT NULL,
  `st` char(1) DEFAULT '0',
  `st_telat` char(1) DEFAULT '0',
  PRIMARY KEY (`id`)
) ENGINE=InnoDB AUTO_INCREMENT=7 DEFAULT CHARSET=latin1;
/*!40101 SET character_set_client = @saved_cs_client */;

--
-- Dumping data for table `tbm_jadwal`
--

LOCK TABLES `tbm_jadwal` WRITE;
/*!40000 ALTER TABLE `tbm_jadwal` DISABLE KEYS */;
INSERT INTO `tbm_jadwal` VALUES (1,0,1,'2017-04-03','2','12:00:00','06:00:00','18:00:00',12,'2017-04-03','03:02:59','ADMIN',NULL,NULL,NULL,'06:30:00','17:30:00',NULL,NULL,NULL,0,0,0,0,NULL,2,0,0,0,'2','0'),(2,0,1,'2017-04-04','3','11:00:00','07:00:00','15:00:00',8,'2017-04-03','03:02:59','ADMIN',NULL,NULL,NULL,NULL,NULL,NULL,NULL,NULL,0,0,0,0,NULL,2,0,0,NULL,'0','0'),(3,0,2,'2017-04-03','2','12:00:00','06:00:00','18:00:00',12,'2017-04-03','03:02:59','ADMIN',NULL,NULL,NULL,NULL,NULL,NULL,NULL,NULL,0,0,0,0,NULL,2,0,0,25,'2','0'),(4,0,2,'2017-04-04','5','12:00:00','07:00:00','17:00:00',10,'2017-04-03','03:02:59','ADMIN',NULL,NULL,NULL,'09:30:00',NULL,NULL,NULL,NULL,0,0,0,0,NULL,2,0,0,0,'1','0'),(5,0,1,'2017-05-03','1','10:00:00','06:00:00','14:00:00',8,'2017-05-03','15:31:54','ADMIN',NULL,NULL,NULL,NULL,NULL,NULL,NULL,NULL,0,0,0,0,NULL,2,0,0,24,'2','0'),(6,0,2,'2017-05-03','15','18:00:00','14:00:00','22:00:00',8,'2017-05-03','15:31:54','ADMIN',NULL,NULL,NULL,'14:30:00','22:30:00',NULL,NULL,NULL,0,0,0,0,NULL,2,0,0,0,'2','0');
/*!40000 ALTER TABLE `tbm_jadwal` ENABLE KEYS */;
UNLOCK TABLES;

--
-- Table structure for table `tbm_jadwal_penalty`
--

DROP TABLE IF EXISTS `tbm_jadwal_penalty`;
/*!40101 SET @saved_cs_client     = @@character_set_client */;
/*!40101 SET character_set_client = utf8 */;
CREATE TABLE `tbm_jadwal_penalty` (
  `id` int(11) NOT NULL AUTO_INCREMENT,
  `idjadwal` int(11) DEFAULT NULL,
  `payroll_id` int(11) DEFAULT NULL,
  `deleted` char(1) DEFAULT '0',
  PRIMARY KEY (`id`)
) ENGINE=InnoDB AUTO_INCREMENT=8 DEFAULT CHARSET=latin1;
/*!40101 SET character_set_client = @saved_cs_client */;

--
-- Dumping data for table `tbm_jadwal_penalty`
--

LOCK TABLES `tbm_jadwal_penalty` WRITE;
/*!40000 ALTER TABLE `tbm_jadwal_penalty` DISABLE KEYS */;
INSERT INTO `tbm_jadwal_penalty` VALUES (1,3,25,'0'),(2,3,25,'0'),(3,1,36,'0'),(4,3,25,'0'),(5,6,36,'0'),(6,6,28,'0'),(7,5,24,'0');
/*!40000 ALTER TABLE `tbm_jadwal_penalty` ENABLE KEYS */;
UNLOCK TABLES;

--
-- Table structure for table `tbm_jenis_kendaraan`
--

DROP TABLE IF EXISTS `tbm_jenis_kendaraan`;
/*!40101 SET @saved_cs_client     = @@character_set_client */;
/*!40101 SET character_set_client = utf8 */;
CREATE TABLE `tbm_jenis_kendaraan` (
  `id` int(11) NOT NULL AUTO_INCREMENT,
  `jenis_kendaraan` varchar(30) DEFAULT NULL,
  `jumlah_bongkar` float(11,2) DEFAULT NULL,
  `jenis_bongkar` char(1) DEFAULT '0',
  `deleted` char(1) DEFAULT '0',
  PRIMARY KEY (`id`)
) ENGINE=InnoDB AUTO_INCREMENT=7 DEFAULT CHARSET=utf8;
/*!40101 SET character_set_client = @saved_cs_client */;

--
-- Dumping data for table `tbm_jenis_kendaraan`
--

LOCK TABLES `tbm_jenis_kendaraan` WRITE;
/*!40000 ALTER TABLE `tbm_jenis_kendaraan` DISABLE KEYS */;
INSERT INTO `tbm_jenis_kendaraan` VALUES (1,'COLT DIESEL',12.00,'0','0'),(2,'DUM TRUCK',15000.00,'1','0'),(3,'PICKUP',12.00,'0','0'),(4,'FUSO ENGKEL',12.00,'0','0'),(5,'HILINE',12.00,'0','0'),(6,'FUSO TRONTON',12.00,'0','0');
/*!40000 ALTER TABLE `tbm_jenis_kendaraan` ENABLE KEYS */;
UNLOCK TABLES;

--
-- Table structure for table `tbm_karyawan`
--

DROP TABLE IF EXISTS `tbm_karyawan`;
/*!40101 SET @saved_cs_client     = @@character_set_client */;
/*!40101 SET character_set_client = utf8 */;
CREATE TABLE `tbm_karyawan` (
  `id` int(11) NOT NULL AUTO_INCREMENT,
  `id_cabang` int(11) DEFAULT NULL,
  `id_jabatan` int(11) DEFAULT NULL,
  `id_golongan` int(11) DEFAULT NULL,
  `id_ptkp` char(1) DEFAULT '0',
  `nik` varchar(30) DEFAULT NULL,
  `ktp` varchar(30) DEFAULT NULL,
  `nama` varchar(200) DEFAULT NULL,
  `jkel` char(1) DEFAULT NULL,
  `tmplahir` varchar(200) DEFAULT NULL,
  `tgllahir` date DEFAULT NULL,
  `alamat` varchar(200) DEFAULT NULL,
  `id_kota` int(11) DEFAULT NULL,
  `status_kawin` char(1) DEFAULT NULL,
  `id_agama` int(11) DEFAULT NULL,
  `umur` int(3) DEFAULT NULL,
  `id_pendidikan` int(11) DEFAULT NULL,
  `telp` varchar(15) DEFAULT NULL,
  `tglawalkerja` date DEFAULT NULL,
  `aktif` int(2) DEFAULT '0' COMMENT '0=aktif 1=tidak aktif',
  `status_karyawan` int(11) DEFAULT NULL,
  `id_bank` int(11) DEFAULT NULL,
  `norek` varchar(45) DEFAULT NULL,
  `masakerja` int(11) DEFAULT NULL,
  `harimasakerja` varchar(200) DEFAULT NULL,
  `loyalty` int(11) DEFAULT NULL,
  `posisi_dinas` int(11) DEFAULT NULL,
  `tunjangan_natura` float(11,0) DEFAULT NULL,
  `st_bpjs_kesehatan` char(1) DEFAULT '0',
  `st_bpjs_ketenagakerjaan` char(1) DEFAULT '0',
  `tambahan_keluarga` int(11) DEFAULT NULL,
  `deleted` char(1) DEFAULT '0',
  PRIMARY KEY (`id`)
) ENGINE=InnoDB AUTO_INCREMENT=21 DEFAULT CHARSET=latin1;
/*!40101 SET character_set_client = @saved_cs_client */;

--
-- Dumping data for table `tbm_karyawan`
--

LOCK TABLES `tbm_karyawan` WRITE;
/*!40000 ALTER TABLE `tbm_karyawan` DISABLE KEYS */;
INSERT INTO `tbm_karyawan` VALUES (1,1,1,NULL,'0','10810Den2400001','10507624','Deni Andriansah','0','Bandung','1989-04-02','Sastra 36',43,'0',1,NULL,3,'85722984816','2010-08-20',0,1,1,'1234534556344',NULL,NULL,NULL,1,NULL,'0','0',NULL,'1'),(2,1,1,NULL,'0','10117Ude7600001','0978976t786576','Udeng Budeng','1','Surabaya','1991-11-20','fghfghdrfgh',35,'1',1,NULL,4,'4566756','2017-01-18',0,3,1,'4364564645',NULL,NULL,NULL,1,NULL,'0','0',NULL,'1'),(3,1,3,1,'2','11013Arj8700002','787','Arjun','0','Papaso','1986-02-05','Kom. Perumahan PT. Sinar Halomoan',50,'1',1,NULL,7,'78787','2013-10-17',0,3,0,'',NULL,NULL,NULL,1,160000,'0','1',0,'0'),(4,1,2,1,'0','10915Angre00002','ewrewre','Anggi Pranata','0','Tamora','1995-04-09','Komp. Perumahan PT. Sinar Halomoan',50,'0',1,NULL,7,'34434','2015-09-12',0,3,0,'',NULL,NULL,NULL,1,10000,'0','1',0,'0'),(5,1,4,1,'0','10414Duhew00002','wew','Duha Sukrina Harahap','1','medan','1992-09-09','Mompang',50,'0',1,NULL,3,'45454','2014-04-09',0,3,0,'',NULL,NULL,NULL,1,10000,'1','1',0,'0'),(6,1,5,1,'0','10215Nur4500002','4545','Nurmuliana Daulay','1','Siolip','1986-08-05','Latong',50,'0',1,NULL,3,'454','2015-02-10',0,3,0,'',NULL,NULL,NULL,1,10000,'1','1',0,'0'),(7,1,6,1,'0','10215Git4500002','454545','Gita Kharisma Octavia Hrp','1','Sipangko','1988-10-05','Komp. Peruman PT. Sinar Halomoan',50,'1',1,NULL,4,'232323','2015-02-02',0,3,0,'',NULL,NULL,NULL,1,10000,'0','1',0,'0'),(8,1,7,1,'0','11212Ahm3400002','3434343434','Ahmad Gustami Nasution','0','Paringgonan','1990-08-30','Komp. Perumahan PT. Sinar Halomoan',50,'1',1,NULL,3,'232424','2012-12-12',0,3,0,'',NULL,NULL,NULL,1,10000,'0','1',0,'0'),(9,1,10,1,'3','10514Pim7600001','67676','Pimpin Haholongan Hasibuan','0','Pasir Jae','1982-04-12','Komp. Perumahan PT. Sinar Halomoan',67,'1',1,NULL,7,'676767','2014-05-02',0,3,0,'',NULL,NULL,NULL,1,190000,'1','1',0,'0'),(10,1,10,1,'4','10514Hit4400001','344','Hitcat Haluhutan','0','Kota Bangun','1983-03-27','Komp. Perumahan PT. Sinar Halomoan',67,'1',1,NULL,7,'232323','2014-05-01',0,3,0,'',NULL,NULL,NULL,1,220000,'1','1',0,'0'),(11,1,10,1,'1','10514Bon1200001','1212','Bona Hasibuan','0','Hurung Jilok','1989-07-27','Kom. Perumahan PT. Sinar Halomoan',67,'1',1,NULL,7,'23323','2014-05-01',0,3,0,'',NULL,NULL,NULL,1,130000,'1','1',0,'0'),(12,1,10,1,'3','10514Dar1200001','121212','Darmendra Hasibuan','0','HurungJilok','1988-01-01','Komp. Perumahan PT. Sinar Halomoan',67,'1',1,NULL,7,'2323','2014-05-01',0,3,0,'',NULL,NULL,NULL,1,190000,'1','1',0,'0'),(13,1,10,1,'0','10514Rin1200001','1212','Rinto Suriadi','0','Bunga Setangkai','1988-09-16','Sibuhuan',67,'0',1,NULL,7,'1212','2014-05-12',0,3,0,'',NULL,NULL,NULL,1,100000,'0','1',0,'0'),(14,1,10,1,'3','10615Irw2100001','12121','Irwadi','0',' 	 BatangKuis','1974-10-15','Komp. Perumahan PT. Sinar Halomoan',67,'1',1,NULL,7,'2132','2015-06-08',0,3,0,'',NULL,NULL,NULL,1,190000,'1','1',0,'0'),(15,1,10,1,'2','10815Muh2100001','12121','Muhammad Basri Nasution','0','Tangga Bosi','1993-06-25','Kom. Perumahan PT. Sinar Halomoan',67,'1',1,NULL,7,'1212','2015-08-01',0,3,0,'',NULL,NULL,NULL,1,160000,'0','1',0,'0'),(16,1,10,1,'4','11015Sah3300001','233','Sahman Lubis','0','Tobing Tinggi','1983-09-23','Kom. Perumahan PT. Sinar Halomoan',67,'1',1,NULL,7,'2323','2015-10-01',0,3,0,'',NULL,NULL,NULL,1,220000,'0','1',0,'0'),(17,1,10,1,'0','11015Dor2300001','23223','Dormariski Ananda Sikumbang','0','Padang Sidimpuan','1995-09-05','Komp. Perumahan PT. Sinar Halomoan',67,'0',1,NULL,7,'2323','2015-10-16',0,3,0,'',NULL,NULL,NULL,1,100000,'1','1',0,'0'),(18,1,10,1,'0','10316Muh2300001','2323','Muhammad Arif Batubara','0','Desa Naga Jaya','1992-03-22','Komp. Perumahan PT. Sinar Halomoan',67,'0',1,NULL,7,'34434','2016-03-08',0,2,0,'',NULL,NULL,NULL,1,100000,'0','1',0,'0'),(19,1,10,1,'0','10916Sai3400001','343434','Saiful Bahri','0',' 	 Lhoksukon','1985-04-19','Sibuhuan',67,'1',1,NULL,7,'3434','2016-09-14',0,1,0,'',NULL,NULL,NULL,1,100000,'0','1',0,'0'),(20,2,11,2,'0','20115Pin6700001','86767','Pinta Riski Mala Hasibuan','1','Sibuhuan','1990-01-28','Kom. Perumahan PT. Sinar Halomoan',67,'1',1,NULL,3,'2131323','2015-01-12',0,3,0,'',NULL,NULL,NULL,2,100000,'1','1',0,'0');
/*!40000 ALTER TABLE `tbm_karyawan` ENABLE KEYS */;
UNLOCK TABLES;

--
-- Table structure for table `tbm_kategori_barang`
--

DROP TABLE IF EXISTS `tbm_kategori_barang`;
/*!40101 SET @saved_cs_client     = @@character_set_client */;
/*!40101 SET character_set_client = utf8 */;
CREATE TABLE `tbm_kategori_barang` (
  `id` int(11) NOT NULL AUTO_INCREMENT,
  `tipe_kategori` char(1) DEFAULT '0',
  `nama` varchar(255) DEFAULT NULL,
  `id_coa` int(11) DEFAULT NULL,
  `deleted` char(1) DEFAULT '0',
  PRIMARY KEY (`id`)
) ENGINE=InnoDB AUTO_INCREMENT=16 DEFAULT CHARSET=utf8;
/*!40101 SET character_set_client = @saved_cs_client */;

--
-- Dumping data for table `tbm_kategori_barang`
--

LOCK TABLES `tbm_kategori_barang` WRITE;
/*!40000 ALTER TABLE `tbm_kategori_barang` DISABLE KEYS */;
INSERT INTO `tbm_kategori_barang` VALUES (1,'1','Buah Kebun',NULL,'0'),(3,'0','SAWIT 2',NULL,'1'),(4,'0','Dapur',NULL,'1'),(5,'2','BARANG PRODUKSI',NULL,'0'),(6,'0','Perlengkapan Mesin',NULL,'0'),(7,'0','Sparepart Kenderaan & Alat Berat',NULL,'0'),(8,'0','Sparepart Pabrik',NULL,'0'),(9,'0','Elektrik',NULL,'0'),(10,'0','BBM Dan Pelumas',NULL,'0'),(11,'0','ATK Dan Cetakan',NULL,'0'),(12,'0','Bangunan',NULL,'0'),(13,'0','Barang Kimia',NULL,'0'),(14,'0','Ban Kenderaan',NULL,'0'),(15,'0','Umum',NULL,'0');
/*!40000 ALTER TABLE `tbm_kategori_barang` ENABLE KEYS */;
UNLOCK TABLES;

--
-- Table structure for table `tbm_kategori_cetakan`
--

DROP TABLE IF EXISTS `tbm_kategori_cetakan`;
/*!40101 SET @saved_cs_client     = @@character_set_client */;
/*!40101 SET character_set_client = utf8 */;
CREATE TABLE `tbm_kategori_cetakan` (
  `id` int(11) NOT NULL AUTO_INCREMENT,
  `nama` varchar(255) DEFAULT NULL,
  `deleted` char(1) DEFAULT '0',
  PRIMARY KEY (`id`)
) ENGINE=InnoDB AUTO_INCREMENT=6 DEFAULT CHARSET=utf8;
/*!40101 SET character_set_client = @saved_cs_client */;

--
-- Dumping data for table `tbm_kategori_cetakan`
--

LOCK TABLES `tbm_kategori_cetakan` WRITE;
/*!40000 ALTER TABLE `tbm_kategori_cetakan` DISABLE KEYS */;
INSERT INTO `tbm_kategori_cetakan` VALUES (1,'Print Only & Finishing','0'),(2,'Print All','0'),(3,'Roland','0'),(4,'Finishing','0'),(5,'NCR','0');
/*!40000 ALTER TABLE `tbm_kategori_cetakan` ENABLE KEYS */;
UNLOCK TABLES;

--
-- Table structure for table `tbm_kategori_harga`
--

DROP TABLE IF EXISTS `tbm_kategori_harga`;
/*!40101 SET @saved_cs_client     = @@character_set_client */;
/*!40101 SET character_set_client = utf8 */;
CREATE TABLE `tbm_kategori_harga` (
  `id` int(11) NOT NULL AUTO_INCREMENT,
  `nama` varchar(255) DEFAULT NULL,
  `deleted` char(1) DEFAULT '0',
  PRIMARY KEY (`id`)
) ENGINE=InnoDB AUTO_INCREMENT=4 DEFAULT CHARSET=utf8;
/*!40101 SET character_set_client = @saved_cs_client */;

--
-- Dumping data for table `tbm_kategori_harga`
--

LOCK TABLES `tbm_kategori_harga` WRITE;
/*!40000 ALTER TABLE `tbm_kategori_harga` DISABLE KEYS */;
INSERT INTO `tbm_kategori_harga` VALUES (1,'HARGA 1','0'),(2,'HARGA 2','0'),(3,'HARGA 3','0');
/*!40000 ALTER TABLE `tbm_kategori_harga` ENABLE KEYS */;
UNLOCK TABLES;

--
-- Table structure for table `tbm_kategori_payroll`
--

DROP TABLE IF EXISTS `tbm_kategori_payroll`;
/*!40101 SET @saved_cs_client     = @@character_set_client */;
/*!40101 SET character_set_client = utf8 */;
CREATE TABLE `tbm_kategori_payroll` (
  `id` int(11) NOT NULL AUTO_INCREMENT,
  `nama` varchar(200) DEFAULT NULL,
  PRIMARY KEY (`id`)
) ENGINE=InnoDB AUTO_INCREMENT=8 DEFAULT CHARSET=latin1;
/*!40101 SET character_set_client = @saved_cs_client */;

--
-- Dumping data for table `tbm_kategori_payroll`
--

LOCK TABLES `tbm_kategori_payroll` WRITE;
/*!40000 ALTER TABLE `tbm_kategori_payroll` DISABLE KEYS */;
INSERT INTO `tbm_kategori_payroll` VALUES (1,'Core Salary'),(2,'Jaminan Kerja'),(3,'Santunan'),(4,'Attendance'),(5,'Kewajiban Karyawan'),(6,'Pinjaman'),(7,'Sanksi');
/*!40000 ALTER TABLE `tbm_kategori_payroll` ENABLE KEYS */;
UNLOCK TABLES;

--
-- Table structure for table `tbm_kategori_pelanggan`
--

DROP TABLE IF EXISTS `tbm_kategori_pelanggan`;
/*!40101 SET @saved_cs_client     = @@character_set_client */;
/*!40101 SET character_set_client = utf8 */;
CREATE TABLE `tbm_kategori_pelanggan` (
  `id` int(11) NOT NULL AUTO_INCREMENT,
  `nama` varchar(255) DEFAULT NULL,
  `deleted` char(1) DEFAULT '0',
  PRIMARY KEY (`id`)
) ENGINE=InnoDB AUTO_INCREMENT=14 DEFAULT CHARSET=utf8;
/*!40101 SET character_set_client = @saved_cs_client */;

--
-- Dumping data for table `tbm_kategori_pelanggan`
--

LOCK TABLES `tbm_kategori_pelanggan` WRITE;
/*!40000 ALTER TABLE `tbm_kategori_pelanggan` DISABLE KEYS */;
INSERT INTO `tbm_kategori_pelanggan` VALUES (1,'CHANNEL','1'),(2,'Pelanggan 1','1'),(3,'SPAREPART PABRIK','0'),(4,'LABORATORIUM','0'),(5,'UMUM','0'),(6,'ATK & CETAKAN','0'),(7,'BBM & PELUMAS','0'),(8,'OLI & PELUMAS','0'),(9,'SPAREPART KENDERAAN','0'),(10,'BANGUNAN','0'),(11,'ELEKTRIK','0'),(12,'KIMIA','1'),(13,'SPAREPART ALAT BERAT','0');
/*!40000 ALTER TABLE `tbm_kategori_pelanggan` ENABLE KEYS */;
UNLOCK TABLES;

--
-- Table structure for table `tbm_kategori_pemasok`
--

DROP TABLE IF EXISTS `tbm_kategori_pemasok`;
/*!40101 SET @saved_cs_client     = @@character_set_client */;
/*!40101 SET character_set_client = utf8 */;
CREATE TABLE `tbm_kategori_pemasok` (
  `id` int(11) NOT NULL AUTO_INCREMENT,
  `jenis_kategori` char(1) DEFAULT '0',
  `nama` varchar(255) DEFAULT NULL,
  `ppn` float(11,2) DEFAULT NULL,
  `pph` float(11,2) DEFAULT NULL,
  `deleted` char(1) DEFAULT '0',
  PRIMARY KEY (`id`)
) ENGINE=InnoDB AUTO_INCREMENT=36 DEFAULT CHARSET=utf8;
/*!40101 SET character_set_client = @saved_cs_client */;

--
-- Dumping data for table `tbm_kategori_pemasok`
--

LOCK TABLES `tbm_kategori_pemasok` WRITE;
/*!40000 ALTER TABLE `tbm_kategori_pemasok` DISABLE KEYS */;
INSERT INTO `tbm_kategori_pemasok` VALUES (1,'0','SP 1',10.00,25.00,'0'),(2,'0','SP 2',10.00,25.00,'0'),(3,'0','SP 3',10.00,25.00,'0'),(4,'0','4',NULL,NULL,'1'),(5,'0','5',NULL,NULL,'1'),(6,'0','6',NULL,NULL,'1'),(7,'0','7',NULL,NULL,'1'),(8,'0','8',NULL,NULL,'1'),(9,'0','9',NULL,NULL,'1'),(10,'0','10',NULL,NULL,'1'),(11,'0','11',NULL,NULL,'1'),(12,'0','SP 4',1.00,1.00,'0'),(13,'0','SP 5',2.00,2.00,'0'),(14,'0','SP 6',1.00,1.00,'0'),(15,'0','SP 7',2.00,2.00,'0'),(16,'0','SP 8',1.00,1.00,'0'),(17,'0','SP 9',1.00,1.00,'0'),(18,'0','SP 10',1.00,1.00,'0'),(19,'0','SP 11',1.00,1.00,'0'),(20,'0','SP 12',1.00,1.00,'0'),(21,'0','SP 13',0.00,0.00,'0'),(22,'0','SP 14',0.00,0.00,'0'),(23,'0','SP 15',0.00,0.00,'0'),(24,'0','SP 16',0.00,0.00,'0'),(25,'0','SP 17',1.00,1.00,'0'),(26,'1','SPAREPART PABRIK',0.00,0.00,'0'),(27,'1','LABORATORIUM',0.00,0.00,'0'),(28,'1','UMUM',0.00,0.00,'0'),(29,'1','ATK & CETAKAN',0.00,0.00,'0'),(30,'1','BBM & PELUMAS',0.00,0.00,'0'),(31,'1','OLI & PELUMAS',0.00,0.00,'0'),(32,'1','SPAREPART KENDERAAN',0.00,0.00,'0'),(33,'1','BANGUNAN',0.00,0.00,'0'),(34,'1','ELEKTRIK',0.00,0.00,'0'),(35,'1','SPAREPART ALAT BERAT',0.00,0.00,'0');
/*!40000 ALTER TABLE `tbm_kategori_pemasok` ENABLE KEYS */;
UNLOCK TABLES;

--
-- Table structure for table `tbm_kendaraan_pemasok`
--

DROP TABLE IF EXISTS `tbm_kendaraan_pemasok`;
/*!40101 SET @saved_cs_client     = @@character_set_client */;
/*!40101 SET character_set_client = utf8 */;
CREATE TABLE `tbm_kendaraan_pemasok` (
  `id` int(11) NOT NULL AUTO_INCREMENT,
  `id_pemasok` int(11) DEFAULT NULL,
  `id_jenis_kendaraan` int(11) DEFAULT NULL,
  `no_polisi` varchar(60) DEFAULT NULL,
  `deleted` char(1) DEFAULT '0',
  PRIMARY KEY (`id`)
) ENGINE=InnoDB AUTO_INCREMENT=3 DEFAULT CHARSET=utf8;
/*!40101 SET character_set_client = @saved_cs_client */;

--
-- Dumping data for table `tbm_kendaraan_pemasok`
--

LOCK TABLES `tbm_kendaraan_pemasok` WRITE;
/*!40000 ALTER TABLE `tbm_kendaraan_pemasok` DISABLE KEYS */;
INSERT INTO `tbm_kendaraan_pemasok` VALUES (1,1,1,'B 2134 DW','0'),(2,1,2,'BS 5567 TS','0');
/*!40000 ALTER TABLE `tbm_kendaraan_pemasok` ENABLE KEYS */;
UNLOCK TABLES;

--
-- Table structure for table `tbm_kota`
--

DROP TABLE IF EXISTS `tbm_kota`;
/*!40101 SET @saved_cs_client     = @@character_set_client */;
/*!40101 SET character_set_client = utf8 */;
CREATE TABLE `tbm_kota` (
  `id` int(11) NOT NULL AUTO_INCREMENT,
  `nama` varchar(255) NOT NULL DEFAULT '',
  `deleted` char(1) DEFAULT '0',
  PRIMARY KEY (`id`)
) ENGINE=MyISAM AUTO_INCREMENT=101 DEFAULT CHARSET=latin1 ROW_FORMAT=DYNAMIC;
/*!40101 SET character_set_client = @saved_cs_client */;

--
-- Dumping data for table `tbm_kota`
--

LOCK TABLES `tbm_kota` WRITE;
/*!40000 ALTER TABLE `tbm_kota` DISABLE KEYS */;
INSERT INTO `tbm_kota` VALUES (26,'Aceh','0'),(27,'Jambi','0'),(28,'Pangkal Pinang','0'),(29,'Bekasi','0'),(30,'Bogor','0'),(31,'Binjai','0'),(32,'Tanjung Morawa','0'),(33,'Suka Bumi','0'),(34,'Depok','0'),(35,'Padang','0'),(36,'Sumedang','0'),(37,'Garut','0'),(38,'Purwakarta','0'),(39,'Tasik Malaya','0'),(40,'Surabaya','0'),(41,'Semarang','0'),(42,'solo','0'),(43,'Bandung','0'),(44,'Cilegon','0'),(45,'Belawan','0'),(46,'DKI Jakarta','0'),(47,'Pontianak','0'),(48,'palembang','0'),(49,'pekanbaru','0'),(50,'medan','0'),(51,'Cirebon','0'),(52,'Kuta','0'),(53,'Denpasar','0'),(54,'Sanur','0'),(55,'Belitar','0'),(56,'Kediri','0'),(57,'Madiun','0'),(58,'Malang','0'),(59,'Mojokerto','0'),(60,'Pasuruan','0'),(61,'Probolinggo','0'),(62,'Magelang','0'),(63,'Pekalongan','0'),(64,'Sala Tiga','0'),(65,'Tegal','0'),(67,'Padang Lawas','0');
/*!40000 ALTER TABLE `tbm_kota` ENABLE KEYS */;
UNLOCK TABLES;

--
-- Table structure for table `tbm_lembur`
--

DROP TABLE IF EXISTS `tbm_lembur`;
/*!40101 SET @saved_cs_client     = @@character_set_client */;
/*!40101 SET character_set_client = utf8 */;
CREATE TABLE `tbm_lembur` (
  `id` int(11) NOT NULL AUTO_INCREMENT,
  `id_karyawan` int(11) DEFAULT NULL,
  `id_jadwal` int(11) DEFAULT NULL,
  `lama_lembur` int(11) DEFAULT NULL,
  `tgl_lembur` date DEFAULT NULL,
  `deleted` char(1) DEFAULT '0',
  PRIMARY KEY (`id`)
) ENGINE=InnoDB AUTO_INCREMENT=2 DEFAULT CHARSET=latin1;
/*!40101 SET character_set_client = @saved_cs_client */;

--
-- Dumping data for table `tbm_lembur`
--

LOCK TABLES `tbm_lembur` WRITE;
/*!40000 ALTER TABLE `tbm_lembur` DISABLE KEYS */;
INSERT INTO `tbm_lembur` VALUES (1,2,6,8,'2017-05-03','0');
/*!40000 ALTER TABLE `tbm_lembur` ENABLE KEYS */;
UNLOCK TABLES;

--
-- Table structure for table `tbm_level_distribusi`
--

DROP TABLE IF EXISTS `tbm_level_distribusi`;
/*!40101 SET @saved_cs_client     = @@character_set_client */;
/*!40101 SET character_set_client = utf8 */;
CREATE TABLE `tbm_level_distribusi` (
  `id` int(11) NOT NULL AUTO_INCREMENT,
  `kode` varchar(50) DEFAULT NULL,
  `nilai` decimal(11,2) DEFAULT NULL,
  `bpjs_distribusi` decimal(11,2) DEFAULT '0.00',
  `dinas_distribusi` decimal(11,2) DEFAULT '0.00',
  `deleted` char(1) DEFAULT '0',
  PRIMARY KEY (`id`)
) ENGINE=InnoDB AUTO_INCREMENT=13 DEFAULT CHARSET=latin1;
/*!40101 SET character_set_client = @saved_cs_client */;

--
-- Dumping data for table `tbm_level_distribusi`
--

LOCK TABLES `tbm_level_distribusi` WRITE;
/*!40000 ALTER TABLE `tbm_level_distribusi` DISABLE KEYS */;
INSERT INTO `tbm_level_distribusi` VALUES (1,'01',70.00,0.00,0.00,'0'),(2,'02',72.00,0.00,0.00,'0'),(3,'03',78.00,0.00,0.00,'0'),(4,'04',85.00,0.00,0.00,'0'),(5,'05',90.00,0.00,0.00,'0'),(6,'06',100.00,0.00,0.00,'0'),(7,'07',115.00,0.00,0.00,'0'),(8,'08',155.00,0.00,0.00,'0'),(9,'09',190.00,0.00,0.00,'0'),(10,'10',300.00,0.00,0.00,'0'),(11,'11',520.00,1000000.00,110000.00,'0'),(12,'12',450.00,20.00,20.00,'1');
/*!40000 ALTER TABLE `tbm_level_distribusi` ENABLE KEYS */;
UNLOCK TABLES;

--
-- Table structure for table `tbm_menu`
--

DROP TABLE IF EXISTS `tbm_menu`;
/*!40101 SET @saved_cs_client     = @@character_set_client */;
/*!40101 SET character_set_client = utf8 */;
CREATE TABLE `tbm_menu` (
  `id` int(11) NOT NULL AUTO_INCREMENT,
  `parent_id` int(11) DEFAULT '0',
  `nama` varchar(255) DEFAULT NULL,
  `link` varchar(255) DEFAULT NULL,
  `icon` varchar(255) DEFAULT NULL,
  `aktif` char(1) DEFAULT '1',
  `urutan` int(11) DEFAULT NULL,
  `deleted` char(1) DEFAULT '0',
  PRIMARY KEY (`id`)
) ENGINE=InnoDB AUTO_INCREMENT=107 DEFAULT CHARSET=utf8;
/*!40101 SET character_set_client = @saved_cs_client */;

--
-- Dumping data for table `tbm_menu`
--

LOCK TABLES `tbm_menu` WRITE;
/*!40000 ALTER TABLE `tbm_menu` DISABLE KEYS */;
INSERT INTO `tbm_menu` VALUES (1,0,'Master Data',NULL,'entypo-cog','1',2,'0'),(2,69,'Master Barang','Master.MasterBarang','','1',4,'0'),(3,69,'Master Satuan','Master.MasterSatuan','','1',5,'0'),(5,71,'Master Pemasok Tbs','Master.MasterPemasokTbs','','1',2,'0'),(6,69,'Master Supplier Barang','Master.MasterPemasok','','1',7,'0'),(7,17,'Transaksi','','entypo-basket','1',4,'0'),(8,0,'Timbangan','','entypo-basket','1',3,'0'),(9,7,'Pembelian Barang','Transaksi.PurchaseOrder','','1',2,'0'),(12,104,'Laporan Timbangan','Laporan.LaporanTimbangan',NULL,'1',1,'0'),(13,0,'Admin',NULL,'entypo-user','1',1,'0'),(14,13,'User Group','Admin.UserGroup',NULL,'1',1,'0'),(15,13,'User Admin','Admin.UserAdmin',NULL,'1',2,'0'),(16,101,'Kartu Stok Barang','Inventory.KartuStok','','1',1,'0'),(17,0,'Inventory',NULL,'entypo-folder','1',4,'0'),(18,7,'Pengeluaran Barang','Inventory.MutasiBarangRusak',NULL,'1',3,'0'),(25,13,'Profil Perusahaan','Admin.ProfilPerusahaan',NULL,'1',4,'0'),(27,69,'Master Kategori Barang','Master.MasterKategoriBarang','','1',1,'0'),(28,71,'Master Kategori Pemasok','Master.MasterKategoriPemasok','','1',1,'0'),(29,69,'Master Kategori Pelanggan','Master.MasterKategoriPelanggan','','0',3,'0'),(30,7,'Permintaan Barang','Transaksi.RequestOrder','','1',1,'0'),(31,0,'Finance',NULL,'entypo-chart-line','1',5,'0'),(32,71,'Setting Komidel','Setting.SettingKomidel','','1',4,'0'),(33,71,'Setting Kendaraan','Setting.JenisKendaraan','','1',3,'0'),(34,100,'Konfirmasi Permintaan','Transaksi.AdminRequestOrder',NULL,'1',1,'0'),(35,100,'Pembayaran TBS','Keuangan.BayarTbsOrder',NULL,'1',2,'0'),(36,103,'Transaksi TBS','Transaksi.TbsOrder','','1',1,'0'),(37,7,'Penerimaan Barang','Inventory.ReceivingOrder','','1',4,'0'),(38,71,'Setting Harga TBS','Keuangan.SettingHargaTbsOrder',NULL,'1',5,'0'),(39,100,'Kontrak Penjualan','Transaksi.ContractSales',NULL,'1',5,'0'),(40,103,'LHP','Inventory.ProcessingTbs','','1',3,'0'),(41,100,'Pembayaran PO','Keuangan.BayarPo',NULL,'1',4,'0'),(42,49,'Master Data HRD','','entypo-users','1',3,'0'),(43,42,'Master Cabang','Master.MasterKantorCabang',NULL,'1',1,'0'),(44,42,'Master Department','Master.MasterDepartment',NULL,'1',2,'0'),(45,42,'Master Karyawan','Master.MasterKaryawan',NULL,'1',4,'0'),(46,42,'Master Jabatan','Master.MasterJabatan',NULL,'1',3,'0'),(48,42,'Rekap Gaji Karyawan','Hrd.LaporanRekapGajiKaryawan',NULL,'1',6,'0'),(49,0,'HRD',NULL,'entypo-suitcase','1',6,'0'),(50,72,'Pengaturan Shift','Hrd.ShiftSetting','','1',1,'0'),(51,72,'Jadwal Karyawan','Hrd.JadwalShiftKaryawan','','1',2,'0'),(52,73,'Incentive Karyawan','Hrd.IncentiveTransaction','','1',4,'0'),(53,73,'Biaya Karyawan','Hrd.ExpenseKaryawan','','1',5,'0'),(54,73,'Absensi Karyawan','Hrd.AbsensiKaryawan','','1',3,'0'),(55,100,'Penerimaan Penjualan','Keuangan.PenerimaanJual',NULL,'1',5,'0'),(56,70,'Master Group Coa','Master.MasterGroupCoa','','1',10,'0'),(57,70,'Master Coa','Master.MasterCoa','','1',11,'0'),(58,101,'Laporan Pembelian Barang','Laporan.LaporanPurchaseOrder','','1',1,'0'),(59,101,'Laporan Permintaan Barang','Laporan.LaporanRequestOrder','','1',2,'0'),(60,70,'Master Bank','Master.MasterBank','','1',NULL,'0'),(61,70,'Kategori Pengeluaran','Master.MasterExpenseCategory','','1',NULL,'0'),(62,70,'Master Pengeluaran','Master.MasterExpense','','1',NULL,'0'),(63,70,'Kategori Pendapatan','Master.MasterRevenueCategory','','1',NULL,'0'),(64,70,'Master Pendapatan','Master.MasterRevenue','','1',NULL,'0'),(65,100,'Transaksi Pengeluaran','Keuangan.ExpenseTransaction','','1',3,'0'),(66,100,'Transaksi Pendapatan','Keuangan.RevenueTransaction','','1',4,'0'),(67,98,'Buku Kas','Keuangan.BukuKas',NULL,'1',6,'0'),(68,7,'Production Product','Inventory.ProductionProduct',NULL,'1',5,'0'),(69,17,'Master Data','','entypo-archive','1',NULL,'0'),(70,31,'Master Data Transaksi','','entypo-switch','1',1,'0'),(71,8,'Master Data','','entypo-briefcase','1',1,'0'),(72,49,'Setting Absensi','','entypo-layout','1',NULL,'0'),(73,49,'Kegiatan Karyawan','','entypo-github','1',NULL,'0'),(74,13,'Admin Menu','Admin.MenuAdmin',NULL,'1',3,'0'),(75,98,'Laporan Umur Hutang PO','Keuangan.LaporanHutangPO','','1',NULL,'0'),(76,101,'Laporan Pemakaian','Inventory.LaporanPemakaian','','1',NULL,'0'),(77,7,'Stok Opname','Inventory.StockOpname','','1',6,'0'),(78,73,'Lembur Karyawan','Hrd.LemburKaryawan','','1',NULL,'0'),(79,73,'Jadwal Per Karyawan','Hrd.JadwalPerKaryawan','','1',NULL,'0'),(80,73,'Resign Karyawan','Hrd.ResignForm','','1',NULL,'0'),(81,98,'Laporan Laba Rugi','Keuangan.LaporanLabaRugi','','1',4,'0'),(82,98,'Laporan Jurnal Umum','Keuangan.LaporanJurnalUmum','','1',5,'0'),(83,42,'Master Golongan Karyawan','Master.MasterGolongan','','1',NULL,'0'),(84,104,'Kartu Stok Tbs','Inventory.KartuStokTbs','','1',4,'0'),(85,101,'Laporan Barang Rusak','Inventory.LaporanBarangRusak','','1',NULL,'0'),(86,49,'Laporan HRD','','entypo-doc-text','1',NULL,'0'),(87,86,'Laporan Absensi Karyawan','Hrd.LaporanAbsensiKaryawan','','1',NULL,'0'),(88,86,'Laporan Lembur Karyawan','Hrd.LaporanLemburKaryawan','','1',NULL,'0'),(89,86,'Laporan Incentive Karyawan','Hrd.LaporanIncentiveKaryawan','','1',NULL,'0'),(90,86,'Laporan Resign Karyawan','Hrd.LaporanResignKaryawan','','1',NULL,'0'),(91,98,'Laporan Pembayaran PO','Laporan.LaporanPembayaranPurchaseOrder','','1',1,'0'),(92,98,'Laporan Pembayaran TBS','Laporan.LaporanPembayaranTbs','','1',2,'0'),(93,98,'Laporan Umur Hutang TBS','Keuangan.LaporanHutangTbs','','1',3,'0'),(94,103,'Transaksi Commodity','Transaksi.CommodityTransaction','','1',2,'0'),(95,104,'Laporan Penjualan Commodity','Laporan.LaporanPenjualanCommodity','','1',3,'0'),(96,100,'Saldo Awal Bank','Keuangan.SaldoAwalBank','','1',1,'0'),(97,100,'Mutasi Kas','Keuangan.MutasiKas','','1',2,'0'),(98,31,'Laporan Finance',NULL,'entypo-doc-text','1',5,'0'),(100,31,'Form Transaksi',NULL,'entypo-basket','1',3,'0'),(101,17,'Laporan Gudang',NULL,'entypo-doc-text','1',12,'0'),(103,8,'Form Transaksi',NULL,'entypo-basket','1',2,'0'),(104,8,'Laporan','','entypo-doc-text','1',3,'0'),(105,104,'Stok Commodity','Laporan.StokCommodity',NULL,'1',4,'0'),(106,103,'Setting Tbs Order','Keuangan.SettingTbsOrder','','1',NULL,'0');
/*!40000 ALTER TABLE `tbm_menu` ENABLE KEYS */;
UNLOCK TABLES;

--
-- Table structure for table `tbm_payrol`
--

DROP TABLE IF EXISTS `tbm_payrol`;
/*!40101 SET @saved_cs_client     = @@character_set_client */;
/*!40101 SET character_set_client = utf8 */;
CREATE TABLE `tbm_payrol` (
  `id` int(11) NOT NULL AUTO_INCREMENT,
  `kategori` varchar(100) DEFAULT NULL COMMENT '1=pendapatan 2=potongan',
  `subkategori` varchar(200) DEFAULT NULL,
  `attendance_id` int(11) DEFAULT NULL,
  `time1` int(11) DEFAULT NULL,
  `time2` int(11) DEFAULT NULL,
  `globaldistribusi` varchar(200) DEFAULT NULL,
  `distribusi` varchar(8) DEFAULT NULL,
  `ket` text,
  `urut` int(11) DEFAULT NULL,
  `deleted` char(1) DEFAULT '0',
  PRIMARY KEY (`id`)
) ENGINE=InnoDB AUTO_INCREMENT=60 DEFAULT CHARSET=latin1;
/*!40101 SET character_set_client = @saved_cs_client */;

--
-- Dumping data for table `tbm_payrol`
--

LOCK TABLES `tbm_payrol` WRITE;
/*!40000 ALTER TABLE `tbm_payrol` DISABLE KEYS */;
INSERT INTO `tbm_payrol` VALUES (1,'1','1',0,0,0,'Gaji Pokok','20','*UMK*Level Distribution* Gaji Pokok',NULL,'0'),(2,'1','1',0,0,0,'Nominal Loyalty','2','*UMK*Level Distribution* Nominal Loyalty',NULL,'0'),(3,'1','1',NULL,NULL,NULL,'Service','0.05','*Level Distribution*Kehadiran / Hari Kerja*Hotel Revenue',NULL,'0'),(4,'1','1',NULL,NULL,NULL,'Tunjangan Tetap','36','*UMK*Level Distribution* Tunjangan Tetap',NULL,'0'),(5,'1','1',NULL,NULL,NULL,'Tunjangan Tidak Tetap','40','*UMK*Level Distribution* Tunjangan Tidak Tetap',NULL,'0'),(6,'1','2',NULL,NULL,NULL,'Bonus Tahunan','100','*UMK*Level Distribution* Bonus Tahunan',NULL,'0'),(7,'1','2',NULL,NULL,NULL,'Dinas','0.8','*UMK*Level Distribution* Dinas',NULL,'0'),(8,'1','2',NULL,NULL,NULL,'Lembur','0.58','*UMK*Level Distribution *Jumlah Total Jam Lembur*Lembur',NULL,'0'),(9,'1','2',NULL,NULL,NULL,'Meal','0.5','*UMK*Meal*Hari Kerja',NULL,'0'),(10,'1','2',NULL,NULL,NULL,'Pengembalian Jaminan Kontrak','4','*UMK*Level Distribution* Pengembalian Jaminan Kontrak',NULL,'0'),(11,'1','2',NULL,NULL,NULL,'Pesangon','100','*Gaji Pokok* Pesangon*Loyalty',NULL,'0'),(12,'1','2',NULL,NULL,NULL,'THR','100','*UMK*Level Distribution* THR',NULL,'0'),(13,'1','3',NULL,NULL,NULL,'Dinas di Hari Raya','2','*UMK*Level Distribution* Dinas di Hari RayaJumlah Hari kerja di Hari Raya',1,'0'),(14,'1','3',NULL,NULL,NULL,'Karyawan Meninggal Dunia','100','*UMK*Level Distribution* Karyawan Meninggal Dunia',2,'0'),(15,'1','3',NULL,NULL,NULL,'Karyawan Terbaik','20','*UMK*Level Distribution* Karyawan Terbaik',3,'0'),(16,'1','3',NULL,NULL,NULL,'Karyawati / Istri Melahirkan','15','*UMK*Level Distribution* Karyawati / Istri Melahirkan',4,'0'),(17,'1','3',NULL,NULL,NULL,'Klaim Medis','5','*UMK*Level Distribution* Klaim Medis',5,'0'),(18,'1','3',NULL,NULL,NULL,'Orang Tua Meninggal Dunia','15','*UMK*Level Distribution* Orang Tua Meninggal Dunia',6,'0'),(19,'1','3',NULL,NULL,NULL,'Pasangan / Anak Meninggal Dunia','15','*UMK*Level Distribution* Pasangan / Anak Meninggal Dunia',7,'0'),(20,'1','3',NULL,NULL,NULL,'Pernikahan','20','*UMK*Level Distribution* Pernikahan',8,'0'),(21,'1','3',NULL,NULL,NULL,'Retur Sisa Cuti','2','*UMK*Level Distribution* Retur Sisa CutiJumlah Sisa Cuti',9,'0'),(22,'1','3',NULL,NULL,NULL,'Ucapan Terimakasih','100','*UMK*Level Distribution*Ucapan Terimakasih 4,8,12 = 1,2,3 Bulan Gaji)',10,'0'),(23,'1','3',NULL,NULL,NULL,'Ulang Tahun Karyawan','1','*UMK*Level Distribution* Ulang Tahun Karyawan',11,'0'),(24,'2','4',1,0,0,'Alfa','2','*UMK*Level Distribution* Alfa',1,'0'),(25,'2','4',3,0,0,'Izin Sakit','1','*UMK*Level Distribution* Izin',10,'0'),(26,'2','4',5,1,10,'Pulang Lebih Awal 1 - 10','0.20','*UMK*Level Distribution* Pulang Lebih Awal 1-10',4,'0'),(27,'2','4',5,11,20,'Pulang Lebih Awal 11 - 20','0.28','*UMK*Level Distribution* Pulang Lebih Awal 11-20',5,'0'),(28,'2','4',5,21,30,'Pulang Lebih Awal 21 - 30','0.36','*UMK*Level Distribution* Pulang Lebih Awal 21-30',6,'0'),(29,'2','4',5,31,40,'Pulang Lebih Awal 31 - 40','0.44','*UMK*Level Distribution* Pulang Lebih Awal 31-40',7,'0'),(30,'2','4',5,41,50,'Pulang Lebih Awal 41 - 50','0.52','*UMK*Level Distribution* Pulang Lebih Awal 41-50',8,'0'),(31,'2','4',5,51,60,'Pulang Lebih Awal 51 - 60','0.60','*UMK*Level Distribution* Pulang Lebih Awal 51-60',9,'0'),(32,'2','4',4,6,10,'Terlambat 6 - 10','0.20','*UMK*Level Distribution* Terlambat 06-10',11,'0'),(33,'2','4',4,11,15,'Terlambat 11 - 15','0.28','*UMK*Level Distribution* Terlambat 11-15',12,'0'),(34,'2','4',4,16,20,'Terlambat 16 - 20','0.36','*UMK*Level Distribution* Terlambat 16-20',13,'0'),(35,'2','4',4,21,25,'Terlambat 21 - 25','0.44','*UMK*Level Distribution* Terlambat 21-25',14,'0'),(36,'2','4',4,26,30,'Terlambat 26 - 30','0.52','*UMK*Level Distribution* Terlambat 26-30',15,'0'),(37,'2','4',4,31,45,'Terlambat 31 - 45','0.60','*UMK*Level Distribution* Terlambat 31-45',16,'0'),(38,'2','5',NULL,NULL,NULL,'ADM non Rekening','5','*UMK*Level Distribution* ADM non Rekening',NULL,'0'),(39,'2','5',NULL,NULL,NULL,'BPJS Kesehatan','1','*IF Total Salary < UMK Terbaru, Maka, Persentase * UMK Terbaru  OR Total Salary > UMK, Maka',NULL,'0'),(40,'2','5',NULL,NULL,NULL,'BPJS Ketenagakerjaan','3','*IF Total Salary < UMK Terbaru, Maka, Persentase * UMK Terbaru OR Total Salary > UMK, Maka',NULL,'0'),(41,'2','5',NULL,NULL,NULL,'BPJS Pensiun','3','*IF Total Salary < UMK Terbaru, Maka, Persentase * UMK Terbaru OR Total Salary > UMK, Maka',NULL,'0'),(42,'2','5',NULL,NULL,NULL,'Potongan Jaminan Kontrak','4','*UMK*Level Distribution* Potongan Jaminan Kontrak',NULL,'0'),(43,'2','5',NULL,NULL,NULL,'Potongan Meal','0.5','*UMK*Level Distribution* Potongan Meal',NULL,'0'),(44,'2','7',NULL,NULL,NULL,'Salah Seragam','0.1','*UMK*Level Distribution* Salah Seragam',4,'0'),(45,'2','7',0,0,0,'Tanpa Tanda Pengenal','0.1','*UMK*Level Distribution* Tanpa Tanda Pengenal',5,'0'),(46,'2','7',NULL,NULL,NULL,'Denda Sanksi 1','1','*UMK*Level Distribution* Denda Sanksi 1',1,'0'),(47,'2','7',NULL,NULL,NULL,'Denda Sanksi 2','1.2','*UMK*Level Distribution* Denda Sanksi 2',2,'0'),(48,'2','7',NULL,NULL,NULL,'Denda Sanksi 3','1.4','*UMK*Level Distribution* Denda Sanksi 3',3,'0'),(49,'1','2',0,0,0,'THR 2','50','',NULL,'0'),(50,'1','4',2,0,0,'Cuti Cuti Cuti Keluarga','1','',2,'0'),(56,'1','1',0,0,0,'test 6','7','',NULL,'0'),(57,'1','1',0,0,0,'test 9','15','',NULL,'0'),(58,'1','4',6,0,0,'Lembur','5','',3,'0'),(59,'1','4',1,0,0,'Alfa','20','',NULL,'0');
/*!40000 ALTER TABLE `tbm_payrol` ENABLE KEYS */;
UNLOCK TABLES;

--
-- Table structure for table `tbm_payroll_formula`
--

DROP TABLE IF EXISTS `tbm_payroll_formula`;
/*!40101 SET @saved_cs_client     = @@character_set_client */;
/*!40101 SET character_set_client = utf8 */;
CREATE TABLE `tbm_payroll_formula` (
  `id` int(11) NOT NULL AUTO_INCREMENT,
  `payroll_id` int(11) DEFAULT NULL,
  `parameter_id` int(11) DEFAULT NULL,
  `operator_id` char(1) DEFAULT NULL,
  `order_id` int(11) DEFAULT NULL,
  `deleted` char(1) DEFAULT '0',
  PRIMARY KEY (`id`)
) ENGINE=InnoDB AUTO_INCREMENT=25 DEFAULT CHARSET=latin1;
/*!40101 SET character_set_client = @saved_cs_client */;

--
-- Dumping data for table `tbm_payroll_formula`
--

LOCK TABLES `tbm_payroll_formula` WRITE;
/*!40000 ALTER TABLE `tbm_payroll_formula` DISABLE KEYS */;
INSERT INTO `tbm_payroll_formula` VALUES (1,56,-6,'',0,'0'),(2,56,-5,'*',1,'0'),(3,56,56,'*',2,'0'),(4,57,-6,'',0,'0'),(5,57,-5,'*',1,'0'),(6,57,57,'*',2,'0'),(7,58,-6,'',0,'0'),(8,58,-5,'*',1,'0'),(9,58,58,'*',2,'0'),(10,1,-6,'',0,'0'),(11,1,-5,'*',1,'0'),(12,1,1,'*',2,'0'),(16,2,-6,'',0,'0'),(17,2,-5,'*',1,'0'),(18,2,2,'*',2,'0'),(19,33,-6,'',0,'0'),(20,33,-5,'*',1,'0'),(21,33,33,'*',2,'0'),(22,45,-6,'',0,'0'),(23,45,-5,'*',1,'0'),(24,45,45,'*',2,'0');
/*!40000 ALTER TABLE `tbm_payroll_formula` ENABLE KEYS */;
UNLOCK TABLES;

--
-- Table structure for table `tbm_pelanggan`
--

DROP TABLE IF EXISTS `tbm_pelanggan`;
/*!40101 SET @saved_cs_client     = @@character_set_client */;
/*!40101 SET character_set_client = utf8 */;
CREATE TABLE `tbm_pelanggan` (
  `id` int(11) NOT NULL AUTO_INCREMENT,
  `kategori_id` int(11) DEFAULT NULL,
  `nama` varchar(255) DEFAULT NULL,
  `alamat` varchar(255) DEFAULT NULL,
  `telepon` varchar(16) DEFAULT '',
  `npwp` varchar(30) DEFAULT NULL,
  `deleted` char(1) DEFAULT '0',
  PRIMARY KEY (`id`)
) ENGINE=InnoDB AUTO_INCREMENT=19 DEFAULT CHARSET=utf8;
/*!40101 SET character_set_client = @saved_cs_client */;

--
-- Dumping data for table `tbm_pelanggan`
--

LOCK TABLES `tbm_pelanggan` WRITE;
/*!40000 ALTER TABLE `tbm_pelanggan` DISABLE KEYS */;
INSERT INTO `tbm_pelanggan` VALUES (1,2,'INDADI UTAMA SDN BHD','JL, SUBANG JAYA NO 30','085722984816','345567456789','1'),(2,26,'PT. TRAGLOPINDO UTAMA','JALAN SABARUDDIN NO.8 SIMPANG BAKARAN BATU KELURAHAN SEI SEI RENGGAS PERMATA-KECAMATAN MEDAN AREA MEDAN (20214)-SUMATERA UTARA-INDONESIA','62617321','1','0'),(3,26,'CV. SWADAYA ABDI PUTRA','JL. JEND ABD. HARIS NASUTION NO. 5 MEDAN','061-7878309','2','0'),(4,26,'PT. BERKAH BUNDO BERSAMA','MEDAN','','3','0'),(5,27,'CV. MADANI SEJAHTERA','JL. STM RUKO STM BUSINESS CENTRE BLOK 1 NO. 024-025 MEDAN','061-4146293','4','0'),(6,27,'CV. HAR AGRITECH','MEDAN','','6','0'),(7,26,'CV. MANDIRI JAYA PERKASA','PEKANBARU','','7','0'),(8,30,'PT. JAYA ABADI SIAGA','MEDAN MARELAN','','77','0'),(9,26,'PT. VALMATIC INDONESIA','JL. KARTAMA NO 16 KELURAHAN MAHARATU KECAMATAN MARPOYAN DAMAI PEKANBARU-RIAU-INDONESIA','761565887','11','0'),(10,26,'CV. OKTA KARYA ENGINEERING','KOMPLEK ISTANA BISNIS CENTRE NO.45 -JL. BRIG.JEND KATAMSO MEDAN MAIMOON MEDAN 20159','061-4517538','332','0'),(11,27,'CV. KARYA PERKASA','KOMPLEK MMTC BLOK H NO. 8 MEDAN','061-80089962','33','0'),(12,30,'PT. PETRO ANDHARA ARTHA','JL. PAKU NO.17 LINGK III-MEDAN MARELAN','061-6855515','1','0'),(13,28,'UD. ANDI','SIBUHUAN','','1','0'),(14,28,'UD.HAFIZAH','PASIR JAE','','1','0'),(15,28,'UD.CAV','SIBUHUAN','','1','0'),(16,26,'PT. BUANA RANTAI BERKAT ABADI','','','1','0'),(17,31,'PT. LARIS SUMUT MAKMUR','MEDAN','','1','0'),(18,32,'PT. TRAKINDO UTAMA','','','1','0');
/*!40000 ALTER TABLE `tbm_pelanggan` ENABLE KEYS */;
UNLOCK TABLES;

--
-- Table structure for table `tbm_pemasok`
--

DROP TABLE IF EXISTS `tbm_pemasok`;
/*!40101 SET @saved_cs_client     = @@character_set_client */;
/*!40101 SET character_set_client = utf8 */;
CREATE TABLE `tbm_pemasok` (
  `id` int(11) NOT NULL AUTO_INCREMENT,
  `kategori_id` int(11) DEFAULT NULL,
  `nama` varchar(255) DEFAULT NULL,
  `alamat` varchar(255) DEFAULT NULL,
  `telepon` varchar(16) DEFAULT '',
  `fax` varchar(30) DEFAULT NULL,
  `contact_person` varchar(60) DEFAULT NULL,
  `no_sp` varchar(30) DEFAULT NULL,
  `fee` float(11,2) DEFAULT NULL,
  `id_kategori_harga` int(11) DEFAULT NULL,
  `deleted` char(1) DEFAULT '0',
  PRIMARY KEY (`id`)
) ENGINE=InnoDB AUTO_INCREMENT=40 DEFAULT CHARSET=utf8;
/*!40101 SET character_set_client = @saved_cs_client */;

--
-- Dumping data for table `tbm_pemasok`
--

LOCK TABLES `tbm_pemasok` WRITE;
/*!40000 ALTER TABLE `tbm_pemasok` DISABLE KEYS */;
INSERT INTO `tbm_pemasok` VALUES (2,1,'Tongku Hasibuan','Pasir Jae','','','','001',NULL,1,'0'),(3,2,'CV. Berkah Mandiri','Sibuhuan','','','','002',NULL,2,'0'),(4,3,'Andry E Sosa','Pasar Ujung Batu','','','','003',NULL,1,'0'),(5,12,'Mandurana','Sibuhuan','','','','004',NULL,1,'0'),(6,13,'ASM','Sibuhuan','','','','005',NULL,13,'0'),(8,14,'Sejahtera Sawit','Sibuhuan','','','','006',NULL,1,'0'),(10,15,'Zio','Sibuhuan','','','','007',NULL,1,'0'),(11,16,'SHS','sibuhuan','','','','008',NULL,1,'0'),(12,17,'UD. Rizki','Sibuhuan','','','','009',NULL,1,'0'),(13,18,'Pinarik Jaya','Pinarik Sosa','','','','010',NULL,1,'0'),(14,19,'PT. Sibuah Raya','Siali-ali','','','','011',NULL,1,'0'),(15,20,'Rosmeini','Siali-ali','','','','012',NULL,1,'0'),(18,21,'KT. SHBM','Sibuhuan','','','','013',NULL,1,'0'),(19,22,'PT. Mujur Usaha Mandiri','Bunut','','','','014',NULL,1,'0'),(20,23,'PT. Sinar Halomoan','Bunut','','','','015',NULL,1,'0'),(21,24,'ASN','Sibuhuan','','','','016',NULL,1,'0'),(22,25,'UD. Mitra Pribadi','Siali-ali','','','','017',NULL,1,'0'),(23,26,'PT. TRAGLOPINDO UTAMA','JALAN SABARUDDIN NO.8 SIMPANG BAKARAN BATU KELURAHAN SEI SEI RENGGAS PERMATA-KECAMATAN MEDAN AREA MEDAN (20214)-SUMATERA UTARA-INDONESIA','62617321','','','0',0.00,0,'0'),(24,26,'CV. SWADAYA ABDI PUTRA','JL. JEND ABD. HARIS NASUTION NO. 5 MEDAN','061-7878309','','','0',0.00,0,'0'),(25,26,'PT. BERKAH BUNDO BERSAMA','MEDAN','','','','0',0.00,0,'0'),(26,27,'CV. MADANI SEJAHTERA','JL. STM RUKO STM BUSINESS CENTRE BLOK 1 NO. 024-025 MEDAN','061-4146293','','','0',0.00,0,'0'),(27,27,'CV. HAR AGRITECH','MEDAN','','','','0',0.00,0,'0'),(28,26,'CV. MANDIRI JAYA PERKASA','PEKANBARU','','','','0',0.00,0,'0'),(29,30,'PT. JAYA ABADI SIAGA','MEDAN MARELAN','','','','0',0.00,0,'0'),(30,26,'PT. VALMATIC INDONESIA','JL. KARTAMA NO 16 KELURAHAN MAHARATU KECAMATAN MARPOYAN DAMAI PEKANBARU-RIAU-INDONESIA','761565887','','','0',0.00,0,'0'),(31,26,'CV. OKTA KARYA ENGINEERING','KOMPLEK ISTANA BISNIS CENTRE NO.45 -JL. BRIG.JEND KATAMSO MEDAN MAIMOON MEDAN 20159','061-4517538','','','0',0.00,0,'0'),(32,27,'CV. KARYA PERKASA','KOMPLEK MMTC BLOK H NO. 8 MEDAN','061-80089962','','','0',0.00,0,'0'),(33,30,'PT. PETRO ANDHARA ARTHA','JL. PAKU NO.17 LINGK III-MEDAN MARELAN','061-6855515','','','0',0.00,0,'0'),(34,28,'UD. ANDI','SIBUHUAN','','','','0',0.00,0,'0'),(35,28,'UD.HAFIZAH','PASIR JAE','','','','0',0.00,0,'0'),(36,28,'UD.CAV','SIBUHUAN','','','','0',0.00,0,'0'),(37,26,'PT. BUANA RANTAI BERKAT ABADI','','','','','0',0.00,0,'0'),(38,31,'PT. LARIS SUMUT MAKMUR','MEDAN','','','','0',0.00,0,'0'),(39,32,'PT. TRAKINDO UTAMA','','','','','0',0.00,0,'0');
/*!40000 ALTER TABLE `tbm_pemasok` ENABLE KEYS */;
UNLOCK TABLES;

--
-- Table structure for table `tbm_pendidikan`
--

DROP TABLE IF EXISTS `tbm_pendidikan`;
/*!40101 SET @saved_cs_client     = @@character_set_client */;
/*!40101 SET character_set_client = utf8 */;
CREATE TABLE `tbm_pendidikan` (
  `id` int(11) NOT NULL AUTO_INCREMENT,
  `nama` varchar(200) DEFAULT NULL,
  `deleted` char(1) DEFAULT '0',
  PRIMARY KEY (`id`)
) ENGINE=InnoDB AUTO_INCREMENT=8 DEFAULT CHARSET=latin1;
/*!40101 SET character_set_client = @saved_cs_client */;

--
-- Dumping data for table `tbm_pendidikan`
--

LOCK TABLES `tbm_pendidikan` WRITE;
/*!40000 ALTER TABLE `tbm_pendidikan` DISABLE KEYS */;
INSERT INTO `tbm_pendidikan` VALUES (1,'S 3','0'),(2,'S 2','0'),(3,'S 1','0'),(4,'D 3','0'),(5,'D 2','0'),(6,'D 1','0'),(7,'SMA Sederajat','0');
/*!40000 ALTER TABLE `tbm_pendidikan` ENABLE KEYS */;
UNLOCK TABLES;

--
-- Table structure for table `tbm_revenue`
--

DROP TABLE IF EXISTS `tbm_revenue`;
/*!40101 SET @saved_cs_client     = @@character_set_client */;
/*!40101 SET character_set_client = utf8 */;
CREATE TABLE `tbm_revenue` (
  `id` int(11) NOT NULL AUTO_INCREMENT,
  `revenue_category_id` int(11) DEFAULT NULL,
  `nama` varchar(100) DEFAULT NULL,
  `deleted` char(1) DEFAULT '0',
  PRIMARY KEY (`id`),
  UNIQUE KEY `id` (`id`)
) ENGINE=InnoDB AUTO_INCREMENT=2 DEFAULT CHARSET=latin1 PACK_KEYS=0;
/*!40101 SET character_set_client = @saved_cs_client */;

--
-- Dumping data for table `tbm_revenue`
--

LOCK TABLES `tbm_revenue` WRITE;
/*!40000 ALTER TABLE `tbm_revenue` DISABLE KEYS */;
INSERT INTO `tbm_revenue` VALUES (1,1,'PENDAPATAN TAMBAHAN','0');
/*!40000 ALTER TABLE `tbm_revenue` ENABLE KEYS */;
UNLOCK TABLES;

--
-- Table structure for table `tbm_revenue_category`
--

DROP TABLE IF EXISTS `tbm_revenue_category`;
/*!40101 SET @saved_cs_client     = @@character_set_client */;
/*!40101 SET character_set_client = utf8 */;
CREATE TABLE `tbm_revenue_category` (
  `id` int(11) NOT NULL AUTO_INCREMENT,
  `nama` varchar(100) DEFAULT NULL,
  `deleted` char(1) DEFAULT '0',
  PRIMARY KEY (`id`),
  UNIQUE KEY `id` (`id`)
) ENGINE=InnoDB AUTO_INCREMENT=3 DEFAULT CHARSET=latin1 PACK_KEYS=0;
/*!40101 SET character_set_client = @saved_cs_client */;

--
-- Dumping data for table `tbm_revenue_category`
--

LOCK TABLES `tbm_revenue_category` WRITE;
/*!40000 ALTER TABLE `tbm_revenue_category` DISABLE KEYS */;
INSERT INTO `tbm_revenue_category` VALUES (1,'PENDAPATAN 12','0'),(2,'PENDAPATAN 2','1');
/*!40000 ALTER TABLE `tbm_revenue_category` ENABLE KEYS */;
UNLOCK TABLES;

--
-- Table structure for table `tbm_satuan`
--

DROP TABLE IF EXISTS `tbm_satuan`;
/*!40101 SET @saved_cs_client     = @@character_set_client */;
/*!40101 SET character_set_client = utf8 */;
CREATE TABLE `tbm_satuan` (
  `id` int(11) NOT NULL AUTO_INCREMENT,
  `nama` varchar(255) DEFAULT NULL,
  `singkatan` varchar(255) DEFAULT NULL,
  `deleted` char(1) DEFAULT '0',
  PRIMARY KEY (`id`)
) ENGINE=InnoDB AUTO_INCREMENT=41 DEFAULT CHARSET=utf8;
/*!40101 SET character_set_client = @saved_cs_client */;

--
-- Dumping data for table `tbm_satuan`
--

LOCK TABLES `tbm_satuan` WRITE;
/*!40000 ALTER TABLE `tbm_satuan` DISABLE KEYS */;
INSERT INTO `tbm_satuan` VALUES (1,'Lembar','LBR','1'),(3,'Karton','KTN','1'),(4,'RIM','RIM','1'),(5,'Test','Test1','1'),(6,'ROLL','ROLL','1'),(7,'BUNGKUS','BKS','1'),(8,'BOX','BOX','1'),(9,'PLANO','PLN','1'),(10,'BUAH','BH','1'),(11,'Test 7','Test 7','1'),(12,'Kilogram','KG','0'),(13,'Gram','GR','0'),(14,'Buah','BH','0'),(15,'Pcs','Pcs','0'),(16,'Kotak','KTK','0'),(17,'RIM','RIM','0'),(18,'Lembar','Lbr','0'),(19,'Botol','BTL','0'),(20,'Gelas','GLS','0'),(21,'Lusin','Lusin','0'),(22,'Pack','Pack','0'),(23,'Renceng','Renceng','0'),(24,'TON','TON','0'),(25,'Liter','LTR','0'),(26,'Kaleng','KLG','0'),(27,'PAIL','PAIL','0'),(28,'SET','SET','0'),(29,'METER','MTR','0'),(30,'UNIT','UNIT','0'),(31,'ROLL','ROLL','0'),(32,'GULUNG','GLG','0'),(33,'Bungkus','Bks','0'),(34,'Blok','Blk','0'),(35,'Batang','Btg','0'),(36,'zak','zak','0'),(37,'tube','tube','0'),(38,'tabung','tbg','0'),(39,'lebar','Lbr','0'),(40,'Pasang','Psg','0');
/*!40000 ALTER TABLE `tbm_satuan` ENABLE KEYS */;
UNLOCK TABLES;

--
-- Table structure for table `tbm_satuan_barang`
--

DROP TABLE IF EXISTS `tbm_satuan_barang`;
/*!40101 SET @saved_cs_client     = @@character_set_client */;
/*!40101 SET character_set_client = utf8 */;
CREATE TABLE `tbm_satuan_barang` (
  `id` int(11) NOT NULL AUTO_INCREMENT,
  `id_barang` int(11) DEFAULT NULL,
  `id_satuan` int(11) DEFAULT NULL,
  `jumlah` float(11,2) DEFAULT NULL,
  `urutan` int(11) DEFAULT NULL,
  `deleted` char(1) DEFAULT '0',
  PRIMARY KEY (`id`)
) ENGINE=InnoDB AUTO_INCREMENT=1455 DEFAULT CHARSET=utf8;
/*!40101 SET character_set_client = @saved_cs_client */;

--
-- Dumping data for table `tbm_satuan_barang`
--

LOCK TABLES `tbm_satuan_barang` WRITE;
/*!40000 ALTER TABLE `tbm_satuan_barang` DISABLE KEYS */;
INSERT INTO `tbm_satuan_barang` VALUES (10,10,12,1.00,1,'0'),(11,11,12,1.00,1,'0'),(12,10,7,1.00,1,'1'),(13,11,7,1.00,1,'1'),(14,12,7,1.00,1,'1'),(15,13,7,1.00,1,'1'),(16,14,7,1.00,1,'1'),(17,15,7,1.00,1,'1'),(18,16,7,1.00,1,'1'),(19,17,7,1.00,1,'1'),(20,18,7,1.00,1,'1'),(21,19,7,1.00,1,'0'),(22,20,7,1.00,1,'0'),(23,21,7,1.00,1,'0'),(24,22,7,1.00,1,'0'),(25,23,7,1.00,1,'1'),(26,24,7,1.00,1,'1'),(27,25,7,1.00,1,'1'),(28,26,7,1.00,1,'1'),(29,27,7,1.00,1,'1'),(30,28,7,1.00,1,'1'),(31,29,7,1.00,1,'0'),(32,30,7,1.00,1,'0'),(33,31,7,1.00,1,'0'),(34,32,7,1.00,1,'0'),(35,33,7,1.00,1,'1'),(36,34,7,1.00,1,'1'),(37,35,7,1.00,1,'1'),(38,36,7,1.00,1,'1'),(39,37,7,1.00,1,'1'),(40,38,7,1.00,1,'1'),(41,39,7,1.00,1,'1'),(42,40,7,1.00,1,'1'),(43,41,7,1.00,1,'1'),(44,42,7,1.00,1,'1'),(45,43,7,1.00,1,'1'),(46,44,7,1.00,1,'1'),(47,45,7,1.00,1,'1'),(48,46,7,1.00,1,'1'),(49,47,7,1.00,1,'1'),(50,48,7,1.00,1,'1'),(51,49,7,1.00,1,'1'),(52,50,7,1.00,1,'1'),(53,51,7,1.00,1,'1'),(54,52,7,1.00,1,'1'),(55,53,7,1.00,1,'1'),(56,54,7,1.00,1,'1'),(57,55,7,1.00,1,'1'),(58,56,7,1.00,1,'1'),(59,57,7,1.00,1,'0'),(60,58,7,1.00,1,'1'),(61,59,7,1.00,1,'1'),(62,60,7,1.00,1,'1'),(63,61,7,1.00,1,'0'),(64,62,7,1.00,1,'0'),(65,63,7,1.00,1,'1'),(66,64,7,1.00,1,'1'),(67,65,7,1.00,1,'1'),(68,66,7,1.00,1,'1'),(69,67,7,1.00,1,'1'),(70,68,7,1.00,1,'1'),(71,69,7,1.00,1,'1'),(72,70,7,1.00,1,'1'),(73,71,7,1.00,1,'1'),(74,72,7,1.00,1,'1'),(75,73,7,1.00,1,'1'),(76,74,7,1.00,1,'1'),(77,75,7,1.00,1,'1'),(78,76,7,1.00,1,'1'),(79,77,7,1.00,1,'1'),(80,78,7,1.00,1,'1'),(81,79,7,1.00,1,'1'),(82,80,7,1.00,1,'1'),(83,81,7,1.00,1,'1'),(84,82,7,1.00,1,'1'),(85,83,7,1.00,1,'1'),(86,84,7,1.00,1,'1'),(87,85,7,1.00,1,'0'),(88,86,7,1.00,1,'1'),(89,87,7,1.00,1,'1'),(90,88,7,1.00,1,'1'),(91,89,7,1.00,1,'1'),(92,90,7,1.00,1,'1'),(93,91,7,1.00,1,'1'),(94,92,7,1.00,1,'1'),(95,93,7,1.00,1,'1'),(96,94,7,1.00,1,'1'),(97,95,7,1.00,1,'1'),(98,96,7,1.00,1,'1'),(99,97,7,1.00,1,'1'),(100,98,7,1.00,1,'0'),(101,99,7,1.00,1,'1'),(102,100,7,1.00,1,'1'),(103,101,7,1.00,1,'1'),(104,102,7,1.00,1,'1'),(105,103,7,1.00,1,'1'),(106,104,7,1.00,1,'0'),(107,105,7,1.00,1,'0'),(108,106,7,1.00,1,'0'),(109,107,7,1.00,1,'1'),(110,108,7,1.00,1,'1'),(111,109,7,1.00,1,'1'),(112,110,7,1.00,1,'1'),(113,111,7,1.00,1,'1'),(114,112,7,1.00,1,'1'),(115,113,7,1.00,1,'1'),(116,114,7,1.00,1,'1'),(117,115,7,1.00,1,'1'),(118,116,7,1.00,1,'1'),(119,117,7,1.00,1,'1'),(120,118,7,1.00,1,'1'),(121,119,7,1.00,1,'1'),(122,120,7,1.00,1,'1'),(123,121,7,1.00,1,'1'),(124,122,7,1.00,1,'1'),(125,123,7,1.00,1,'1'),(126,124,7,1.00,1,'1'),(127,125,7,1.00,1,'1'),(128,126,7,1.00,1,'1'),(129,127,7,1.00,1,'1'),(130,128,7,1.00,1,'1'),(131,129,7,1.00,1,'1'),(132,130,7,1.00,1,'1'),(133,131,7,1.00,1,'1'),(134,132,7,1.00,1,'1'),(135,133,7,1.00,1,'1'),(136,134,7,1.00,1,'1'),(137,135,7,1.00,1,'1'),(138,136,7,1.00,1,'0'),(139,137,7,1.00,1,'1'),(140,138,7,1.00,1,'0'),(141,139,7,1.00,1,'1'),(142,140,7,1.00,1,'1'),(143,141,7,1.00,1,'1'),(144,142,7,1.00,1,'1'),(145,143,7,1.00,1,'1'),(146,144,7,1.00,1,'1'),(147,145,7,1.00,1,'1'),(148,146,7,1.00,1,'1'),(149,147,7,1.00,1,'1'),(150,148,7,1.00,1,'1'),(151,149,7,1.00,1,'0'),(152,150,7,1.00,1,'1'),(153,151,7,1.00,1,'1'),(154,152,7,1.00,1,'1'),(155,153,7,1.00,1,'0'),(156,154,7,1.00,1,'0'),(157,155,7,1.00,1,'0'),(158,156,7,1.00,1,'1'),(159,157,7,1.00,1,'1'),(160,158,7,1.00,1,'1'),(161,159,7,1.00,1,'0'),(162,160,7,1.00,1,'1'),(163,161,7,1.00,1,'0'),(164,162,7,1.00,1,'0'),(165,163,7,1.00,1,'0'),(166,164,7,1.00,1,'0'),(167,165,7,1.00,1,'0'),(168,166,7,1.00,1,'1'),(169,167,7,1.00,1,'0'),(170,168,7,1.00,1,'0'),(171,169,7,1.00,1,'0'),(172,170,7,1.00,1,'0'),(173,171,7,1.00,1,'1'),(174,172,7,1.00,1,'1'),(175,173,7,1.00,1,'1'),(176,174,7,1.00,1,'1'),(177,175,7,1.00,1,'1'),(178,176,7,1.00,1,'0'),(179,177,7,1.00,1,'0'),(180,178,7,1.00,1,'0'),(181,179,7,1.00,1,'0'),(182,180,7,1.00,1,'0'),(183,181,7,1.00,1,'0'),(184,182,7,1.00,1,'0'),(185,183,7,1.00,1,'0'),(186,184,7,1.00,1,'1'),(187,185,7,1.00,1,'1'),(188,186,7,1.00,1,'1'),(189,187,7,1.00,1,'0'),(190,188,7,1.00,1,'1'),(191,189,7,1.00,1,'1'),(192,190,7,1.00,1,'1'),(193,191,7,1.00,1,'1'),(194,192,7,1.00,1,'1'),(195,193,7,1.00,1,'1'),(196,194,7,1.00,1,'1'),(197,195,7,1.00,1,'1'),(198,196,7,1.00,1,'1'),(199,197,7,1.00,1,'1'),(200,198,7,1.00,1,'1'),(201,199,7,1.00,1,'1'),(202,200,7,1.00,1,'1'),(203,201,7,1.00,1,'1'),(204,202,7,1.00,1,'1'),(205,203,7,1.00,1,'1'),(206,204,7,1.00,1,'1'),(207,205,7,1.00,1,'1'),(208,206,7,1.00,1,'1'),(209,207,7,1.00,1,'1'),(210,208,7,1.00,1,'1'),(211,209,7,1.00,1,'0'),(212,210,7,1.00,1,'1'),(213,211,7,1.00,1,'1'),(214,212,7,1.00,1,'1'),(215,213,7,1.00,1,'1'),(216,214,7,1.00,1,'1'),(217,215,7,1.00,1,'1'),(218,216,7,1.00,1,'1'),(219,217,7,1.00,1,'1'),(220,218,7,1.00,1,'0'),(221,219,7,1.00,1,'1'),(222,220,7,1.00,1,'0'),(223,221,7,1.00,1,'0'),(224,222,7,1.00,1,'1'),(225,223,7,1.00,1,'1'),(226,224,7,1.00,1,'0'),(227,225,7,1.00,1,'0'),(228,226,7,1.00,1,'1'),(229,227,7,1.00,1,'1'),(230,228,7,1.00,1,'1'),(231,229,7,1.00,1,'1'),(232,230,7,1.00,1,'1'),(233,231,7,1.00,1,'1'),(234,232,7,1.00,1,'1'),(235,233,7,1.00,1,'1'),(236,234,7,1.00,1,'1'),(237,235,7,1.00,1,'1'),(238,236,7,1.00,1,'1'),(239,237,7,1.00,1,'1'),(240,238,7,1.00,1,'1'),(241,239,7,1.00,1,'1'),(242,240,7,1.00,1,'1'),(243,241,7,1.00,1,'0'),(244,242,7,1.00,1,'0'),(245,243,7,1.00,1,'0'),(246,244,7,1.00,1,'1'),(247,245,7,1.00,1,'0'),(248,246,7,1.00,1,'1'),(249,247,7,1.00,1,'0'),(250,248,7,1.00,1,'0'),(251,249,7,1.00,1,'0'),(252,250,7,1.00,1,'1'),(253,251,7,1.00,1,'0'),(254,252,7,1.00,1,'1'),(255,253,7,1.00,1,'1'),(256,254,7,1.00,1,'0'),(257,255,7,1.00,1,'1'),(258,256,7,1.00,1,'0'),(259,257,7,1.00,1,'0'),(260,258,7,1.00,1,'0'),(261,259,7,1.00,1,'1'),(262,260,7,1.00,1,'1'),(263,261,7,1.00,1,'1'),(264,262,7,1.00,1,'1'),(265,263,7,1.00,1,'1'),(266,264,7,1.00,1,'1'),(267,265,7,1.00,1,'1'),(268,266,7,1.00,1,'1'),(269,267,7,1.00,1,'1'),(270,268,7,1.00,1,'1'),(271,269,7,1.00,1,'1'),(272,270,7,1.00,1,'1'),(273,271,7,1.00,1,'1'),(274,272,7,1.00,1,'1'),(275,273,7,1.00,1,'0'),(276,274,7,1.00,1,'0'),(277,275,7,1.00,1,'1'),(278,276,7,1.00,1,'1'),(279,277,7,1.00,1,'0'),(280,278,7,1.00,1,'1'),(281,279,7,1.00,1,'1'),(282,280,7,1.00,1,'1'),(283,281,7,1.00,1,'0'),(284,282,7,1.00,1,'0'),(285,283,7,1.00,1,'0'),(286,284,7,1.00,1,'0'),(287,285,7,1.00,1,'1'),(288,286,7,1.00,1,'1'),(289,287,7,1.00,1,'1'),(290,288,7,1.00,1,'1'),(291,289,7,1.00,1,'0'),(292,290,7,1.00,1,'1'),(293,291,7,1.00,1,'1'),(294,292,7,1.00,1,'1'),(295,293,7,1.00,1,'1'),(296,294,7,1.00,1,'0'),(297,295,7,1.00,1,'0'),(298,296,7,1.00,1,'0'),(299,297,7,1.00,1,'0'),(300,298,7,1.00,1,'1'),(301,299,7,1.00,1,'0'),(302,300,7,1.00,1,'1'),(303,301,7,1.00,1,'1'),(304,302,7,1.00,1,'1'),(305,303,7,1.00,1,'1'),(306,304,7,1.00,1,'0'),(307,305,7,1.00,1,'0'),(308,306,7,1.00,1,'1'),(309,307,7,1.00,1,'1'),(310,308,7,1.00,1,'1'),(311,309,7,1.00,1,'1'),(312,310,7,1.00,1,'1'),(313,311,7,1.00,1,'0'),(314,312,7,1.00,1,'1'),(315,313,7,1.00,1,'0'),(316,314,7,1.00,1,'1'),(317,315,7,1.00,1,'1'),(318,316,7,1.00,1,'1'),(319,317,7,1.00,1,'1'),(320,318,7,1.00,1,'1'),(321,319,7,1.00,1,'1'),(322,320,7,1.00,1,'0'),(323,321,7,1.00,1,'0'),(324,322,7,1.00,1,'0'),(325,323,7,1.00,1,'1'),(326,324,7,1.00,1,'1'),(327,325,7,1.00,1,'0'),(328,326,7,1.00,1,'0'),(329,327,7,1.00,1,'1'),(330,328,7,1.00,1,'1'),(331,329,7,1.00,1,'1'),(332,330,7,1.00,1,'1'),(333,331,7,1.00,1,'1'),(334,332,7,1.00,1,'1'),(335,333,7,1.00,1,'1'),(336,334,7,1.00,1,'1'),(337,335,7,1.00,1,'1'),(338,336,7,1.00,1,'1'),(339,337,7,1.00,1,'1'),(340,338,7,1.00,1,'1'),(341,339,7,1.00,1,'1'),(342,340,7,1.00,1,'1'),(343,341,7,1.00,1,'1'),(344,342,7,1.00,1,'1'),(345,343,7,1.00,1,'1'),(346,344,7,1.00,1,'1'),(347,345,7,1.00,1,'1'),(348,346,7,1.00,1,'0'),(349,347,7,1.00,1,'0'),(350,348,7,1.00,1,'0'),(351,349,7,1.00,1,'0'),(352,350,7,1.00,1,'1'),(353,351,7,1.00,1,'1'),(354,352,7,1.00,1,'0'),(355,353,7,1.00,1,'1'),(356,354,7,1.00,1,'1'),(357,355,7,1.00,1,'1'),(358,356,7,1.00,1,'1'),(359,357,7,1.00,1,'0'),(360,358,7,1.00,1,'0'),(361,359,7,1.00,1,'1'),(362,360,7,1.00,1,'1'),(363,361,7,1.00,1,'1'),(364,362,7,1.00,1,'1'),(365,363,7,1.00,1,'1'),(366,364,7,1.00,1,'1'),(367,365,7,1.00,1,'1'),(368,366,7,1.00,1,'1'),(369,367,7,1.00,1,'1'),(370,368,7,1.00,1,'1'),(371,369,7,1.00,1,'0'),(372,370,7,1.00,1,'1'),(373,371,7,1.00,1,'1'),(374,372,7,1.00,1,'1'),(375,373,7,1.00,1,'1'),(376,374,7,1.00,1,'0'),(377,375,7,1.00,1,'0'),(378,376,7,1.00,1,'1'),(379,377,7,1.00,1,'1'),(380,378,7,1.00,1,'1'),(381,379,7,1.00,1,'1'),(382,380,7,1.00,1,'1'),(383,381,7,1.00,1,'1'),(384,382,7,1.00,1,'1'),(385,383,7,1.00,1,'1'),(386,384,7,1.00,1,'0'),(387,385,7,1.00,1,'1'),(388,386,7,1.00,1,'1'),(389,387,7,1.00,1,'1'),(390,388,7,1.00,1,'1'),(391,389,7,1.00,1,'1'),(392,390,7,1.00,1,'0'),(393,391,7,1.00,1,'0'),(394,392,7,1.00,1,'0'),(395,393,7,1.00,1,'0'),(396,394,7,1.00,1,'0'),(397,395,7,1.00,1,'1'),(398,396,7,1.00,1,'1'),(399,397,7,1.00,1,'0'),(400,398,7,1.00,1,'0'),(401,399,7,1.00,1,'1'),(402,400,7,1.00,1,'1'),(403,401,7,1.00,1,'1'),(404,402,7,1.00,1,'1'),(405,403,7,1.00,1,'1'),(406,404,7,1.00,1,'1'),(407,405,7,1.00,1,'1'),(408,406,7,1.00,1,'1'),(409,407,7,1.00,1,'1'),(410,408,7,1.00,1,'1'),(411,409,7,1.00,1,'0'),(412,410,7,1.00,1,'0'),(413,411,7,1.00,1,'1'),(414,412,7,1.00,1,'1'),(415,413,7,1.00,1,'1'),(416,414,7,1.00,1,'1'),(417,415,7,1.00,1,'1'),(418,416,7,1.00,1,'1'),(419,417,7,1.00,1,'1'),(420,418,7,1.00,1,'1'),(421,419,7,1.00,1,'1'),(422,420,7,1.00,1,'1'),(423,421,7,1.00,1,'1'),(424,422,7,1.00,1,'1'),(425,423,7,1.00,1,'1'),(426,424,7,1.00,1,'1'),(427,425,7,1.00,1,'1'),(428,426,7,1.00,1,'1'),(429,427,7,1.00,1,'1'),(430,428,7,1.00,1,'1'),(431,429,7,1.00,1,'1'),(432,430,7,1.00,1,'1'),(433,431,7,1.00,1,'1'),(434,432,7,1.00,1,'0'),(435,433,7,1.00,1,'0'),(436,434,7,1.00,1,'0'),(437,435,7,1.00,1,'0'),(438,436,7,1.00,1,'0'),(439,437,7,1.00,1,'1'),(440,438,7,1.00,1,'0'),(441,439,7,1.00,1,'1'),(442,440,7,1.00,1,'1'),(443,441,7,1.00,1,'1'),(444,442,7,1.00,1,'1'),(445,443,7,1.00,1,'1'),(446,444,7,1.00,1,'0'),(447,445,7,1.00,1,'1'),(448,446,7,1.00,1,'0'),(449,447,7,1.00,1,'0'),(450,448,7,1.00,1,'1'),(451,449,7,1.00,1,'0'),(452,450,7,1.00,1,'0'),(453,451,7,1.00,1,'0'),(454,452,7,1.00,1,'0'),(455,453,7,1.00,1,'1'),(456,454,7,1.00,1,'0'),(457,455,7,1.00,1,'0'),(458,456,7,1.00,1,'1'),(459,457,7,1.00,1,'1'),(460,458,7,1.00,1,'1'),(461,459,7,1.00,1,'1'),(462,460,7,1.00,1,'1'),(463,461,7,1.00,1,'1'),(464,462,7,1.00,1,'0'),(465,463,7,1.00,1,'0'),(466,464,7,1.00,1,'1'),(467,465,7,1.00,1,'1'),(468,466,7,1.00,1,'1'),(469,467,7,1.00,1,'1'),(470,468,7,1.00,1,'1'),(471,469,7,1.00,1,'1'),(472,470,7,1.00,1,'1'),(473,471,7,1.00,1,'1'),(474,472,7,1.00,1,'1'),(475,473,7,1.00,1,'1'),(476,474,7,1.00,1,'1'),(477,475,7,1.00,1,'1'),(478,476,7,1.00,1,'1'),(479,477,7,1.00,1,'1'),(480,478,7,1.00,1,'1'),(481,479,7,1.00,1,'1'),(482,480,7,1.00,1,'1'),(483,481,7,1.00,1,'1'),(484,482,7,1.00,1,'1'),(485,483,7,1.00,1,'1'),(486,484,7,1.00,1,'1'),(487,485,7,1.00,1,'1'),(488,486,7,1.00,1,'1'),(489,487,7,1.00,1,'1'),(490,488,7,1.00,1,'0'),(491,489,7,1.00,1,'1'),(492,490,7,1.00,1,'1'),(493,491,7,1.00,1,'1'),(494,492,7,1.00,1,'1'),(495,493,7,1.00,1,'1'),(496,494,7,1.00,1,'0'),(497,495,7,1.00,1,'0'),(498,496,7,1.00,1,'1'),(499,497,7,1.00,1,'1'),(500,498,7,1.00,1,'1'),(501,499,7,1.00,1,'0'),(502,500,7,1.00,1,'1'),(503,501,7,1.00,1,'0'),(504,502,7,1.00,1,'0'),(505,503,7,1.00,1,'0'),(506,504,7,1.00,1,'0'),(507,505,7,1.00,1,'0'),(508,506,7,1.00,1,'0'),(509,507,7,1.00,1,'0'),(510,508,7,1.00,1,'0'),(511,509,7,1.00,1,'0'),(512,510,7,1.00,1,'0'),(513,511,7,1.00,1,'0'),(514,512,7,1.00,1,'0'),(515,513,7,1.00,1,'0'),(516,514,7,1.00,1,'0'),(517,515,7,1.00,1,'1'),(518,516,7,1.00,1,'0'),(519,517,7,1.00,1,'0'),(520,518,7,1.00,1,'0'),(521,519,7,1.00,1,'0'),(522,520,7,1.00,1,'1'),(523,521,7,1.00,1,'0'),(524,522,7,1.00,1,'0'),(525,523,7,1.00,1,'0'),(526,524,7,1.00,1,'0'),(527,525,7,1.00,1,'0'),(528,526,7,1.00,1,'1'),(529,527,7,1.00,1,'1'),(530,528,7,1.00,1,'1'),(531,529,7,1.00,1,'0'),(532,530,7,1.00,1,'0'),(533,531,7,1.00,1,'1'),(534,532,7,1.00,1,'1'),(535,533,7,1.00,1,'1'),(536,534,7,1.00,1,'1'),(537,535,7,1.00,1,'1'),(538,536,7,1.00,1,'1'),(539,537,7,1.00,1,'1'),(540,538,7,1.00,1,'1'),(541,539,7,1.00,1,'1'),(542,540,7,1.00,1,'1'),(543,541,7,1.00,1,'1'),(544,542,7,1.00,1,'1'),(545,543,7,1.00,1,'1'),(546,544,7,1.00,1,'1'),(547,545,7,1.00,1,'1'),(548,546,7,1.00,1,'1'),(549,547,7,1.00,1,'1'),(550,548,7,1.00,1,'1'),(551,549,7,1.00,1,'1'),(552,550,7,1.00,1,'1'),(553,551,7,1.00,1,'1'),(554,552,7,1.00,1,'1'),(555,553,7,1.00,1,'1'),(556,554,7,1.00,1,'1'),(557,555,7,1.00,1,'1'),(558,556,7,1.00,1,'1'),(559,557,7,1.00,1,'0'),(560,558,7,1.00,1,'0'),(561,559,7,1.00,1,'0'),(562,560,7,1.00,1,'0'),(563,561,7,1.00,1,'0'),(564,562,7,1.00,1,'1'),(565,563,7,1.00,1,'0'),(566,564,7,1.00,1,'0'),(567,565,7,1.00,1,'1'),(568,566,7,1.00,1,'1'),(569,567,7,1.00,1,'0'),(570,568,7,1.00,1,'0'),(571,569,7,1.00,1,'0'),(572,570,7,1.00,1,'0'),(573,571,7,1.00,1,'0'),(574,572,7,1.00,1,'1'),(575,573,7,1.00,1,'1'),(576,574,7,1.00,1,'1'),(577,575,7,1.00,1,'1'),(578,576,7,1.00,1,'1'),(579,577,7,1.00,1,'1'),(580,578,7,1.00,1,'1'),(581,579,7,1.00,1,'0'),(582,580,7,1.00,1,'0'),(583,581,7,1.00,1,'0'),(584,582,7,1.00,1,'1'),(585,583,7,1.00,1,'0'),(586,584,7,1.00,1,'0'),(587,585,7,1.00,1,'0'),(588,586,7,1.00,1,'0'),(589,587,7,1.00,1,'0'),(590,588,7,1.00,1,'1'),(591,589,7,1.00,1,'0'),(592,590,7,1.00,1,'0'),(593,591,7,1.00,1,'0'),(594,592,7,1.00,1,'0'),(595,593,7,1.00,1,'0'),(596,594,7,1.00,1,'1'),(597,595,7,1.00,1,'0'),(598,596,7,1.00,1,'0'),(599,597,7,1.00,1,'0'),(600,598,7,1.00,1,'1'),(601,599,7,1.00,1,'1'),(602,600,7,1.00,1,'0'),(603,601,7,1.00,1,'0'),(604,602,7,1.00,1,'0'),(605,603,7,1.00,1,'0'),(606,604,7,1.00,1,'0'),(607,605,7,1.00,1,'0'),(608,606,7,1.00,1,'1'),(609,607,7,1.00,1,'1'),(610,608,7,1.00,1,'1'),(611,609,7,1.00,1,'1'),(612,610,7,1.00,1,'0'),(613,611,7,1.00,1,'0'),(614,612,7,1.00,1,'1'),(615,613,7,1.00,1,'1'),(616,614,7,1.00,1,'1'),(617,615,7,1.00,1,'1'),(618,616,7,1.00,1,'1'),(619,617,7,1.00,1,'1'),(620,618,7,1.00,1,'1'),(621,619,7,1.00,1,'1'),(622,620,7,1.00,1,'1'),(623,621,7,1.00,1,'0'),(624,622,7,1.00,1,'1'),(625,623,7,1.00,1,'1'),(626,624,7,1.00,1,'0'),(627,625,7,1.00,1,'0'),(628,626,7,1.00,1,'0'),(629,627,7,1.00,1,'0'),(630,628,7,1.00,1,'0'),(631,629,7,1.00,1,'0'),(632,630,7,1.00,1,'1'),(633,631,7,1.00,1,'1'),(634,632,7,1.00,1,'1'),(635,633,7,1.00,1,'1'),(636,634,7,1.00,1,'1'),(637,635,7,1.00,1,'0'),(638,636,7,1.00,1,'0'),(639,637,7,1.00,1,'0'),(640,638,7,1.00,1,'0'),(641,639,7,1.00,1,'0'),(642,640,7,1.00,1,'0'),(643,641,7,1.00,1,'0'),(644,642,7,1.00,1,'0'),(645,643,7,1.00,1,'0'),(646,644,7,1.00,1,'0'),(647,645,7,1.00,1,'1'),(648,646,7,1.00,1,'1'),(649,647,7,1.00,1,'1'),(650,648,7,1.00,1,'0'),(651,649,7,1.00,1,'0'),(652,650,7,1.00,1,'1'),(653,651,7,1.00,1,'1'),(654,652,7,1.00,1,'1'),(655,653,7,1.00,1,'1'),(656,654,7,1.00,1,'0'),(657,655,7,1.00,1,'1'),(658,656,7,1.00,1,'1'),(659,657,7,1.00,1,'0'),(660,658,7,1.00,1,'0'),(661,659,7,1.00,1,'1'),(662,660,7,1.00,1,'1'),(663,661,7,1.00,1,'1'),(664,662,7,1.00,1,'1'),(665,663,7,1.00,1,'0'),(666,664,7,1.00,1,'0'),(667,665,7,1.00,1,'0'),(668,666,7,1.00,1,'1'),(669,667,7,1.00,1,'1'),(670,668,7,1.00,1,'0'),(671,669,7,1.00,1,'1'),(672,670,7,1.00,1,'1'),(673,671,7,1.00,1,'0'),(674,672,7,1.00,1,'1'),(675,673,7,1.00,1,'1'),(676,674,7,1.00,1,'1'),(677,675,7,1.00,1,'0'),(678,676,7,1.00,1,'1'),(679,677,7,1.00,1,'0'),(680,678,7,1.00,1,'0'),(681,679,7,1.00,1,'0'),(682,680,7,1.00,1,'0'),(683,681,7,1.00,1,'0'),(684,682,7,1.00,1,'0'),(685,683,7,1.00,1,'0'),(686,684,7,1.00,1,'0'),(687,685,7,1.00,1,'0'),(688,686,7,1.00,1,'0'),(689,687,7,1.00,1,'0'),(690,688,7,1.00,1,'0'),(691,689,7,1.00,1,'0'),(692,690,7,1.00,1,'0'),(693,691,7,1.00,1,'0'),(694,692,7,1.00,1,'0'),(695,693,7,1.00,1,'0'),(696,694,7,1.00,1,'0'),(697,695,7,1.00,1,'0'),(698,696,7,1.00,1,'0'),(699,697,7,1.00,1,'0'),(700,698,7,1.00,1,'0'),(701,699,7,1.00,1,'0'),(702,700,7,1.00,1,'0'),(703,701,7,1.00,1,'1'),(704,702,7,1.00,1,'1'),(705,703,7,1.00,1,'1'),(706,704,7,1.00,1,'1'),(707,705,7,1.00,1,'0'),(708,706,7,1.00,1,'0'),(709,707,7,1.00,1,'1'),(710,708,7,1.00,1,'1'),(711,709,7,1.00,1,'0'),(712,710,7,1.00,1,'0'),(713,711,7,1.00,1,'0'),(714,712,7,1.00,1,'0'),(715,713,7,1.00,1,'1'),(716,714,7,1.00,1,'1'),(717,715,7,1.00,1,'1'),(718,716,7,1.00,1,'1'),(719,717,7,1.00,1,'1'),(720,718,7,1.00,1,'1'),(721,719,7,1.00,1,'1'),(722,720,7,1.00,1,'1'),(723,721,7,1.00,1,'1'),(724,722,7,1.00,1,'1'),(725,723,7,1.00,1,'1'),(726,724,7,1.00,1,'1'),(727,725,7,1.00,1,'1'),(728,726,7,1.00,1,'1'),(729,727,7,1.00,1,'1'),(730,728,7,1.00,1,'1'),(731,729,7,1.00,1,'1'),(732,730,7,1.00,1,'1'),(733,731,7,1.00,1,'1'),(734,732,7,1.00,1,'0'),(735,733,7,1.00,1,'0'),(736,1019,12,1.00,1,'0'),(737,1019,0,0.00,2,'0'),(738,1020,24,1.00,1,'0'),(739,1020,12,10000.00,2,'1'),(740,1021,24,1.00,1,'0'),(741,1021,12,1000.00,2,'0'),(742,13,22,1.00,2,'1'),(743,13,15,10.00,3,'1'),(744,14,22,1.00,2,'1'),(745,14,15,5.00,3,'1'),(746,1020,12,1000.00,3,'0'),(747,12,27,1.00,2,'1'),(748,13,27,1.00,4,'0'),(749,14,27,1.00,4,'0'),(750,15,27,1.00,2,'0'),(751,13,12,20.00,5,'0'),(752,12,24,1.00,3,'1'),(753,12,25,1000.00,4,'1'),(754,12,27,1.00,5,'0'),(755,12,12,20.00,6,'0'),(756,14,12,20.00,5,'0'),(757,15,12,20.00,3,'0'),(758,16,25,1.00,2,'0'),(759,23,25,1.00,2,'0'),(760,24,25,1.00,2,'0'),(761,25,25,1.00,2,'0'),(762,26,25,1.00,2,'0'),(763,27,25,1.00,2,'0'),(764,28,25,1.00,2,'0'),(765,33,26,1.00,2,'0'),(766,34,26,1.00,2,'0'),(767,36,26,1.00,2,'0'),(768,37,24,12.00,2,'0'),(769,35,26,1.00,2,'0'),(770,38,25,1.00,2,'0'),(771,39,25,1.00,2,'0'),(772,40,33,1.00,2,'0'),(773,41,33,1.00,2,'0'),(774,42,33,1.00,2,'0'),(775,43,16,1.00,2,'0'),(776,44,16,1.00,2,'0'),(777,45,33,1.00,2,'0'),(778,46,34,1.00,2,'0'),(779,47,16,1.00,2,'0'),(780,48,16,1.00,2,'0'),(781,49,16,1.00,2,'0'),(782,50,15,1.00,2,'0'),(783,51,34,1.00,2,'0'),(784,52,34,1.00,2,'0'),(785,55,34,1.00,2,'0'),(786,54,34,1.00,2,'0'),(787,56,15,1.00,2,'0'),(788,53,34,1.00,2,'0'),(789,58,16,1.00,2,'0'),(790,59,15,1.00,2,'0'),(791,60,15,1.00,2,'0'),(792,63,34,1.00,2,'0'),(793,64,15,1.00,2,'0'),(794,65,16,1.00,2,'0'),(795,66,16,1.00,2,'0'),(796,67,16,1.00,2,'0'),(797,68,17,1.00,2,'0'),(798,69,17,1.00,2,'0'),(799,70,15,1.00,2,'0'),(800,71,31,1.00,2,'0'),(801,72,31,1.00,2,'0'),(802,73,31,1.00,2,'0'),(803,74,19,1.00,2,'0'),(804,75,15,1.00,2,'0'),(805,76,15,1.00,2,'0'),(806,77,15,1.00,2,'0'),(807,78,34,1.00,2,'0'),(808,79,34,1.00,2,'0'),(809,80,16,1.00,2,'0'),(810,81,32,1.00,2,'0'),(811,82,15,1.00,2,'0'),(812,83,15,1.00,2,'0'),(813,84,16,12.00,2,'0'),(814,86,15,1.00,2,'0'),(815,87,15,1.00,2,'0'),(816,88,15,1.00,2,'0'),(817,89,15,1.00,2,'0'),(818,91,15,1.00,2,'0'),(819,92,15,1.00,2,'0'),(820,93,19,1.00,2,'0'),(821,94,19,1.00,2,'0'),(822,97,19,1.00,2,'0'),(823,99,15,1.00,2,'0'),(824,102,15,1.00,2,'0'),(825,107,28,1.00,2,'0'),(826,108,28,1.00,2,'0'),(827,109,28,1.00,2,'0'),(828,110,15,1.00,2,'0'),(829,111,15,1.00,2,'0'),(830,112,15,1.00,2,'0'),(831,118,15,1.00,2,'0'),(832,119,15,1.00,2,'0'),(833,120,15,1.00,2,'0'),(834,121,15,1.00,2,'0'),(835,122,15,1.00,2,'0'),(836,123,15,1.00,2,'0'),(837,124,15,1.00,2,'0'),(838,125,15,1.00,2,'0'),(839,126,15,1.00,2,'0'),(840,127,15,1.00,2,'0'),(841,128,15,1.00,2,'0'),(842,785,36,1.00,1,'0'),(843,130,15,1.00,2,'0'),(844,131,15,1.00,2,'0'),(845,132,15,1.00,2,'0'),(846,133,15,1.00,2,'0'),(847,134,15,1.00,2,'0'),(848,135,15,1.00,2,'0'),(849,137,15,1.00,2,'0'),(850,17,24,1.00,2,'0'),(851,17,25,1.00,3,'0'),(852,139,15,1.00,2,'0'),(853,140,15,1.00,2,'0'),(854,141,15,1.00,2,'0'),(855,142,15,1.00,2,'0'),(856,143,15,1.00,2,'0'),(857,144,15,1.00,2,'0'),(858,145,33,1.00,2,'0'),(859,146,33,1.00,2,'0'),(860,150,12,1.00,2,'0'),(861,151,12,1.00,2,'0'),(862,160,15,1.00,2,'0'),(863,166,29,1.00,2,'0'),(864,199,15,1.00,2,'0'),(865,200,15,1.00,2,'0'),(866,201,15,1.00,2,'0'),(867,202,15,1.00,2,'0'),(868,203,15,1.00,2,'0'),(869,204,15,1.00,2,'0'),(870,205,15,1.00,2,'0'),(871,206,15,1.00,2,'0'),(872,207,15,1.00,2,'0'),(873,208,15,1.00,2,'0'),(874,117,15,1.00,2,'0'),(875,113,15,1.00,2,'0'),(876,114,15,1.00,2,'0'),(877,115,15,1.00,2,'0'),(878,116,15,1.00,2,'0'),(879,129,15,1.00,2,'0'),(880,147,15,1.00,2,'0'),(881,148,15,1.00,2,'0'),(882,152,15,1.00,2,'0'),(883,156,28,1.00,2,'0'),(884,157,28,1.00,2,'0'),(885,158,15,1.00,2,'0'),(886,171,33,1.00,2,'0'),(887,172,33,1.00,2,'0'),(888,173,31,1.00,2,'0'),(889,174,31,1.00,2,'0'),(890,175,31,1.00,2,'0'),(891,210,15,1.00,2,'0'),(892,211,15,1.00,2,'0'),(893,212,15,1.00,2,'0'),(894,213,15,1.00,2,'0'),(895,214,15,1.00,2,'0'),(896,215,15,1.00,2,'0'),(897,216,15,1.00,2,'0'),(898,217,15,1.00,2,'0'),(899,219,15,1.00,2,'0'),(900,222,15,1.00,2,'0'),(901,223,15,1.00,2,'0'),(902,226,15,1.00,2,'0'),(903,227,35,1.00,2,'0'),(904,228,15,1.00,2,'0'),(905,229,15,1.00,2,'0'),(906,230,15,1.00,2,'0'),(907,231,15,1.00,2,'0'),(908,232,15,1.00,2,'0'),(909,233,15,1.00,2,'0'),(910,234,15,1.00,2,'0'),(911,235,15,1.00,2,'0'),(912,236,15,1.00,2,'0'),(913,237,15,1.00,2,'0'),(914,238,15,1.00,2,'0'),(915,239,15,1.00,2,'0'),(916,240,15,1.00,2,'0'),(917,244,15,1.00,2,'0'),(918,246,15,1.00,2,'0'),(919,250,28,1.00,2,'0'),(920,252,15,1.00,2,'0'),(921,253,15,1.00,2,'0'),(922,255,15,1.00,2,'0'),(923,259,15,1.00,2,'0'),(924,260,15,1.00,2,'0'),(925,261,32,1.00,2,'0'),(926,262,15,1.00,2,'0'),(927,263,15,1.00,2,'0'),(928,264,15,1.00,2,'0'),(929,265,15,1.00,2,'0'),(930,266,15,1.00,2,'0'),(931,267,15,1.00,2,'0'),(932,268,15,1.00,2,'0'),(933,269,15,1.00,2,'0'),(934,270,15,1.00,2,'0'),(935,271,15,1.00,2,'0'),(936,272,15,1.00,2,'0'),(937,275,15,1.00,2,'0'),(938,276,15,1.00,2,'0'),(939,278,12,1.00,2,'0'),(940,279,12,1.00,2,'0'),(941,280,12,1.00,2,'0'),(942,285,15,1.00,2,'0'),(943,286,15,1.00,2,'0'),(944,287,15,1.00,2,'0'),(945,288,15,1.00,2,'0'),(946,290,26,1.00,2,'0'),(947,291,15,1.00,2,'0'),(948,292,15,1.00,2,'0'),(949,293,15,1.00,2,'0'),(950,298,28,1.00,2,'0'),(951,300,15,1.00,2,'0'),(952,301,15,1.00,2,'0'),(953,302,28,1.00,2,'1'),(954,302,15,1.00,3,'0'),(955,303,15,1.00,2,'0'),(956,306,15,1.00,2,'0'),(957,307,15,1.00,2,'0'),(958,308,15,1.00,2,'0'),(959,309,15,1.00,2,'0'),(960,310,28,1.00,2,'0'),(961,312,15,1.00,2,'0'),(962,314,15,1.00,2,'0'),(963,315,15,1.00,2,'0'),(964,316,15,1.00,2,'0'),(965,317,15,1.00,2,'0'),(966,318,15,1.00,2,'0'),(967,319,15,1.00,2,'0'),(968,874,31,1.00,1,'0'),(969,875,31,1.00,1,'0'),(970,195,15,1.00,2,'0'),(971,196,15,1.00,2,'0'),(972,892,12,1.00,1,'0'),(973,897,12,1.00,1,'0'),(974,857,15,1.00,1,'0'),(975,343,15,1.00,2,'0'),(976,788,36,1.00,1,'0'),(977,807,27,1.00,1,'0'),(978,808,27,1.00,1,'0'),(979,809,27,1.00,1,'0'),(980,810,27,1.00,1,'0'),(981,811,36,1.00,1,'0'),(982,95,19,1.00,2,'0'),(983,90,15,1.00,2,'0'),(984,96,19,1.00,2,'0'),(985,103,15,1.00,2,'0'),(986,186,15,1.00,2,'0'),(987,188,15,1.00,2,'0'),(988,189,15,1.00,2,'0'),(989,190,15,1.00,2,'0'),(990,191,15,1.00,2,'0'),(991,192,15,1.00,2,'0'),(992,193,15,1.00,2,'0'),(993,194,15,1.00,2,'0'),(994,323,15,1.00,2,'0'),(995,324,15,1.00,2,'0'),(996,328,15,1.00,2,'0'),(997,327,15,1.00,2,'0'),(998,329,15,1.00,2,'0'),(999,330,15,1.00,2,'0'),(1000,331,15,1.00,2,'0'),(1001,332,15,1.00,2,'0'),(1002,333,15,1.00,2,'0'),(1003,334,15,1.00,2,'0'),(1004,335,15,1.00,2,'0'),(1005,336,15,1.00,2,'0'),(1006,337,15,1.00,2,'0'),(1007,338,15,1.00,2,'0'),(1008,339,15,1.00,2,'0'),(1009,340,15,1.00,2,'0'),(1010,341,15,1.00,2,'0'),(1011,342,15,1.00,2,'0'),(1012,344,15,1.00,2,'0'),(1013,345,15,1.00,2,'0'),(1014,18,27,1.00,2,'0'),(1015,100,15,1.00,2,'0'),(1016,101,15,1.00,2,'0'),(1017,198,15,1.00,2,'0'),(1018,197,15,1.00,2,'0'),(1019,1022,15,1.00,1,'0'),(1020,1023,15,1.00,1,'0'),(1021,764,15,1.00,1,'0'),(1022,1024,15,1.00,1,'0'),(1023,855,15,1.00,1,'0'),(1024,851,15,1.00,1,'0'),(1025,853,15,1.00,1,'0'),(1026,856,15,1.00,1,'0'),(1027,367,15,1.00,2,'0'),(1028,359,15,1.00,2,'0'),(1029,360,15,1.00,2,'0'),(1030,361,15,1.00,2,'0'),(1031,362,15,1.00,2,'0'),(1032,363,15,1.00,2,'0'),(1033,364,15,1.00,2,'0'),(1034,365,15,1.00,2,'0'),(1035,366,15,1.00,2,'0'),(1036,368,15,1.00,2,'0'),(1037,370,15,1.00,2,'0'),(1038,371,15,1.00,2,'0'),(1039,372,15,1.00,2,'0'),(1040,373,15,1.00,2,'0'),(1041,377,15,1.00,2,'0'),(1042,378,15,1.00,2,'0'),(1043,379,15,1.00,2,'0'),(1044,380,15,1.00,2,'0'),(1045,376,15,1.00,2,'0'),(1046,381,15,1.00,2,'0'),(1047,382,15,1.00,2,'0'),(1048,383,35,1.00,2,'0'),(1049,385,15,1.00,2,'0'),(1050,386,15,1.00,2,'0'),(1051,387,15,1.00,2,'0'),(1052,388,15,1.00,2,'0'),(1053,389,15,1.00,2,'0'),(1054,395,35,1.00,2,'0'),(1055,396,35,1.00,2,'0'),(1056,399,35,1.00,2,'0'),(1057,400,15,1.00,2,'0'),(1058,401,15,1.00,2,'0'),(1059,402,15,1.00,2,'0'),(1060,403,15,1.00,2,'0'),(1061,404,15,1.00,2,'0'),(1062,405,15,1.00,2,'0'),(1063,406,15,1.00,2,'0'),(1064,407,15,1.00,2,'0'),(1065,408,15,1.00,2,'0'),(1066,411,28,1.00,2,'0'),(1067,412,15,1.00,2,'0'),(1068,413,15,1.00,2,'0'),(1069,414,15,1.00,2,'0'),(1070,415,15,1.00,2,'0'),(1071,416,15,1.00,2,'0'),(1072,417,15,1.00,2,'0'),(1073,418,15,1.00,2,'0'),(1074,419,15,1.00,2,'0'),(1075,420,15,1.00,2,'0'),(1076,421,15,1.00,2,'0'),(1077,422,15,1.00,2,'0'),(1078,423,15,1.00,2,'0'),(1079,424,15,1.00,2,'0'),(1080,425,15,1.00,2,'0'),(1081,426,15,1.00,2,'0'),(1082,427,15,1.00,2,'0'),(1083,428,15,1.00,2,'0'),(1084,429,15,1.00,2,'0'),(1085,430,15,1.00,2,'0'),(1086,431,15,1.00,2,'0'),(1087,437,31,1.00,2,'0'),(1088,439,15,1.00,2,'0'),(1089,440,15,1.00,2,'0'),(1090,441,31,1.00,2,'0'),(1091,442,15,1.00,2,'0'),(1092,443,15,1.00,2,'0'),(1093,445,31,1.00,2,'0'),(1094,448,15,1.00,2,'0'),(1095,453,15,1.00,2,'0'),(1096,456,15,1.00,2,'0'),(1097,457,15,1.00,2,'0'),(1098,458,15,1.00,2,'0'),(1099,459,15,1.00,2,'0'),(1100,460,15,1.00,2,'0'),(1101,461,15,1.00,2,'0'),(1102,464,15,1.00,2,'0'),(1103,465,15,1.00,2,'0'),(1104,466,15,1.00,2,'0'),(1105,467,15,1.00,2,'0'),(1106,468,15,1.00,2,'0'),(1107,477,15,1.00,2,'0'),(1108,469,15,1.00,2,'0'),(1109,470,15,1.00,2,'0'),(1110,471,15,1.00,2,'0'),(1111,472,15,1.00,2,'0'),(1112,473,15,1.00,2,'0'),(1113,474,15,1.00,2,'0'),(1114,475,15,1.00,2,'0'),(1115,476,15,1.00,2,'0'),(1116,487,15,1.00,2,'0'),(1117,478,15,1.00,2,'0'),(1118,479,15,1.00,2,'0'),(1119,480,15,1.00,2,'0'),(1120,481,15,1.00,2,'0'),(1121,482,15,1.00,2,'0'),(1122,483,15,1.00,2,'0'),(1123,484,15,1.00,2,'0'),(1124,485,15,1.00,2,'0'),(1125,486,15,1.00,2,'0'),(1126,497,29,1.00,2,'0'),(1127,490,15,1.00,2,'0'),(1128,489,15,1.00,2,'0'),(1129,491,15,1.00,2,'0'),(1130,492,28,1.00,2,'0'),(1131,493,15,1.00,2,'0'),(1132,496,15,1.00,2,'0'),(1133,498,29,1.00,2,'0'),(1134,500,29,1.00,2,'0'),(1135,515,28,1.00,2,'0'),(1136,520,15,1.00,2,'0'),(1137,526,15,1.00,2,'0'),(1138,527,15,1.00,2,'0'),(1139,528,28,1.00,2,'0'),(1140,531,15,1.00,2,'0'),(1141,532,15,1.00,2,'0'),(1142,533,15,1.00,2,'0'),(1143,534,15,1.00,2,'0'),(1144,535,15,1.00,2,'0'),(1145,536,15,1.00,2,'0'),(1146,546,15,1.00,2,'0'),(1147,537,15,1.00,2,'0'),(1148,538,15,1.00,2,'0'),(1149,539,15,1.00,2,'0'),(1150,540,15,1.00,2,'0'),(1151,541,15,1.00,2,'0'),(1152,542,15,1.00,2,'0'),(1153,543,15,1.00,2,'0'),(1154,544,15,1.00,2,'0'),(1155,545,15,1.00,2,'0'),(1156,556,15,1.00,2,'0'),(1157,547,15,1.00,2,'0'),(1158,548,15,1.00,2,'0'),(1159,549,15,1.00,2,'0'),(1160,550,15,1.00,2,'0'),(1161,551,15,1.00,2,'0'),(1162,552,15,1.00,2,'0'),(1163,553,15,1.00,2,'0'),(1164,554,15,1.00,2,'0'),(1165,555,15,1.00,2,'0'),(1166,566,35,1.00,2,'0'),(1167,562,15,1.00,2,'0'),(1168,572,15,1.00,2,'0'),(1169,573,18,1.00,2,'0'),(1170,574,18,1.00,2,'0'),(1171,575,18,1.00,2,'0'),(1172,576,39,1.00,2,'0'),(1173,577,39,1.00,2,'0'),(1174,578,35,1.00,2,'0'),(1175,582,15,1.00,2,'0'),(1176,588,35,1.00,2,'0'),(1177,854,15,1.00,1,'0'),(1178,355,15,1.00,2,'0'),(1179,356,15,1.00,2,'0'),(1180,351,15,1.00,2,'0'),(1181,354,15,1.00,2,'0'),(1182,565,15,1.00,2,'0'),(1183,594,35,1.00,2,'0'),(1184,598,15,1.00,2,'0'),(1185,599,15,1.00,2,'0'),(1186,606,29,1.00,2,'0'),(1187,607,15,1.00,2,'0'),(1188,608,15,1.00,2,'0'),(1189,609,15,1.00,2,'0'),(1190,612,15,1.00,2,'0'),(1191,613,15,1.00,2,'0'),(1192,614,15,1.00,2,'0'),(1193,615,15,1.00,2,'0'),(1194,616,15,1.00,2,'0'),(1195,617,15,1.00,2,'0'),(1196,618,15,1.00,2,'0'),(1197,619,15,1.00,2,'0'),(1198,620,15,1.00,2,'0'),(1199,622,15,1.00,2,'0'),(1200,623,15,1.00,2,'0'),(1201,630,15,1.00,2,'0'),(1202,631,15,1.00,2,'0'),(1203,632,15,1.00,2,'0'),(1204,633,15,1.00,2,'0'),(1205,634,15,1.00,2,'0'),(1206,645,15,1.00,2,'0'),(1207,646,15,1.00,2,'0'),(1208,647,15,1.00,2,'0'),(1209,650,15,1.00,2,'0'),(1210,651,15,1.00,2,'0'),(1211,652,15,1.00,2,'0'),(1212,653,15,1.00,2,'0'),(1213,655,15,1.00,2,'0'),(1214,656,15,1.00,2,'0'),(1215,666,15,1.00,2,'0'),(1216,659,15,1.00,2,'0'),(1217,660,15,1.00,2,'0'),(1218,661,15,1.00,2,'0'),(1219,662,28,1.00,2,'0'),(1220,667,15,1.00,2,'0'),(1221,669,15,1.00,2,'0'),(1222,670,15,1.00,2,'0'),(1223,672,15,1.00,2,'0'),(1224,673,15,1.00,2,'0'),(1225,674,15,1.00,2,'0'),(1226,676,15,1.00,2,'0'),(1227,701,15,1.00,2,'0'),(1228,702,15,1.00,2,'0'),(1229,703,15,1.00,2,'0'),(1230,704,15,1.00,2,'0'),(1231,707,15,1.00,2,'0'),(1232,708,15,1.00,2,'0'),(1233,713,32,1.00,2,'0'),(1234,714,28,1.00,3,'0'),(1235,715,15,1.00,2,'0'),(1236,716,15,1.00,2,'0'),(1237,717,15,1.00,2,'0'),(1238,718,15,1.00,2,'0'),(1239,719,15,1.00,2,'0'),(1240,720,15,1.00,2,'0'),(1241,721,15,1.00,2,'0'),(1242,722,15,1.00,2,'0'),(1243,723,15,1.00,2,'0'),(1244,724,15,1.00,2,'0'),(1245,734,15,1.00,1,'0'),(1246,725,15,1.00,2,'0'),(1247,726,15,1.00,2,'0'),(1248,727,15,1.00,2,'0'),(1249,728,28,1.00,2,'0'),(1250,729,15,1.00,2,'0'),(1251,730,15,1.00,2,'0'),(1252,731,15,1.00,2,'0'),(1253,735,15,1.00,1,'0'),(1254,736,15,1.00,1,'0'),(1255,756,35,1.00,1,'0'),(1256,747,12,1.00,1,'0'),(1257,748,12,1.00,1,'0'),(1258,749,12,1.00,1,'0'),(1259,751,35,1.00,1,'0'),(1260,750,12,1.00,1,'0'),(1261,737,15,1.00,1,'0'),(1262,350,15,1.00,2,'0'),(1263,353,15,1.00,2,'0'),(1264,738,15,1.00,1,'0'),(1265,739,15,1.00,1,'0'),(1266,740,12,1.00,1,'0'),(1267,184,15,1.00,2,'0'),(1268,185,15,1.00,2,'0'),(1269,741,12,1.00,1,'0'),(1270,742,12,1.00,1,'0'),(1271,758,12,1.00,1,'0'),(1272,772,36,1.00,1,'0'),(1273,767,15,1.00,1,'0'),(1274,765,15,1.00,1,'0'),(1275,768,15,1.00,1,'0'),(1276,769,15,1.00,1,'0'),(1277,783,33,1.00,1,'0'),(1278,782,27,1.00,1,'0'),(1279,784,33,1.00,1,'0'),(1280,786,33,1.00,1,'0'),(1281,775,26,1.00,1,'0'),(1282,753,15,1.00,1,'0'),(1283,755,15,1.00,1,'0'),(1284,760,35,1.00,1,'0'),(1285,761,15,1.00,1,'0'),(1286,776,15,1.00,1,'0'),(1287,777,15,1.00,1,'0'),(1288,780,15,1.00,1,'0'),(1289,796,33,1.00,1,'0'),(1290,787,27,1.00,1,'0'),(1291,789,36,1.00,1,'0'),(1292,790,15,1.00,1,'0'),(1293,791,33,1.00,1,'0'),(1294,792,25,1.00,1,'0'),(1295,793,12,1.00,1,'0'),(1296,794,12,1.00,1,'0'),(1297,795,33,1.00,1,'0'),(1298,797,33,1.00,1,'0'),(1299,798,36,1.00,1,'0'),(1300,799,27,1.00,1,'0'),(1301,800,33,1.00,1,'0'),(1302,801,19,1.00,1,'0'),(1303,802,19,1.00,1,'0'),(1304,803,19,1.00,1,'0'),(1305,804,19,1.00,1,'0'),(1306,805,19,1.00,1,'0'),(1307,806,19,1.00,1,'0'),(1308,812,36,1.00,1,'0'),(1309,813,16,1.00,1,'0'),(1310,814,19,1.00,1,'0'),(1311,815,15,1.00,1,'0'),(1312,816,15,1.00,1,'0'),(1313,827,15,1.00,1,'0'),(1314,828,15,1.00,1,'0'),(1315,829,15,1.00,1,'0'),(1316,830,15,1.00,1,'0'),(1317,831,15,1.00,1,'0'),(1318,832,15,1.00,1,'0'),(1319,833,15,1.00,1,'0'),(1320,834,15,1.00,1,'0'),(1321,835,15,1.00,1,'0'),(1322,836,15,1.00,1,'0'),(1323,847,15,1.00,1,'0'),(1324,848,15,1.00,1,'0'),(1325,849,15,1.00,1,'0'),(1326,850,15,1.00,1,'0'),(1327,852,15,1.00,1,'0'),(1328,866,15,1.00,1,'0'),(1329,858,29,1.00,1,'0'),(1330,859,15,1.00,1,'0'),(1331,1017,12,1.00,1,'0'),(1332,1018,12,1.00,1,'0'),(1333,1016,12,1.00,1,'0'),(1334,1014,15,1.00,1,'0'),(1335,1013,15,1.00,1,'0'),(1336,1008,15,1.00,1,'0'),(1337,1010,15,1.00,1,'0'),(1338,1011,15,1.00,1,'0'),(1339,1012,15,1.00,1,'0'),(1340,1006,29,1.00,1,'0'),(1341,1005,15,1.00,1,'0'),(1342,1004,15,1.00,1,'0'),(1343,1003,15,1.00,1,'0'),(1344,1002,15,1.00,1,'0'),(1345,1001,15,1.00,1,'0'),(1346,1000,15,1.00,1,'0'),(1347,999,15,1.00,1,'0'),(1348,998,15,1.00,1,'0'),(1349,997,15,1.00,1,'0'),(1350,996,15,1.00,1,'0'),(1351,987,40,1.00,1,'0'),(1352,988,40,1.00,1,'0'),(1353,989,15,1.00,1,'0'),(1354,990,15,1.00,1,'0'),(1355,991,15,1.00,1,'0'),(1356,992,15,1.00,1,'0'),(1357,993,15,1.00,1,'0'),(1358,994,15,1.00,1,'0'),(1359,986,40,1.00,1,'0'),(1360,977,29,1.00,1,'0'),(1361,978,15,1.00,1,'0'),(1362,979,15,1.00,1,'0'),(1363,980,15,1.00,1,'0'),(1364,981,29,1.00,1,'0'),(1365,983,15,1.00,1,'0'),(1366,976,29,1.00,1,'0'),(1367,967,26,1.00,1,'0'),(1368,968,15,1.00,1,'0'),(1369,969,15,1.00,1,'0'),(1370,970,29,1.00,1,'0'),(1371,971,15,1.00,1,'0'),(1372,975,29,1.00,1,'0'),(1373,966,28,1.00,1,'0'),(1374,965,28,1.00,1,'0'),(1375,958,38,1.00,1,'0'),(1376,959,38,1.00,1,'0'),(1377,960,38,1.00,1,'0'),(1378,961,38,1.00,1,'0'),(1379,962,37,1.00,1,'0'),(1380,964,15,1.00,1,'0'),(1381,957,15,1.00,1,'0'),(1382,956,15,1.00,1,'0'),(1383,949,38,1.00,1,'0'),(1384,950,15,1.00,1,'0'),(1385,951,31,1.00,1,'0'),(1386,953,29,1.00,1,'0'),(1387,954,29,1.00,1,'0'),(1388,955,29,1.00,1,'0'),(1389,946,15,1.00,1,'0'),(1390,940,15,1.00,1,'0'),(1391,941,28,1.00,1,'0'),(1392,942,15,1.00,1,'0'),(1393,943,15,1.00,1,'0'),(1394,945,15,1.00,1,'0'),(1395,923,15,1.00,1,'0'),(1396,917,15,1.00,1,'0'),(1397,918,37,1.00,1,'0'),(1398,919,38,1.00,1,'0'),(1399,920,38,1.00,1,'0'),(1400,921,38,1.00,1,'0'),(1401,922,26,1.00,1,'0'),(1402,916,15,1.00,1,'0'),(1403,910,28,1.00,1,'0'),(1404,909,15,1.00,1,'0'),(1405,898,12,1.00,1,'0'),(1406,899,12,1.00,1,'0'),(1407,901,32,1.00,1,'0'),(1408,902,15,1.00,1,'0'),(1409,893,12,1.00,1,'0'),(1410,887,15,1.00,1,'0'),(1411,889,12,1.00,1,'0'),(1412,891,15,1.00,1,'0'),(1413,894,12,1.00,1,'0'),(1414,895,12,1.00,1,'0'),(1415,896,12,1.00,1,'0'),(1416,886,12,1.00,1,'0'),(1417,885,12,1.00,1,'0'),(1418,879,15,1.00,1,'0'),(1419,880,15,1.00,1,'0'),(1420,881,15,1.00,1,'0'),(1421,882,15,1.00,1,'0'),(1422,883,15,1.00,1,'0'),(1423,884,15,1.00,1,'0'),(1424,868,15,1.00,1,'0'),(1425,871,15,1.00,1,'0'),(1426,872,15,1.00,1,'0'),(1427,873,15,1.00,1,'0'),(1428,867,15,1.00,1,'0'),(1429,865,15,1.00,1,'0'),(1430,860,15,1.00,1,'0'),(1431,862,28,1.00,1,'0'),(1432,863,15,1.00,1,'0'),(1433,864,15,1.00,1,'0'),(1434,837,15,1.00,1,'0'),(1435,838,15,1.00,1,'0'),(1436,840,15,1.00,1,'0'),(1437,841,15,1.00,1,'0'),(1438,842,15,1.00,1,'0'),(1439,843,15,1.00,1,'0'),(1440,844,15,1.00,1,'0'),(1441,845,15,1.00,1,'0'),(1442,846,15,1.00,1,'0'),(1443,817,15,1.00,1,'0'),(1444,818,15,1.00,1,'0'),(1445,819,15,1.00,1,'0'),(1446,820,15,1.00,1,'0'),(1447,821,15,1.00,1,'0'),(1448,822,15,1.00,1,'0'),(1449,823,15,1.00,1,'0'),(1450,824,15,1.00,1,'0'),(1451,825,15,1.00,1,'0'),(1452,826,15,1.00,1,'0'),(1453,1025,15,1.00,1,'0'),(1454,84,15,1.00,3,'0');
/*!40000 ALTER TABLE `tbm_satuan_barang` ENABLE KEYS */;
UNLOCK TABLES;

--
-- Table structure for table `tbm_setting_komidel`
--

DROP TABLE IF EXISTS `tbm_setting_komidel`;
/*!40101 SET @saved_cs_client     = @@character_set_client */;
/*!40101 SET character_set_client = utf8 */;
CREATE TABLE `tbm_setting_komidel` (
  `id` int(11) NOT NULL AUTO_INCREMENT,
  `operator` varchar(30) DEFAULT NULL,
  `komidel` float(11,2) DEFAULT NULL,
  `nama` varchar(60) DEFAULT NULL,
  `singkatan` varchar(10) DEFAULT NULL,
  `harga` float(11,2) DEFAULT NULL,
  `deleted` char(1) DEFAULT '0',
  PRIMARY KEY (`id`)
) ENGINE=InnoDB AUTO_INCREMENT=5 DEFAULT CHARSET=utf8;
/*!40101 SET character_set_client = @saved_cs_client */;

--
-- Dumping data for table `tbm_setting_komidel`
--

LOCK TABLES `tbm_setting_komidel` WRITE;
/*!40000 ALTER TABLE `tbm_setting_komidel` DISABLE KEYS */;
INSERT INTO `tbm_setting_komidel` VALUES (1,'<=',5.40,'BUAH KECIL','BK',2000.00,'0'),(2,'<=',12.40,'BUAH SEDANG','BS',2500.00,'0'),(3,'<=',17.40,'BUAH BESAR','BB',3000.00,'0'),(4,'>=',17.50,'BUAH SUPER','BSU',4000.00,'0');
/*!40000 ALTER TABLE `tbm_setting_komidel` ENABLE KEYS */;
UNLOCK TABLES;

--
-- Table structure for table `tbm_shift_setting`
--

DROP TABLE IF EXISTS `tbm_shift_setting`;
/*!40101 SET @saved_cs_client     = @@character_set_client */;
/*!40101 SET character_set_client = utf8 */;
CREATE TABLE `tbm_shift_setting` (
  `id` int(11) NOT NULL AUTO_INCREMENT,
  `shif` varchar(58) DEFAULT NULL COMMENT '28 cuti istimewa 29 cuti keagamaan 30 melahirkan, 31 menikah,32 tahunan , 33, dinas, 34 izin, 35 lebur, 36 izin, 37 sakit',
  `datang` time DEFAULT NULL,
  `pulang` time DEFAULT NULL,
  `lama` int(4) DEFAULT NULL,
  `waktumakan` time DEFAULT NULL,
  `waktumakanselesai` time DEFAULT NULL,
  `ket` varchar(50) DEFAULT NULL,
  `deleted` char(1) DEFAULT '0',
  PRIMARY KEY (`id`)
) ENGINE=InnoDB AUTO_INCREMENT=38 DEFAULT CHARSET=latin1;
/*!40101 SET character_set_client = @saved_cs_client */;

--
-- Dumping data for table `tbm_shift_setting`
--

LOCK TABLES `tbm_shift_setting` WRITE;
/*!40000 ALTER TABLE `tbm_shift_setting` DISABLE KEYS */;
INSERT INTO `tbm_shift_setting` VALUES (1,'1','06:00:00','14:00:00',8,'10:00:00',NULL,NULL,'0'),(2,'2','06:00:00','18:00:00',12,'12:00:00',NULL,NULL,'0'),(3,'3','07:00:00','15:00:00',8,'11:00:00',NULL,NULL,'0'),(4,'4','07:00:00','16:00:00',9,'11:30:00',NULL,NULL,'0'),(5,'5','07:00:00','17:00:00',10,'12:00:00',NULL,NULL,'0'),(6,'6','07:00:00','19:00:00',12,'13:00:00',NULL,NULL,'0'),(7,'7','08:00:00','14:00:00',6,'11:00:00',NULL,NULL,'0'),(8,'8','08:00:00','16:00:00',8,'12:00:00',NULL,NULL,'0'),(9,'9','08:00:00','17:00:00',9,'12:30:00',NULL,NULL,'0'),(10,'10','09:00:00','17:00:00',8,'13:00:00',NULL,NULL,'0'),(11,'11','09:00:00','18:00:00',9,'13:30:00',NULL,NULL,'0'),(12,'12','10:00:00','18:00:00',8,'14:00:00',NULL,NULL,'0'),(13,'13','11:00:00','19:00:00',8,'15:00:00',NULL,NULL,'0'),(14,'14','12:00:00','20:00:00',8,'16:00:00',NULL,NULL,'0'),(15,'15','14:00:00','22:00:00',8,'18:00:00',NULL,NULL,'0'),(16,'16','15:00:00','22:00:00',7,'18:30:00',NULL,NULL,'0'),(17,'17','15:00:00','23:00:00',8,'19:00:00',NULL,NULL,'0'),(18,'18','18:00:00','06:00:00',12,'12:00:00',NULL,NULL,'0'),(19,'19','19:00:00','07:00:00',12,'13:00:00',NULL,NULL,'0'),(20,'20','19:00:00','23:00:00',4,'21:00:00',NULL,NULL,'0'),(21,'21','21:00:00','05:00:00',8,'13:00:00',NULL,NULL,'0'),(22,'22','22:00:00','06:00:00',8,'14:00:00',NULL,NULL,'0'),(23,'23','22:00:00','07:00:00',9,'14:30:00',NULL,NULL,'0'),(24,'24','23:00:00','07:00:00',8,'15:00:00',NULL,NULL,'0'),(25,'25','00:00:00','00:00:00',0,'00:00:00',NULL,'Cuti Istimewa','0'),(26,'26','00:00:00','00:00:00',0,'00:00:00',NULL,'Cuti Keagamaan','0'),(27,'27','00:00:00','00:00:00',0,'00:00:00',NULL,'Cuti Melahirkan','0'),(28,'28','00:00:00','00:00:00',0,'00:00:00',NULL,'Cuti Menikah','0'),(29,'29','00:00:00','00:00:00',0,'00:00:00',NULL,'Cuti Tahunan','0'),(30,'30','00:00:00','00:00:00',0,'00:00:00',NULL,'Dinas','0'),(31,'31','00:00:00','00:00:00',0,'00:00:00',NULL,'Izin','0'),(32,'32','00:00:00','00:00:00',0,'00:00:00',NULL,'Lembur ','1'),(33,'33','00:00:00','00:00:00',0,'00:00:00',NULL,'Libur','1'),(34,'34','00:00:00','00:00:00',0,'00:00:00',NULL,'Sakit','1'),(35,'1344','09:30:00','17:30:00',7,'14:30:00','15:30:00',NULL,'0'),(36,'1','08:00:00','17:00:00',8,'12:00:00','13:00:00',NULL,'0'),(37,'2020','08:00:00','17:00:00',8,'12:00:00','13:00:00',NULL,'0');
/*!40000 ALTER TABLE `tbm_shift_setting` ENABLE KEYS */;
UNLOCK TABLES;

--
-- Table structure for table `tbm_status_karyawan`
--

DROP TABLE IF EXISTS `tbm_status_karyawan`;
/*!40101 SET @saved_cs_client     = @@character_set_client */;
/*!40101 SET character_set_client = utf8 */;
CREATE TABLE `tbm_status_karyawan` (
  `id` int(11) NOT NULL AUTO_INCREMENT,
  `nama` varchar(50) DEFAULT NULL,
  `deleted` char(1) DEFAULT '0',
  PRIMARY KEY (`id`)
) ENGINE=InnoDB AUTO_INCREMENT=4 DEFAULT CHARSET=latin1;
/*!40101 SET character_set_client = @saved_cs_client */;

--
-- Dumping data for table `tbm_status_karyawan`
--

LOCK TABLES `tbm_status_karyawan` WRITE;
/*!40000 ALTER TABLE `tbm_status_karyawan` DISABLE KEYS */;
INSERT INTO `tbm_status_karyawan` VALUES (1,'BHL','0'),(2,'Training','0'),(3,'Tetap','0');
/*!40000 ALTER TABLE `tbm_status_karyawan` ENABLE KEYS */;
UNLOCK TABLES;

--
-- Table structure for table `tbm_sub_department`
--

DROP TABLE IF EXISTS `tbm_sub_department`;
/*!40101 SET @saved_cs_client     = @@character_set_client */;
/*!40101 SET character_set_client = utf8 */;
CREATE TABLE `tbm_sub_department` (
  `id` int(11) NOT NULL AUTO_INCREMENT,
  `id_department` int(11) DEFAULT NULL,
  `nama` varchar(200) DEFAULT NULL,
  `kode` varchar(60) DEFAULT NULL,
  `deleted` char(1) DEFAULT '0',
  PRIMARY KEY (`id`)
) ENGINE=InnoDB AUTO_INCREMENT=10 DEFAULT CHARSET=latin1;
/*!40101 SET character_set_client = @saved_cs_client */;

--
-- Dumping data for table `tbm_sub_department`
--

LOCK TABLES `tbm_sub_department` WRITE;
/*!40000 ALTER TABLE `tbm_sub_department` DISABLE KEYS */;
INSERT INTO `tbm_sub_department` VALUES (1,0,'Admin HRD','1','0'),(2,0,'Management','02','0'),(3,0,'Front Office','03','0'),(4,0,'Housekeeping','04','0'),(5,0,'Food & Beverage','05','0'),(6,0,'Purchasing','06','0'),(7,0,'Management','07','0'),(8,0,'AR & AP','08','0'),(9,0,'Management','09','0');
/*!40000 ALTER TABLE `tbm_sub_department` ENABLE KEYS */;
UNLOCK TABLES;

--
-- Table structure for table `tbm_user_group`
--

DROP TABLE IF EXISTS `tbm_user_group`;
/*!40101 SET @saved_cs_client     = @@character_set_client */;
/*!40101 SET character_set_client = utf8 */;
CREATE TABLE `tbm_user_group` (
  `id` int(11) NOT NULL AUTO_INCREMENT,
  `nama` varchar(100) DEFAULT NULL,
  `deleted` char(1) DEFAULT '0',
  PRIMARY KEY (`id`)
) ENGINE=InnoDB AUTO_INCREMENT=81 DEFAULT CHARSET=utf8;
/*!40101 SET character_set_client = @saved_cs_client */;

--
-- Dumping data for table `tbm_user_group`
--

LOCK TABLES `tbm_user_group` WRITE;
/*!40000 ALTER TABLE `tbm_user_group` DISABLE KEYS */;
INSERT INTO `tbm_user_group` VALUES (1,'Super Administrator','0'),(2,'Administrator','0'),(3,'Operator Timbangan','0'),(72,'Operator Transaksi','1'),(73,'Operator Transaksi','0'),(74,'Kasir','0'),(75,'Inventory','0'),(76,'Purchasing','0'),(77,'HRD','0'),(78,'TRADING TBS','0'),(79,'FINANCE','0'),(80,'Produksi','0');
/*!40000 ALTER TABLE `tbm_user_group` ENABLE KEYS */;
UNLOCK TABLES;

--
-- Table structure for table `tbm_user_menu_group`
--

DROP TABLE IF EXISTS `tbm_user_menu_group`;
/*!40101 SET @saved_cs_client     = @@character_set_client */;
/*!40101 SET character_set_client = utf8 */;
CREATE TABLE `tbm_user_menu_group` (
  `id` int(11) NOT NULL AUTO_INCREMENT,
  `user_group_id` int(11) DEFAULT NULL,
  `menu_id` int(11) DEFAULT NULL,
  `st` char(1) DEFAULT '0',
  `deleted` char(1) DEFAULT '0',
  PRIMARY KEY (`id`)
) ENGINE=InnoDB AUTO_INCREMENT=516 DEFAULT CHARSET=utf8;
/*!40101 SET character_set_client = @saved_cs_client */;

--
-- Dumping data for table `tbm_user_menu_group`
--

LOCK TABLES `tbm_user_menu_group` WRITE;
/*!40000 ALTER TABLE `tbm_user_menu_group` DISABLE KEYS */;
INSERT INTO `tbm_user_menu_group` VALUES (1,2,2,'1','0'),(2,2,3,'1','0'),(3,2,5,'1','0'),(4,2,6,'1','0'),(6,2,9,'1','0'),(7,2,11,'1','0'),(8,2,12,'1','0'),(9,3,2,'0','0'),(10,3,3,'0','0'),(11,3,5,'1','0'),(12,3,6,'0','0'),(14,3,9,'0','0'),(15,3,11,'0','0'),(16,3,12,'0','0'),(17,1,2,'1','0'),(18,1,3,'1','0'),(19,1,5,'1','0'),(20,1,6,'1','0'),(22,1,9,'1','0'),(23,1,11,'1','0'),(24,1,12,'1','0'),(25,73,2,'0','0'),(26,73,3,'0','0'),(27,73,5,'0','0'),(28,73,6,'0','0'),(30,73,9,'1','0'),(31,73,11,'0','0'),(32,73,12,'0','0'),(33,1,14,'1','0'),(34,1,15,'1','0'),(35,1,16,'1','0'),(36,73,14,'0','0'),(37,73,15,'0','0'),(38,73,16,'1','0'),(39,73,16,'0','0'),(40,73,14,'0','0'),(41,73,15,'0','0'),(42,73,16,'1','0'),(43,1,18,'1','0'),(44,1,19,'1','0'),(45,1,22,'0','0'),(46,1,22,'1','0'),(47,1,23,'1','0'),(48,1,20,'1','0'),(49,1,21,'1','0'),(50,74,2,'0','0'),(51,74,3,'0','0'),(52,74,5,'0','0'),(53,74,6,'0','0'),(55,74,9,'0','0'),(56,74,11,'1','0'),(57,74,12,'1','0'),(58,74,14,'0','0'),(59,74,15,'0','0'),(60,74,16,'0','0'),(61,74,18,'0','0'),(62,74,19,'1','0'),(63,74,20,'0','0'),(64,74,21,'0','0'),(65,74,22,'1','0'),(66,74,23,'0','0'),(67,2,23,'1','0'),(68,2,16,'1','0'),(69,2,22,'1','0'),(70,2,18,'1','0'),(71,1,24,'1','0'),(72,1,25,'1','0'),(75,2,21,'1','0'),(76,1,26,'1','0'),(77,1,27,'1','0'),(78,1,28,'1','0'),(79,1,29,'1','0'),(80,1,30,'1','0'),(81,1,34,'1','0'),(82,1,35,'1','0'),(83,1,32,'1','0'),(84,1,33,'1','0'),(85,1,36,'1','0'),(86,1,37,'1','0'),(87,1,38,'1','0'),(88,1,40,'1','0'),(89,1,39,'1','0'),(90,1,41,'1','0'),(91,1,50,'1','0'),(92,1,51,'1','0'),(93,1,52,'1','0'),(94,1,53,'1','0'),(95,1,54,'1','0'),(96,1,43,'1','0'),(97,1,44,'1','0'),(98,1,45,'1','0'),(99,1,48,'1','0'),(100,1,47,'1','0'),(101,1,46,'1','0'),(102,1,55,'1','0'),(103,1,56,'1','0'),(104,1,57,'1','0'),(105,1,60,'1','0'),(106,1,64,'1','0'),(107,1,63,'1','0'),(108,1,62,'1','0'),(109,1,61,'1','0'),(110,1,65,'1','0'),(111,1,59,'1','0'),(112,1,58,'1','0'),(113,1,66,'1','0'),(114,1,67,'1','0'),(115,1,68,'1','0'),(116,2,33,'1','0'),(117,2,57,'1','0'),(118,2,60,'1','0'),(119,2,32,'1','0'),(120,2,56,'1','0'),(121,2,45,'1','0'),(122,2,46,'1','0'),(123,2,47,'1','0'),(124,2,48,'1','0'),(125,2,43,'1','0'),(126,2,44,'1','0'),(127,2,61,'1','0'),(128,2,62,'1','0'),(129,2,28,'1','0'),(130,2,63,'1','0'),(131,2,29,'1','0'),(132,2,64,'1','0'),(133,2,27,'1','0'),(134,2,58,'1','0'),(135,2,58,'1','0'),(136,1,69,'1','0'),(137,1,70,'1','0'),(138,1,71,'1','0'),(139,1,42,'1','0'),(140,1,72,'1','0'),(141,1,74,'1','0'),(142,1,73,'1','0'),(143,1,75,'1','0'),(144,1,76,'1','0'),(145,1,77,'1','0'),(146,1,78,'1','0'),(147,1,79,'1','0'),(148,1,80,'1','0'),(149,1,81,'1','0'),(151,1,82,'1','0'),(152,75,16,'1','0'),(153,75,18,'1','0'),(154,75,76,'1','0'),(155,75,37,'1','0'),(156,75,69,'1','0'),(157,75,68,'1','0'),(158,75,68,'0','0'),(159,75,77,'1','0'),(160,75,29,'1','0'),(161,75,5,'1','0'),(162,75,2,'1','0'),(163,75,30,'1','0'),(164,75,9,'0','0'),(165,78,40,'0','0'),(166,78,12,'1','0'),(167,78,36,'1','0'),(168,76,59,'1','0'),(169,76,58,'1','0'),(170,76,29,'1','0'),(171,76,5,'0','0'),(172,76,9,'1','0'),(173,74,70,'0','0'),(174,74,35,'1','0'),(175,74,75,'1','0'),(176,74,65,'1','0'),(177,74,66,'1','0'),(178,74,41,'1','0'),(179,74,55,'1','0'),(180,77,42,'0','0'),(181,77,72,'1','0'),(182,77,42,'1','0'),(183,77,73,'1','0'),(184,77,79,'1','0'),(185,77,53,'1','0'),(186,77,78,'1','0'),(187,77,52,'1','0'),(188,77,80,'1','0'),(189,77,54,'1','0'),(190,77,47,'1','0'),(191,77,46,'1','0'),(192,77,44,'1','0'),(193,77,45,'1','0'),(194,77,43,'1','0'),(195,77,48,'1','0'),(196,79,38,'0','0'),(197,79,67,'1','0'),(198,79,55,'1','0'),(199,79,81,'1','0'),(200,79,82,'1','0'),(201,79,70,'1','0'),(202,79,71,'1','0'),(203,79,75,'1','0'),(204,79,58,'1','0'),(205,79,59,'1','0'),(206,79,12,'1','0'),(207,79,57,'1','0'),(208,79,56,'1','0'),(209,79,60,'1','0'),(210,79,61,'1','0'),(211,79,62,'1','0'),(212,79,62,'1','0'),(213,78,28,'1','0'),(214,78,6,'1','0'),(215,78,33,'0','0'),(216,78,33,'1','0'),(217,3,36,'1','0'),(218,3,28,'1','0'),(219,3,71,'1','0'),(220,78,38,'1','0'),(221,80,2,'0','0'),(222,80,3,'0','0'),(223,80,5,'0','0'),(224,80,6,'0','0'),(225,80,9,'0','0'),(226,80,12,'0','0'),(227,80,14,'0','0'),(228,80,15,'0','0'),(229,80,16,'0','0'),(230,80,18,'0','0'),(231,80,25,'0','0'),(232,80,27,'0','0'),(233,80,28,'0','0'),(234,80,29,'0','0'),(235,80,30,'0','0'),(236,80,32,'0','0'),(237,80,33,'0','0'),(238,80,34,'0','0'),(239,80,35,'0','0'),(240,80,36,'0','0'),(241,80,37,'0','0'),(242,80,38,'0','0'),(243,80,39,'1','0'),(244,80,40,'1','0'),(245,80,41,'0','0'),(246,80,42,'0','0'),(247,80,43,'0','0'),(248,80,44,'0','0'),(249,80,45,'0','0'),(250,80,46,'0','0'),(251,80,48,'0','0'),(252,80,50,'0','0'),(253,80,51,'0','0'),(254,80,52,'0','0'),(255,80,53,'0','0'),(256,80,54,'0','0'),(257,80,55,'0','0'),(258,80,56,'0','0'),(259,80,57,'0','0'),(260,80,58,'0','0'),(261,80,59,'0','0'),(262,80,60,'0','0'),(263,80,61,'0','0'),(264,80,62,'0','0'),(265,80,63,'0','0'),(266,80,64,'0','0'),(267,80,65,'0','0'),(268,80,66,'0','0'),(269,80,67,'0','0'),(270,80,68,'0','0'),(271,80,69,'0','0'),(272,80,70,'0','0'),(273,80,71,'0','0'),(274,80,72,'0','0'),(275,80,73,'0','0'),(276,80,74,'0','0'),(277,80,75,'0','0'),(278,80,76,'0','0'),(279,80,77,'0','0'),(280,80,78,'0','0'),(281,80,79,'0','0'),(282,80,80,'0','0'),(283,80,81,'0','0'),(284,80,82,'0','0'),(285,80,83,'0','0'),(286,78,69,'0','0'),(287,79,76,'1','0'),(288,79,16,'1','0'),(289,79,48,'1','0'),(290,75,27,'1','0'),(291,75,3,'1','0'),(292,76,71,'1','0'),(293,76,18,'1','0'),(294,76,37,'0','0'),(295,76,16,'1','0'),(296,76,76,'1','0'),(297,76,27,'1','0'),(298,76,27,'0','0'),(299,74,60,'0','0'),(300,1,86,'1','0'),(301,1,84,'1','0'),(302,1,85,'1','0'),(303,1,87,'1','0'),(304,1,88,'1','0'),(305,1,89,'1','0'),(306,1,90,'1','0'),(307,1,91,'1','0'),(308,1,92,'1','0'),(309,1,93,'1','0'),(310,1,83,'1','0'),(311,1,94,'1','0'),(312,3,94,'1','0'),(313,2,74,'1','0'),(314,2,14,'1','0'),(315,2,25,'1','0'),(316,2,98,'0','0'),(317,2,15,'1','0'),(318,2,98,'1','0'),(319,2,100,'1','0'),(320,2,71,'1','0'),(321,2,34,'0','0'),(322,2,70,'1','0'),(323,2,97,'1','0'),(324,2,34,'1','0'),(325,2,35,'1','0'),(326,2,36,'1','0'),(327,2,65,'1','0'),(328,2,39,'1','0'),(329,2,38,'1','0'),(330,2,66,'1','0'),(331,2,40,'1','0'),(332,2,55,'1','0'),(333,2,41,'1','0'),(334,2,94,'1','0'),(335,2,96,'1','0'),(336,2,73,'1','0'),(337,2,86,'1','0'),(338,2,42,'1','0'),(339,2,72,'1','0'),(340,2,7,'1','0'),(341,2,101,'1','0'),(342,2,53,'0','0'),(343,2,69,'1','0'),(344,2,52,'1','0'),(345,2,53,'1','0'),(346,2,54,'1','0'),(347,2,78,'1','0'),(348,2,79,'1','0'),(349,2,80,'1','0'),(350,2,95,'1','0'),(351,2,84,'0','0'),(352,2,75,'1','0'),(353,2,91,'1','0'),(354,2,92,'1','0'),(355,2,84,'1','0'),(356,2,67,'1','0'),(357,2,93,'1','0'),(358,2,81,'1','0'),(359,2,82,'1','0'),(360,2,59,'1','0'),(361,2,76,'1','0'),(362,2,85,'1','0'),(363,2,87,'1','0'),(364,2,88,'1','0'),(365,2,90,'1','0'),(366,2,89,'1','0'),(367,2,83,'1','0'),(368,2,50,'1','0'),(369,2,51,'1','0'),(370,2,103,'1','0'),(371,2,104,'1','0'),(372,2,30,'1','0'),(373,2,68,'1','0'),(374,2,77,'1','0'),(375,2,37,'1','0'),(376,1,98,'0','0'),(377,1,98,'1','0'),(378,1,100,'0','0'),(379,1,96,'0','0'),(380,1,100,'1','0'),(381,1,96,'0','0'),(382,1,97,'0','0'),(383,1,96,'0','0'),(384,1,97,'1','0'),(385,1,96,'1','0'),(386,1,95,'1','0'),(387,1,103,'0','0'),(388,1,104,'1','0'),(389,1,103,'1','0'),(390,1,101,'0','0'),(391,1,7,'1','0'),(392,1,101,'1','0'),(393,75,7,'1','0'),(394,75,101,'1','0'),(395,75,85,'1','0'),(396,75,58,'1','0'),(397,75,59,'1','0'),(398,76,101,'1','0'),(399,76,7,'1','0'),(400,76,30,'1','0'),(401,78,84,'1','0'),(402,78,5,'1','0'),(403,78,103,'1','0'),(404,78,104,'1','0'),(405,79,98,'0','0'),(406,79,98,'1','0'),(407,79,100,'1','0'),(408,79,36,'1','0'),(409,79,35,'1','0'),(410,79,34,'1','0'),(411,79,97,'1','0'),(412,79,65,'1','0'),(413,79,39,'1','0'),(414,79,66,'1','0'),(415,79,41,'1','0'),(416,79,95,'1','0'),(417,79,84,'1','0'),(418,79,91,'1','0'),(419,79,92,'1','0'),(420,79,93,'1','0'),(421,79,85,'1','0'),(422,79,87,'1','0'),(423,79,88,'1','0'),(424,79,89,'1','0'),(425,79,90,'1','0'),(426,79,63,'1','0'),(427,79,64,'1','0'),(428,74,92,'1','0'),(429,74,91,'1','0'),(430,74,93,'1','0'),(431,74,81,'1','0'),(432,74,58,'1','0'),(433,74,67,'1','0'),(434,78,94,'1','0'),(435,3,103,'1','0'),(436,80,103,'1','0'),(437,1,105,'1','0'),(438,76,6,'1','0'),(439,76,28,'1','0'),(440,3,7,'0','0'),(441,3,14,'0','0'),(442,3,15,'0','0'),(443,3,16,'0','0'),(444,3,18,'0','0'),(445,3,25,'0','0'),(446,3,27,'0','0'),(447,3,29,'0','0'),(448,3,30,'0','0'),(449,3,32,'0','0'),(450,3,33,'0','0'),(451,3,34,'0','0'),(452,3,35,'0','0'),(453,3,37,'0','0'),(454,3,38,'0','0'),(455,3,39,'0','0'),(456,3,40,'0','0'),(457,3,41,'0','0'),(458,3,42,'0','0'),(459,3,43,'0','0'),(460,3,44,'0','0'),(461,3,45,'0','0'),(462,3,46,'0','0'),(463,3,48,'0','0'),(464,3,50,'0','0'),(465,3,51,'0','0'),(466,3,52,'0','0'),(467,3,53,'0','0'),(468,3,54,'0','0'),(469,3,55,'0','0'),(470,3,56,'0','0'),(471,3,57,'0','0'),(472,3,58,'0','0'),(473,3,59,'0','0'),(474,3,60,'0','0'),(475,3,61,'0','0'),(476,3,62,'0','0'),(477,3,63,'0','0'),(478,3,64,'0','0'),(479,3,65,'0','0'),(480,3,66,'0','0'),(481,3,67,'0','0'),(482,3,68,'0','0'),(483,3,69,'0','0'),(484,3,70,'0','0'),(485,3,72,'0','0'),(486,3,73,'0','0'),(487,3,74,'0','0'),(488,3,75,'0','0'),(489,3,76,'0','0'),(490,3,77,'0','0'),(491,3,78,'0','0'),(492,3,79,'0','0'),(493,3,80,'0','0'),(494,3,81,'0','0'),(495,3,82,'0','0'),(496,3,83,'0','0'),(497,3,84,'0','0'),(498,3,85,'0','0'),(499,3,86,'0','0'),(500,3,87,'0','0'),(501,3,88,'0','0'),(502,3,89,'0','0'),(503,3,90,'0','0'),(504,3,91,'0','0'),(505,3,92,'0','0'),(506,3,93,'0','0'),(507,3,95,'0','0'),(508,3,96,'0','0'),(509,3,97,'0','0'),(510,3,98,'0','0'),(511,3,100,'0','0'),(512,3,101,'0','0'),(513,3,104,'0','0'),(514,3,105,'0','0'),(515,1,106,'1','0');
/*!40000 ALTER TABLE `tbm_user_menu_group` ENABLE KEYS */;
UNLOCK TABLES;

--
-- Table structure for table `tbt_cetakan`
--

DROP TABLE IF EXISTS `tbt_cetakan`;
/*!40101 SET @saved_cs_client     = @@character_set_client */;
/*!40101 SET character_set_client = utf8 */;
CREATE TABLE `tbt_cetakan` (
  `id` int(11) NOT NULL AUTO_INCREMENT,
  `jns_transaksi` char(1) DEFAULT '0',
  `id_pelanggan` int(11) DEFAULT NULL,
  `nama_pelanggan` varchar(255) DEFAULT NULL,
  `tgl_transaksi` date DEFAULT NULL,
  `wkt_transaksi` time DEFAULT NULL,
  `subtotal` float(11,2) DEFAULT NULL,
  `diskon` float(11,2) DEFAULT NULL,
  `total` float(11,2) DEFAULT NULL,
  `st_lunas` char(1) DEFAULT '0',
  `deleted` char(1) DEFAULT '0',
  PRIMARY KEY (`id`)
) ENGINE=InnoDB DEFAULT CHARSET=utf8;
/*!40101 SET character_set_client = @saved_cs_client */;

--
-- Dumping data for table `tbt_cetakan`
--

LOCK TABLES `tbt_cetakan` WRITE;
/*!40000 ALTER TABLE `tbt_cetakan` DISABLE KEYS */;
/*!40000 ALTER TABLE `tbt_cetakan` ENABLE KEYS */;
UNLOCK TABLES;

--
-- Table structure for table `tbt_cetakan_bayar`
--

DROP TABLE IF EXISTS `tbt_cetakan_bayar`;
/*!40101 SET @saved_cs_client     = @@character_set_client */;
/*!40101 SET character_set_client = utf8 */;
CREATE TABLE `tbt_cetakan_bayar` (
  `id` int(11) NOT NULL AUTO_INCREMENT,
  `id_transaksi` int(11) DEFAULT '0',
  `tgl_bayar` date DEFAULT NULL,
  `wkt_bayar` time DEFAULT NULL,
  `jml_bayar` float(11,2) DEFAULT NULL,
  `kembalian` float(11,2) DEFAULT NULL,
  `sisa_bayar` float(11,2) DEFAULT NULL,
  `st_dp` char(1) DEFAULT '0',
  `st_posting` char(1) DEFAULT '0',
  `deleted` char(1) DEFAULT '0',
  PRIMARY KEY (`id`)
) ENGINE=InnoDB DEFAULT CHARSET=utf8;
/*!40101 SET character_set_client = @saved_cs_client */;

--
-- Dumping data for table `tbt_cetakan_bayar`
--

LOCK TABLES `tbt_cetakan_bayar` WRITE;
/*!40000 ALTER TABLE `tbt_cetakan_bayar` DISABLE KEYS */;
/*!40000 ALTER TABLE `tbt_cetakan_bayar` ENABLE KEYS */;
UNLOCK TABLES;

--
-- Table structure for table `tbt_cetakan_detail`
--

DROP TABLE IF EXISTS `tbt_cetakan_detail`;
/*!40101 SET @saved_cs_client     = @@character_set_client */;
/*!40101 SET character_set_client = utf8 */;
CREATE TABLE `tbt_cetakan_detail` (
  `id` int(11) NOT NULL AUTO_INCREMENT,
  `id_transaksi` int(11) DEFAULT '0',
  `id_cetakan` int(11) DEFAULT NULL,
  `nm_cetakan` varchar(60) DEFAULT NULL,
  `hrg_cetakan` float(11,2) DEFAULT '0.00',
  `jumlah_pesanan` int(11) DEFAULT NULL,
  `est_hari` int(11) DEFAULT NULL,
  `tt_hari` int(11) DEFAULT NULL,
  `lembur` float(11,2) DEFAULT NULL,
  `subtotal` float(11,2) DEFAULT NULL,
  `deleted` char(1) DEFAULT '0',
  PRIMARY KEY (`id`)
) ENGINE=InnoDB DEFAULT CHARSET=utf8;
/*!40101 SET character_set_client = @saved_cs_client */;

--
-- Dumping data for table `tbt_cetakan_detail`
--

LOCK TABLES `tbt_cetakan_detail` WRITE;
/*!40000 ALTER TABLE `tbt_cetakan_detail` DISABLE KEYS */;
/*!40000 ALTER TABLE `tbt_cetakan_detail` ENABLE KEYS */;
UNLOCK TABLES;

--
-- Table structure for table `tbt_cetakan_detail_bahan`
--

DROP TABLE IF EXISTS `tbt_cetakan_detail_bahan`;
/*!40101 SET @saved_cs_client     = @@character_set_client */;
/*!40101 SET character_set_client = utf8 */;
CREATE TABLE `tbt_cetakan_detail_bahan` (
  `id` int(11) NOT NULL AUTO_INCREMENT,
  `id_cetakan_detail` int(11) DEFAULT '0',
  `id_barang` int(11) DEFAULT NULL,
  `ukuran` varchar(100) DEFAULT NULL,
  `jml` float(11,2) DEFAULT NULL,
  `harga` float(11,2) DEFAULT NULL,
  `deleted` char(1) DEFAULT '0',
  PRIMARY KEY (`id`)
) ENGINE=InnoDB DEFAULT CHARSET=utf8;
/*!40101 SET character_set_client = @saved_cs_client */;

--
-- Dumping data for table `tbt_cetakan_detail_bahan`
--

LOCK TABLES `tbt_cetakan_detail_bahan` WRITE;
/*!40000 ALTER TABLE `tbt_cetakan_detail_bahan` DISABLE KEYS */;
/*!40000 ALTER TABLE `tbt_cetakan_detail_bahan` ENABLE KEYS */;
UNLOCK TABLES;

--
-- Table structure for table `tbt_cetakan_detail_param`
--

DROP TABLE IF EXISTS `tbt_cetakan_detail_param`;
/*!40101 SET @saved_cs_client     = @@character_set_client */;
/*!40101 SET character_set_client = utf8 */;
CREATE TABLE `tbt_cetakan_detail_param` (
  `id` int(11) NOT NULL AUTO_INCREMENT,
  `id_cetakan_detail` int(11) DEFAULT '0',
  `parameter` varchar(100) DEFAULT NULL,
  `harga` float(11,2) DEFAULT NULL,
  `deleted` char(1) DEFAULT '0',
  PRIMARY KEY (`id`)
) ENGINE=InnoDB DEFAULT CHARSET=utf8;
/*!40101 SET character_set_client = @saved_cs_client */;

--
-- Dumping data for table `tbt_cetakan_detail_param`
--

LOCK TABLES `tbt_cetakan_detail_param` WRITE;
/*!40000 ALTER TABLE `tbt_cetakan_detail_param` DISABLE KEYS */;
/*!40000 ALTER TABLE `tbt_cetakan_detail_param` ENABLE KEYS */;
UNLOCK TABLES;

--
-- Table structure for table `tbt_commodity_transaction`
--

DROP TABLE IF EXISTS `tbt_commodity_transaction`;
/*!40101 SET @saved_cs_client     = @@character_set_client */;
/*!40101 SET character_set_client = utf8 */;
CREATE TABLE `tbt_commodity_transaction` (
  `id` int(11) NOT NULL AUTO_INCREMENT,
  `transaction_no` varchar(60) DEFAULT NULL,
  `tgl_do` date DEFAULT NULL,
  `no_do` varchar(60) DEFAULT NULL,
  `no_surat_kuasa` varchar(60) DEFAULT NULL,
  `tgl_transaksi` date DEFAULT NULL,
  `wkt_transaksi` time DEFAULT NULL,
  `tgl_masuk` date DEFAULT NULL,
  `wkt_masuk` time DEFAULT NULL,
  `tgl_keluar` date DEFAULT NULL,
  `wkt_keluar` time DEFAULT NULL,
  `no_kendaraan` varchar(60) DEFAULT NULL,
  `transporter` varchar(60) DEFAULT NULL,
  `jns_kontrak` char(1) DEFAULT '0',
  `id_kontrak` int(11) DEFAULT NULL,
  `pembeli` varchar(60) DEFAULT NULL,
  `alamat_pembeli` varchar(255) DEFAULT NULL,
  `npwp` varchar(30) DEFAULT NULL,
  `commodity_type` char(1) DEFAULT NULL,
  `bruto` decimal(36,2) DEFAULT NULL,
  `tarra` decimal(36,2) DEFAULT NULL,
  `netto_1` decimal(36,2) DEFAULT NULL,
  `potongan` float(11,2) DEFAULT NULL,
  `netto_2` decimal(36,2) DEFAULT NULL,
  `id_satuan` int(11) DEFAULT NULL,
  `harga` decimal(36,2) DEFAULT NULL,
  `total` decimal(36,2) DEFAULT NULL,
  `ffa` float(11,2) DEFAULT NULL,
  `moist` float(11,2) DEFAULT NULL,
  `dirt` float(11,2) DEFAULT NULL,
  `no_segel` varchar(60) DEFAULT NULL,
  `status` char(1) DEFAULT '0',
  `deleted` char(1) DEFAULT '0',
  PRIMARY KEY (`id`),
  UNIQUE KEY `id` (`id`)
) ENGINE=InnoDB DEFAULT CHARSET=latin1 PACK_KEYS=0;
/*!40101 SET character_set_client = @saved_cs_client */;

--
-- Dumping data for table `tbt_commodity_transaction`
--

LOCK TABLES `tbt_commodity_transaction` WRITE;
/*!40000 ALTER TABLE `tbt_commodity_transaction` DISABLE KEYS */;
/*!40000 ALTER TABLE `tbt_commodity_transaction` ENABLE KEYS */;
UNLOCK TABLES;

--
-- Table structure for table `tbt_contract_sales`
--

DROP TABLE IF EXISTS `tbt_contract_sales`;
/*!40101 SET @saved_cs_client     = @@character_set_client */;
/*!40101 SET character_set_client = utf8 */;
CREATE TABLE `tbt_contract_sales` (
  `id` int(11) NOT NULL AUTO_INCREMENT,
  `status` char(1) DEFAULT '0',
  `sales_no` varchar(60) DEFAULT NULL,
  `commodity_type` int(11) DEFAULT '0',
  `id_pembeli` varchar(60) DEFAULT NULL,
  `alamat_pembeli` varchar(255) DEFAULT NULL,
  `npwp` varchar(30) DEFAULT NULL,
  `tgl_kontrak` date DEFAULT NULL,
  `tgl_jatuh_tempo` date DEFAULT NULL,
  `quantity` decimal(36,2) DEFAULT NULL,
  `delivered_quantity` decimal(36,2) DEFAULT '0.00',
  `satuan_commodity` int(11) DEFAULT NULL,
  `quality` text,
  `pricing` decimal(36,2) DEFAULT NULL,
  `delivery` varchar(200) DEFAULT NULL,
  `term_of_payment` text,
  `remark` text,
  `deleted` char(1) DEFAULT '0',
  PRIMARY KEY (`id`)
) ENGINE=InnoDB DEFAULT CHARSET=utf8;
/*!40101 SET character_set_client = @saved_cs_client */;

--
-- Dumping data for table `tbt_contract_sales`
--

LOCK TABLES `tbt_contract_sales` WRITE;
/*!40000 ALTER TABLE `tbt_contract_sales` DISABLE KEYS */;
/*!40000 ALTER TABLE `tbt_contract_sales` ENABLE KEYS */;
UNLOCK TABLES;

--
-- Table structure for table `tbt_expense_karyawan`
--

DROP TABLE IF EXISTS `tbt_expense_karyawan`;
/*!40101 SET @saved_cs_client     = @@character_set_client */;
/*!40101 SET character_set_client = utf8 */;
CREATE TABLE `tbt_expense_karyawan` (
  `id` int(11) NOT NULL AUTO_INCREMENT,
  `id_karyawan` int(11) DEFAULT NULL,
  `tgl` date DEFAULT NULL,
  `jns_expense` char(1) DEFAULT NULL,
  `jml_expense` float(11,2) DEFAULT NULL,
  `deleted` char(1) DEFAULT '0',
  PRIMARY KEY (`id`)
) ENGINE=InnoDB DEFAULT CHARSET=latin1;
/*!40101 SET character_set_client = @saved_cs_client */;

--
-- Dumping data for table `tbt_expense_karyawan`
--

LOCK TABLES `tbt_expense_karyawan` WRITE;
/*!40000 ALTER TABLE `tbt_expense_karyawan` DISABLE KEYS */;
/*!40000 ALTER TABLE `tbt_expense_karyawan` ENABLE KEYS */;
UNLOCK TABLES;

--
-- Table structure for table `tbt_expense_transaction`
--

DROP TABLE IF EXISTS `tbt_expense_transaction`;
/*!40101 SET @saved_cs_client     = @@character_set_client */;
/*!40101 SET character_set_client = utf8 */;
CREATE TABLE `tbt_expense_transaction` (
  `id` int(11) NOT NULL AUTO_INCREMENT,
  `transaction_no` varchar(60) DEFAULT NULL,
  `tgl_transaksi` date DEFAULT NULL,
  `no_referensi` varchar(60) DEFAULT NULL,
  `expense_category_id` int(11) DEFAULT NULL,
  `expense_id` int(11) DEFAULT NULL,
  `deskripsi` varchar(100) DEFAULT NULL,
  `coa_id` int(11) DEFAULT NULL,
  `bank_id` int(11) DEFAULT NULL,
  `total_expense` float(11,2) DEFAULT NULL,
  `deleted` char(1) DEFAULT '0',
  PRIMARY KEY (`id`),
  UNIQUE KEY `id` (`id`)
) ENGINE=InnoDB DEFAULT CHARSET=latin1 PACK_KEYS=0;
/*!40101 SET character_set_client = @saved_cs_client */;

--
-- Dumping data for table `tbt_expense_transaction`
--

LOCK TABLES `tbt_expense_transaction` WRITE;
/*!40000 ALTER TABLE `tbt_expense_transaction` DISABLE KEYS */;
/*!40000 ALTER TABLE `tbt_expense_transaction` ENABLE KEYS */;
UNLOCK TABLES;

--
-- Table structure for table `tbt_harga_tbs_order`
--

DROP TABLE IF EXISTS `tbt_harga_tbs_order`;
/*!40101 SET @saved_cs_client     = @@character_set_client */;
/*!40101 SET character_set_client = utf8 */;
CREATE TABLE `tbt_harga_tbs_order` (
  `id` int(11) NOT NULL AUTO_INCREMENT,
  `tgl_transaksi` date DEFAULT NULL,
  `id_barang` int(11) DEFAULT NULL,
  `id_komidel` int(11) DEFAULT NULL,
  `id_kategori_harga` int(11) DEFAULT NULL,
  `harga` float(11,2) DEFAULT NULL,
  `deleted` char(1) DEFAULT '0',
  PRIMARY KEY (`id`)
) ENGINE=InnoDB AUTO_INCREMENT=25 DEFAULT CHARSET=utf8;
/*!40101 SET character_set_client = @saved_cs_client */;

--
-- Dumping data for table `tbt_harga_tbs_order`
--

LOCK TABLES `tbt_harga_tbs_order` WRITE;
/*!40000 ALTER TABLE `tbt_harga_tbs_order` DISABLE KEYS */;
INSERT INTO `tbt_harga_tbs_order` VALUES (1,'2017-06-12',1020,1,1,1500.00,'0'),(2,'2017-06-12',1020,2,1,2000.00,'0'),(3,'2017-06-12',1020,3,1,2500.00,'0'),(4,'2017-06-12',1020,4,1,3000.00,'0'),(5,'2017-06-12',1020,1,2,3500.00,'0'),(6,'2017-06-12',1020,2,2,4000.00,'0'),(7,'2017-06-12',1020,3,2,4500.00,'0'),(8,'2017-06-12',1020,4,2,5000.00,'0'),(9,'2017-06-12',1020,1,3,5500.00,'0'),(10,'2017-06-12',1020,2,3,6000.00,'0'),(11,'2017-06-12',1020,3,3,6500.00,'0'),(12,'2017-06-12',1020,4,3,7000.00,'0'),(13,'2017-06-15',1020,1,1,5000.00,'0'),(14,'2017-06-15',1020,2,1,5500.00,'0'),(15,'2017-06-15',1020,3,1,6000.00,'0'),(16,'2017-06-15',1020,4,1,7000.00,'0'),(17,'2017-06-15',1020,1,2,8000.00,'0'),(18,'2017-06-15',1020,2,2,4500.00,'0'),(19,'2017-06-15',1020,3,2,5000.00,'0'),(20,'2017-06-15',1020,4,2,5500.00,'0'),(21,'2017-06-15',1020,1,3,1500.00,'0'),(22,'2017-06-15',1020,2,3,2500.00,'0'),(23,'2017-06-15',1020,3,3,3000.00,'0'),(24,'2017-06-15',1020,4,3,3500.00,'0');
/*!40000 ALTER TABLE `tbt_harga_tbs_order` ENABLE KEYS */;
UNLOCK TABLES;

--
-- Table structure for table `tbt_incentive`
--

DROP TABLE IF EXISTS `tbt_incentive`;
/*!40101 SET @saved_cs_client     = @@character_set_client */;
/*!40101 SET character_set_client = utf8 */;
CREATE TABLE `tbt_incentive` (
  `id` int(11) NOT NULL AUTO_INCREMENT,
  `id_karyawan` int(11) DEFAULT NULL,
  `bulan` char(2) DEFAULT NULL,
  `tahun` char(4) DEFAULT NULL,
  `jml_incentive` float(11,2) DEFAULT NULL,
  `deleted` char(1) DEFAULT '0',
  PRIMARY KEY (`id`)
) ENGINE=InnoDB DEFAULT CHARSET=latin1;
/*!40101 SET character_set_client = @saved_cs_client */;

--
-- Dumping data for table `tbt_incentive`
--

LOCK TABLES `tbt_incentive` WRITE;
/*!40000 ALTER TABLE `tbt_incentive` DISABLE KEYS */;
/*!40000 ALTER TABLE `tbt_incentive` ENABLE KEYS */;
UNLOCK TABLES;

--
-- Table structure for table `tbt_jurnal_buku_besar`
--

DROP TABLE IF EXISTS `tbt_jurnal_buku_besar`;
/*!40101 SET @saved_cs_client     = @@character_set_client */;
/*!40101 SET character_set_client = utf8 */;
CREATE TABLE `tbt_jurnal_buku_besar` (
  `id` int(11) NOT NULL AUTO_INCREMENT,
  `id_transaksi` int(11) DEFAULT NULL,
  `id_bank` int(11) DEFAULT NULL,
  `sumber_transaksi` char(1) DEFAULT '0',
  `jns_transaksi` char(1) DEFAULT '0',
  `tgl_transaksi` date DEFAULT NULL,
  `wkt_transaksi` time DEFAULT '00:00:00',
  `no_transaksi` varchar(60) DEFAULT NULL,
  `id_coa` int(11) DEFAULT NULL,
  `keterangan` varchar(80) DEFAULT NULL,
  `saldo_awal` float(11,2) DEFAULT NULL,
  `saldo_transaksi` float(11,2) DEFAULT NULL,
  `saldo_akhir` float(11,2) DEFAULT NULL,
  `deleted` char(1) DEFAULT '0',
  PRIMARY KEY (`id`)
) ENGINE=InnoDB AUTO_INCREMENT=17 DEFAULT CHARSET=utf8;
/*!40101 SET character_set_client = @saved_cs_client */;

--
-- Dumping data for table `tbt_jurnal_buku_besar`
--

LOCK TABLES `tbt_jurnal_buku_besar` WRITE;
/*!40000 ALTER TABLE `tbt_jurnal_buku_besar` DISABLE KEYS */;
INSERT INTO `tbt_jurnal_buku_besar` VALUES (1,8,8,'0','0','2017-06-11','07:37:20','8',2,'Saldo Awal',0.00,12500000.00,12500000.00,'0'),(2,9,9,'0','0','2017-06-11','07:37:20','9',2,'Saldo Awal',0.00,2000000.00,2000000.00,'0'),(3,10,10,'0','0','2017-06-11','07:37:20','10',2,'Saldo Awal',0.00,50000000.00,50000000.00,'0'),(4,11,11,'0','0','2017-06-11','07:37:20','11',2,'Saldo Awal',0.00,5000000.00,5000000.00,'0'),(5,12,12,'0','0','2017-06-11','07:37:20','12',2,'Saldo Awal',0.00,6000000.00,6000000.00,'0'),(6,13,13,'0','0','2017-06-11','07:37:20','13',2,'Saldo Awal',0.00,7000000.00,7000000.00,'0'),(7,14,14,'0','0','2017-06-11','07:37:20','14',2,'Saldo Awal',0.00,8000000.00,8000000.00,'0'),(8,15,15,'0','0','2017-06-11','07:37:20','15',2,'Saldo Awal',0.00,9000000.00,9000000.00,'0'),(9,16,16,'0','0','2017-06-11','07:37:20','16',2,'Saldo Awal',0.00,100000000.00,100000000.00,'0'),(10,17,17,'0','0','2017-06-11','07:37:20','17',2,'Saldo Awal',0.00,2000000.00,2000000.00,'0'),(11,1,10,'6','0','2017-06-11','08:13:10','1',2,'test',50000000.00,1000000.00,51000000.00,'0'),(12,1,8,'6','1','2017-06-11','08:13:10','1',2,'test',12500000.00,1000000.00,11500000.00,'0'),(13,2,10,'6','0','2017-06-11','08:13:13','2',2,'test',51000000.00,1000000.00,52000000.00,'0'),(14,2,8,'6','1','2017-06-11','08:13:13','2',2,'test',11500000.00,1000000.00,10500000.00,'0'),(15,1,10,'2','1','2017-06-12','15:32:12','PAY/2017/06/00001',786,'Pembayaran Pembelian Kelapa Sawit No TBS/2017/06/00003 Kepada CV. Berkah Mandiri',52000000.00,25000000.00,27000000.00,'0'),(16,2,8,'2','1','2017-06-15','14:30:38','PAY/2017/06/00002',844,'Pembayaran Pembelian Kelapa Sawit No TBS/2017/06/00005 Kepada Tongku Hasibuan',10500000.00,50000000.00,-39500000.00,'0');
/*!40000 ALTER TABLE `tbt_jurnal_buku_besar` ENABLE KEYS */;
UNLOCK TABLES;

--
-- Table structure for table `tbt_jurnal_umum`
--

DROP TABLE IF EXISTS `tbt_jurnal_umum`;
/*!40101 SET @saved_cs_client     = @@character_set_client */;
/*!40101 SET character_set_client = utf8 */;
CREATE TABLE `tbt_jurnal_umum` (
  `id` int(11) NOT NULL AUTO_INCREMENT,
  `id_transaksi` int(11) DEFAULT NULL,
  `sumber_transaksi` char(1) DEFAULT '0',
  `jns_transaksi` char(1) DEFAULT '0',
  `tgl_transaksi` date DEFAULT NULL,
  `wkt_transaksi` time DEFAULT '00:00:00',
  `no_transaksi` varchar(60) DEFAULT NULL,
  `keterangan` varchar(80) DEFAULT NULL,
  `jumlah_saldo` float(11,2) DEFAULT NULL,
  `deleted` char(1) DEFAULT '0',
  PRIMARY KEY (`id`)
) ENGINE=InnoDB AUTO_INCREMENT=9 DEFAULT CHARSET=utf8;
/*!40101 SET character_set_client = @saved_cs_client */;

--
-- Dumping data for table `tbt_jurnal_umum`
--

LOCK TABLES `tbt_jurnal_umum` WRITE;
/*!40000 ALTER TABLE `tbt_jurnal_umum` DISABLE KEYS */;
INSERT INTO `tbt_jurnal_umum` VALUES (1,1,'0','0','2017-06-11','07:37:20','1','Kas',201500000.00,'0'),(2,1,'0','1','2017-06-11','07:37:20','1','Modal Awal',201500000.00,'0'),(3,1,'3','0','2017-06-12','15:32:13','PAY/2017/06/00001','Perlengkapan',25000000.00,'0'),(4,1,'3','1','2017-06-12','15:32:13','PAY/2017/06/00001','Kas',25000000.00,'0'),(5,1,'1','0','2017-06-15','09:26:50','RC/2017/06/00001','Perlengkapan',100000.00,'0'),(6,1,'1','1','2017-06-15','09:26:50','RC/2017/06/00001','Hutang',100000.00,'0'),(7,2,'3','0','2017-06-15','14:30:38','PAY/2017/06/00002','Perlengkapan',50000000.00,'0'),(8,2,'3','1','2017-06-15','14:30:38','PAY/2017/06/00002','Kas',50000000.00,'0');
/*!40000 ALTER TABLE `tbt_jurnal_umum` ENABLE KEYS */;
UNLOCK TABLES;

--
-- Table structure for table `tbt_laba_rugi`
--

DROP TABLE IF EXISTS `tbt_laba_rugi`;
/*!40101 SET @saved_cs_client     = @@character_set_client */;
/*!40101 SET character_set_client = utf8 */;
CREATE TABLE `tbt_laba_rugi` (
  `id` int(11) NOT NULL AUTO_INCREMENT,
  `id_transaksi` int(11) DEFAULT NULL,
  `sumber_transaksi` char(1) DEFAULT '0',
  `jns_transaksi` char(1) DEFAULT '0',
  `tgl_transaksi` date DEFAULT NULL,
  `wkt_transaksi` time DEFAULT '00:00:00',
  `no_transaksi` varchar(60) DEFAULT NULL,
  `keterangan` varchar(80) DEFAULT NULL,
  `jumlah_transaksi` float(11,2) DEFAULT NULL,
  `deleted` char(1) DEFAULT '0',
  PRIMARY KEY (`id`)
) ENGINE=InnoDB AUTO_INCREMENT=4 DEFAULT CHARSET=utf8;
/*!40101 SET character_set_client = @saved_cs_client */;

--
-- Dumping data for table `tbt_laba_rugi`
--

LOCK TABLES `tbt_laba_rugi` WRITE;
/*!40000 ALTER TABLE `tbt_laba_rugi` DISABLE KEYS */;
INSERT INTO `tbt_laba_rugi` VALUES (1,1,'0','0','2017-06-11','07:37:20','1','Saldo Awal',201500000.00,'0'),(2,1,'2','1','2017-06-12','15:32:13','PAY/2017/06/00001','Pembayaran Pembelian Kelapa Sawit No TBS/2017/06/00003 Kepada CV. Berkah Mandiri',25000000.00,'0'),(3,2,'2','1','2017-06-15','14:30:38','PAY/2017/06/00002','Pembayaran Pembelian Kelapa Sawit No TBS/2017/06/00005 Kepada Tongku Hasibuan',50000000.00,'0');
/*!40000 ALTER TABLE `tbt_laba_rugi` ENABLE KEYS */;
UNLOCK TABLES;

--
-- Table structure for table `tbt_lembur_karyawan`
--

DROP TABLE IF EXISTS `tbt_lembur_karyawan`;
/*!40101 SET @saved_cs_client     = @@character_set_client */;
/*!40101 SET character_set_client = utf8 */;
CREATE TABLE `tbt_lembur_karyawan` (
  `id` int(11) NOT NULL AUTO_INCREMENT,
  `id_karyawan` int(11) DEFAULT NULL,
  `tgl` date DEFAULT NULL,
  `lama_lembur` int(11) DEFAULT NULL,
  `jns_lembur` char(1) DEFAULT NULL,
  `deleted` char(1) DEFAULT '0',
  PRIMARY KEY (`id`)
) ENGINE=InnoDB DEFAULT CHARSET=latin1;
/*!40101 SET character_set_client = @saved_cs_client */;

--
-- Dumping data for table `tbt_lembur_karyawan`
--

LOCK TABLES `tbt_lembur_karyawan` WRITE;
/*!40000 ALTER TABLE `tbt_lembur_karyawan` DISABLE KEYS */;
/*!40000 ALTER TABLE `tbt_lembur_karyawan` ENABLE KEYS */;
UNLOCK TABLES;

--
-- Table structure for table `tbt_modal_transaksi`
--

DROP TABLE IF EXISTS `tbt_modal_transaksi`;
/*!40101 SET @saved_cs_client     = @@character_set_client */;
/*!40101 SET character_set_client = utf8 */;
CREATE TABLE `tbt_modal_transaksi` (
  `id` int(11) NOT NULL AUTO_INCREMENT,
  `st_modal` char(1) DEFAULT '0',
  `modal` float(11,2) DEFAULT NULL,
  `deleted` char(1) DEFAULT '0',
  PRIMARY KEY (`id`)
) ENGINE=InnoDB AUTO_INCREMENT=2 DEFAULT CHARSET=utf8;
/*!40101 SET character_set_client = @saved_cs_client */;

--
-- Dumping data for table `tbt_modal_transaksi`
--

LOCK TABLES `tbt_modal_transaksi` WRITE;
/*!40000 ALTER TABLE `tbt_modal_transaksi` DISABLE KEYS */;
INSERT INTO `tbt_modal_transaksi` VALUES (1,'1',201500000.00,'0');
/*!40000 ALTER TABLE `tbt_modal_transaksi` ENABLE KEYS */;
UNLOCK TABLES;

--
-- Table structure for table `tbt_mutasi_barang`
--

DROP TABLE IF EXISTS `tbt_mutasi_barang`;
/*!40101 SET @saved_cs_client     = @@character_set_client */;
/*!40101 SET character_set_client = utf8 */;
CREATE TABLE `tbt_mutasi_barang` (
  `id` int(11) NOT NULL AUTO_INCREMENT,
  `tgl_transaksi` date DEFAULT NULL,
  `wkt_transaksi` time DEFAULT NULL,
  `jumlah_barang` int(11) DEFAULT NULL,
  `deleted` char(1) DEFAULT '0',
  PRIMARY KEY (`id`)
) ENGINE=InnoDB DEFAULT CHARSET=utf8;
/*!40101 SET character_set_client = @saved_cs_client */;

--
-- Dumping data for table `tbt_mutasi_barang`
--

LOCK TABLES `tbt_mutasi_barang` WRITE;
/*!40000 ALTER TABLE `tbt_mutasi_barang` DISABLE KEYS */;
/*!40000 ALTER TABLE `tbt_mutasi_barang` ENABLE KEYS */;
UNLOCK TABLES;

--
-- Table structure for table `tbt_mutasi_barang_detail`
--

DROP TABLE IF EXISTS `tbt_mutasi_barang_detail`;
/*!40101 SET @saved_cs_client     = @@character_set_client */;
/*!40101 SET character_set_client = utf8 */;
CREATE TABLE `tbt_mutasi_barang_detail` (
  `id` int(11) NOT NULL AUTO_INCREMENT,
  `id_transaksi` int(11) DEFAULT '0',
  `id_barang` int(11) DEFAULT NULL,
  `id_satuan` int(11) DEFAULT NULL,
  `jml` float(11,2) DEFAULT NULL,
  `jns_keluar` char(1) DEFAULT '3',
  `deleted` char(1) DEFAULT '0',
  PRIMARY KEY (`id`)
) ENGINE=InnoDB DEFAULT CHARSET=utf8;
/*!40101 SET character_set_client = @saved_cs_client */;

--
-- Dumping data for table `tbt_mutasi_barang_detail`
--

LOCK TABLES `tbt_mutasi_barang_detail` WRITE;
/*!40000 ALTER TABLE `tbt_mutasi_barang_detail` DISABLE KEYS */;
/*!40000 ALTER TABLE `tbt_mutasi_barang_detail` ENABLE KEYS */;
UNLOCK TABLES;

--
-- Table structure for table `tbt_mutasi_kas`
--

DROP TABLE IF EXISTS `tbt_mutasi_kas`;
/*!40101 SET @saved_cs_client     = @@character_set_client */;
/*!40101 SET character_set_client = utf8 */;
CREATE TABLE `tbt_mutasi_kas` (
  `id` int(11) NOT NULL AUTO_INCREMENT,
  `tgl_transaksi` date DEFAULT NULL,
  `no_referensi` varchar(60) DEFAULT NULL,
  `id_bank_asal` int(11) DEFAULT NULL,
  `id_bank_tujuan` int(11) DEFAULT NULL,
  `deskripsi` varchar(100) DEFAULT NULL,
  `jumlah_mutasi` decimal(36,2) DEFAULT NULL,
  `biaya_admin` decimal(36,2) DEFAULT NULL,
  `total_mutasi` decimal(36,2) DEFAULT NULL,
  `deleted` char(1) DEFAULT '0',
  PRIMARY KEY (`id`),
  UNIQUE KEY `id` (`id`)
) ENGINE=InnoDB AUTO_INCREMENT=3 DEFAULT CHARSET=latin1 PACK_KEYS=0;
/*!40101 SET character_set_client = @saved_cs_client */;

--
-- Dumping data for table `tbt_mutasi_kas`
--

LOCK TABLES `tbt_mutasi_kas` WRITE;
/*!40000 ALTER TABLE `tbt_mutasi_kas` DISABLE KEYS */;
INSERT INTO `tbt_mutasi_kas` VALUES (1,'2017-06-11','345345645645',8,10,'test',1000000.00,0.00,1000000.00,'0'),(2,'2017-06-11','345345645645',8,10,'test',1000000.00,0.00,1000000.00,'0');
/*!40000 ALTER TABLE `tbt_mutasi_kas` ENABLE KEYS */;
UNLOCK TABLES;

--
-- Table structure for table `tbt_pembayaran_po`
--

DROP TABLE IF EXISTS `tbt_pembayaran_po`;
/*!40101 SET @saved_cs_client     = @@character_set_client */;
/*!40101 SET character_set_client = utf8 */;
CREATE TABLE `tbt_pembayaran_po` (
  `id` int(11) NOT NULL AUTO_INCREMENT,
  `no_pembayaran` varchar(60) DEFAULT NULL,
  `id_po` int(11) DEFAULT NULL,
  `tgl_pembayaran` date DEFAULT NULL,
  `wkt_pembayaran` time DEFAULT NULL,
  `total_pembayaran` float(11,2) DEFAULT NULL,
  `id_coa` int(11) DEFAULT NULL,
  `jns_bayar` char(1) DEFAULT '0',
  `id_bank` int(11) DEFAULT NULL,
  `no_ref` varchar(60) DEFAULT NULL,
  `deleted` char(1) DEFAULT '0',
  PRIMARY KEY (`id`)
) ENGINE=InnoDB DEFAULT CHARSET=utf8;
/*!40101 SET character_set_client = @saved_cs_client */;

--
-- Dumping data for table `tbt_pembayaran_po`
--

LOCK TABLES `tbt_pembayaran_po` WRITE;
/*!40000 ALTER TABLE `tbt_pembayaran_po` DISABLE KEYS */;
/*!40000 ALTER TABLE `tbt_pembayaran_po` ENABLE KEYS */;
UNLOCK TABLES;

--
-- Table structure for table `tbt_pembayaran_tbs`
--

DROP TABLE IF EXISTS `tbt_pembayaran_tbs`;
/*!40101 SET @saved_cs_client     = @@character_set_client */;
/*!40101 SET character_set_client = utf8 */;
CREATE TABLE `tbt_pembayaran_tbs` (
  `id` int(11) NOT NULL AUTO_INCREMENT,
  `id_tbs_order` int(11) DEFAULT NULL,
  `no_pembayaran` varchar(60) DEFAULT NULL,
  `tgl_pembayaran` date DEFAULT NULL,
  `wkt_pembayaran` time DEFAULT NULL,
  `jumlah_pembayaran` float(11,2) DEFAULT NULL,
  `id_coa` int(11) DEFAULT NULL,
  `jns_bayar` char(1) DEFAULT '0',
  `id_bank` int(11) DEFAULT NULL,
  `no_ref` varchar(60) DEFAULT NULL,
  `deleted` char(1) DEFAULT '0',
  PRIMARY KEY (`id`)
) ENGINE=InnoDB AUTO_INCREMENT=3 DEFAULT CHARSET=utf8;
/*!40101 SET character_set_client = @saved_cs_client */;

--
-- Dumping data for table `tbt_pembayaran_tbs`
--

LOCK TABLES `tbt_pembayaran_tbs` WRITE;
/*!40000 ALTER TABLE `tbt_pembayaran_tbs` DISABLE KEYS */;
INSERT INTO `tbt_pembayaran_tbs` VALUES (1,3,'PAY/2017/06/00001','2017-06-12','15:32:12',25000000.00,786,'1',10,'24235346545','0'),(2,5,'PAY/2017/06/00002','2017-06-15','14:30:37',50000000.00,844,'0',8,'','0');
/*!40000 ALTER TABLE `tbt_pembayaran_tbs` ENABLE KEYS */;
UNLOCK TABLES;

--
-- Table structure for table `tbt_pembayaran_tbs_copy`
--

DROP TABLE IF EXISTS `tbt_pembayaran_tbs_copy`;
/*!40101 SET @saved_cs_client     = @@character_set_client */;
/*!40101 SET character_set_client = utf8 */;
CREATE TABLE `tbt_pembayaran_tbs_copy` (
  `id` int(11) NOT NULL AUTO_INCREMENT,
  `no_pembayaran` varchar(60) DEFAULT NULL,
  `id_tbs_order` int(11) DEFAULT NULL,
  `tgl_pembayaran` date DEFAULT NULL,
  `wkt_pembayaran` time DEFAULT NULL,
  `netto_1` float(11,2) DEFAULT NULL,
  `jumlah_bongkar` float(11,2) DEFAULT NULL,
  `subtotal_spsi` float(11,2) DEFAULT NULL,
  `netto_2` float(11,2) DEFAULT NULL,
  `harga` float(11,2) DEFAULT NULL,
  `subtotal_tbs` float(11,2) DEFAULT NULL,
  `fee` float(11,2) DEFAULT NULL,
  `subtotal_fee` float(11,2) DEFAULT NULL,
  `ppn` float(11,2) DEFAULT '0.00',
  `pph` float(11,2) DEFAULT NULL,
  `total_tbs_order` float(11,2) DEFAULT NULL,
  `id_coa` int(11) DEFAULT NULL,
  `jns_bayar` char(1) DEFAULT '0',
  `id_bank` int(11) DEFAULT NULL,
  `no_ref` varchar(60) DEFAULT NULL,
  `deleted` char(1) DEFAULT '0',
  PRIMARY KEY (`id`)
) ENGINE=InnoDB DEFAULT CHARSET=utf8;
/*!40101 SET character_set_client = @saved_cs_client */;

--
-- Dumping data for table `tbt_pembayaran_tbs_copy`
--

LOCK TABLES `tbt_pembayaran_tbs_copy` WRITE;
/*!40000 ALTER TABLE `tbt_pembayaran_tbs_copy` DISABLE KEYS */;
/*!40000 ALTER TABLE `tbt_pembayaran_tbs_copy` ENABLE KEYS */;
UNLOCK TABLES;

--
-- Table structure for table `tbt_pembayaran_tbs_detail`
--

DROP TABLE IF EXISTS `tbt_pembayaran_tbs_detail`;
/*!40101 SET @saved_cs_client     = @@character_set_client */;
/*!40101 SET character_set_client = utf8 */;
CREATE TABLE `tbt_pembayaran_tbs_detail` (
  `id` int(11) NOT NULL AUTO_INCREMENT,
  `id_pembayaran` varchar(60) DEFAULT NULL,
  `id_tbs_order` int(11) DEFAULT NULL,
  `netto_1` float(11,2) DEFAULT NULL,
  `jumlah_bongkar` float(11,2) DEFAULT NULL,
  `subtotal_spsi` float(11,2) DEFAULT NULL,
  `netto_2` float(11,2) DEFAULT NULL,
  `harga` float(11,2) DEFAULT NULL,
  `subtotal_tbs` float(11,2) DEFAULT NULL,
  `fee` float(11,2) DEFAULT NULL,
  `subtotal_fee` float(11,2) DEFAULT NULL,
  `ppn` float(11,2) DEFAULT '0.00',
  `pph` float(11,2) DEFAULT NULL,
  `total_tbs_order` float(11,2) DEFAULT NULL,
  `deleted` char(1) DEFAULT '0',
  PRIMARY KEY (`id`)
) ENGINE=InnoDB DEFAULT CHARSET=utf8;
/*!40101 SET character_set_client = @saved_cs_client */;

--
-- Dumping data for table `tbt_pembayaran_tbs_detail`
--

LOCK TABLES `tbt_pembayaran_tbs_detail` WRITE;
/*!40000 ALTER TABLE `tbt_pembayaran_tbs_detail` DISABLE KEYS */;
/*!40000 ALTER TABLE `tbt_pembayaran_tbs_detail` ENABLE KEYS */;
UNLOCK TABLES;

--
-- Table structure for table `tbt_pembayaran_tbs_detail_copy`
--

DROP TABLE IF EXISTS `tbt_pembayaran_tbs_detail_copy`;
/*!40101 SET @saved_cs_client     = @@character_set_client */;
/*!40101 SET character_set_client = utf8 */;
CREATE TABLE `tbt_pembayaran_tbs_detail_copy` (
  `id` int(11) NOT NULL AUTO_INCREMENT,
  `no_pembayaran` varchar(60) DEFAULT NULL,
  `id_pembayaran` int(11) DEFAULT NULL,
  `tgl_pembayaran` date DEFAULT NULL,
  `wkt_pembayaran` time DEFAULT NULL,
  `jumlah_pembayaran` float(11,2) DEFAULT NULL,
  `id_coa` int(11) DEFAULT NULL,
  `jns_bayar` char(1) DEFAULT '0',
  `id_bank` int(11) DEFAULT NULL,
  `no_ref` varchar(60) DEFAULT NULL,
  `deleted` char(1) DEFAULT '0',
  PRIMARY KEY (`id`)
) ENGINE=InnoDB DEFAULT CHARSET=utf8;
/*!40101 SET character_set_client = @saved_cs_client */;

--
-- Dumping data for table `tbt_pembayaran_tbs_detail_copy`
--

LOCK TABLES `tbt_pembayaran_tbs_detail_copy` WRITE;
/*!40000 ALTER TABLE `tbt_pembayaran_tbs_detail_copy` DISABLE KEYS */;
/*!40000 ALTER TABLE `tbt_pembayaran_tbs_detail_copy` ENABLE KEYS */;
UNLOCK TABLES;

--
-- Table structure for table `tbt_pembelian`
--

DROP TABLE IF EXISTS `tbt_pembelian`;
/*!40101 SET @saved_cs_client     = @@character_set_client */;
/*!40101 SET character_set_client = utf8 */;
CREATE TABLE `tbt_pembelian` (
  `id` int(11) NOT NULL AUTO_INCREMENT,
  `id_pemasok` int(11) DEFAULT NULL,
  `tgl_transaksi` date DEFAULT NULL,
  `wkt_transaksi` time DEFAULT NULL,
  `st_posting` char(1) DEFAULT '0',
  `deleted` char(1) DEFAULT '0',
  PRIMARY KEY (`id`)
) ENGINE=InnoDB DEFAULT CHARSET=utf8;
/*!40101 SET character_set_client = @saved_cs_client */;

--
-- Dumping data for table `tbt_pembelian`
--

LOCK TABLES `tbt_pembelian` WRITE;
/*!40000 ALTER TABLE `tbt_pembelian` DISABLE KEYS */;
/*!40000 ALTER TABLE `tbt_pembelian` ENABLE KEYS */;
UNLOCK TABLES;

--
-- Table structure for table `tbt_pembelian_detail`
--

DROP TABLE IF EXISTS `tbt_pembelian_detail`;
/*!40101 SET @saved_cs_client     = @@character_set_client */;
/*!40101 SET character_set_client = utf8 */;
CREATE TABLE `tbt_pembelian_detail` (
  `id` int(11) NOT NULL AUTO_INCREMENT,
  `id_transaksi` int(11) DEFAULT '0',
  `id_barang` int(11) DEFAULT NULL,
  `jml` float(11,2) DEFAULT NULL,
  `harga` float(11,2) DEFAULT NULL,
  `total` float(11,2) DEFAULT NULL,
  `deleted` char(1) DEFAULT '0',
  PRIMARY KEY (`id`)
) ENGINE=InnoDB DEFAULT CHARSET=utf8;
/*!40101 SET character_set_client = @saved_cs_client */;

--
-- Dumping data for table `tbt_pembelian_detail`
--

LOCK TABLES `tbt_pembelian_detail` WRITE;
/*!40000 ALTER TABLE `tbt_pembelian_detail` DISABLE KEYS */;
/*!40000 ALTER TABLE `tbt_pembelian_detail` ENABLE KEYS */;
UNLOCK TABLES;

--
-- Table structure for table `tbt_penerimaan_penjualan`
--

DROP TABLE IF EXISTS `tbt_penerimaan_penjualan`;
/*!40101 SET @saved_cs_client     = @@character_set_client */;
/*!40101 SET character_set_client = utf8 */;
CREATE TABLE `tbt_penerimaan_penjualan` (
  `id` int(11) NOT NULL AUTO_INCREMENT,
  `id_penjualan` int(11) DEFAULT NULL,
  `tgl_penerimaan` date DEFAULT NULL,
  `jumlah_dikirim` decimal(36,2) DEFAULT NULL,
  `jumlah_diterima` decimal(36,2) DEFAULT NULL,
  `jumlah_susut` decimal(36,2) DEFAULT NULL,
  `harga` decimal(36,2) DEFAULT NULL,
  `total_penjualan` decimal(36,2) DEFAULT NULL,
  `deleted` char(1) DEFAULT '0',
  PRIMARY KEY (`id`)
) ENGINE=InnoDB DEFAULT CHARSET=utf8;
/*!40101 SET character_set_client = @saved_cs_client */;

--
-- Dumping data for table `tbt_penerimaan_penjualan`
--

LOCK TABLES `tbt_penerimaan_penjualan` WRITE;
/*!40000 ALTER TABLE `tbt_penerimaan_penjualan` DISABLE KEYS */;
/*!40000 ALTER TABLE `tbt_penerimaan_penjualan` ENABLE KEYS */;
UNLOCK TABLES;

--
-- Table structure for table `tbt_penerimaan_penjualan_detail`
--

DROP TABLE IF EXISTS `tbt_penerimaan_penjualan_detail`;
/*!40101 SET @saved_cs_client     = @@character_set_client */;
/*!40101 SET character_set_client = utf8 */;
CREATE TABLE `tbt_penerimaan_penjualan_detail` (
  `id` int(11) NOT NULL AUTO_INCREMENT,
  `id_parent` int(11) DEFAULT NULL,
  `tgl_pembayaran` date DEFAULT NULL,
  `wkt_pembayaran` time DEFAULT NULL,
  `total_pembayaran` decimal(36,2) DEFAULT NULL,
  `id_coa` int(11) DEFAULT NULL,
  `jns_bayar` char(1) DEFAULT '0',
  `id_bank` int(11) DEFAULT NULL,
  `no_ref` varchar(60) DEFAULT NULL,
  `deleted` char(1) DEFAULT '0',
  PRIMARY KEY (`id`)
) ENGINE=InnoDB DEFAULT CHARSET=utf8;
/*!40101 SET character_set_client = @saved_cs_client */;

--
-- Dumping data for table `tbt_penerimaan_penjualan_detail`
--

LOCK TABLES `tbt_penerimaan_penjualan_detail` WRITE;
/*!40000 ALTER TABLE `tbt_penerimaan_penjualan_detail` DISABLE KEYS */;
/*!40000 ALTER TABLE `tbt_penerimaan_penjualan_detail` ENABLE KEYS */;
UNLOCK TABLES;

--
-- Table structure for table `tbt_penjualan`
--

DROP TABLE IF EXISTS `tbt_penjualan`;
/*!40101 SET @saved_cs_client     = @@character_set_client */;
/*!40101 SET character_set_client = utf8 */;
CREATE TABLE `tbt_penjualan` (
  `id` int(11) NOT NULL AUTO_INCREMENT,
  `jns_transaksi` char(1) DEFAULT '0',
  `id_pelanggan` int(11) DEFAULT NULL,
  `nama_pelanggan` varchar(255) DEFAULT NULL,
  `tgl_transaksi` date DEFAULT NULL,
  `wkt_transaksi` time DEFAULT NULL,
  `st_posting` char(1) DEFAULT '0',
  `deleted` char(1) DEFAULT '0',
  PRIMARY KEY (`id`)
) ENGINE=InnoDB DEFAULT CHARSET=utf8;
/*!40101 SET character_set_client = @saved_cs_client */;

--
-- Dumping data for table `tbt_penjualan`
--

LOCK TABLES `tbt_penjualan` WRITE;
/*!40000 ALTER TABLE `tbt_penjualan` DISABLE KEYS */;
/*!40000 ALTER TABLE `tbt_penjualan` ENABLE KEYS */;
UNLOCK TABLES;

--
-- Table structure for table `tbt_penjualan_detail`
--

DROP TABLE IF EXISTS `tbt_penjualan_detail`;
/*!40101 SET @saved_cs_client     = @@character_set_client */;
/*!40101 SET character_set_client = utf8 */;
CREATE TABLE `tbt_penjualan_detail` (
  `id` int(11) NOT NULL AUTO_INCREMENT,
  `id_transaksi` int(11) DEFAULT '0',
  `id_barang` int(11) DEFAULT NULL,
  `jml` float(11,2) DEFAULT NULL,
  `id_harga` int(11) DEFAULT NULL,
  `harga` float(11,2) DEFAULT NULL,
  `diskon` float(11,2) DEFAULT NULL,
  `total` float(11,2) DEFAULT NULL,
  `deleted` char(1) DEFAULT '0',
  PRIMARY KEY (`id`)
) ENGINE=InnoDB DEFAULT CHARSET=utf8;
/*!40101 SET character_set_client = @saved_cs_client */;

--
-- Dumping data for table `tbt_penjualan_detail`
--

LOCK TABLES `tbt_penjualan_detail` WRITE;
/*!40000 ALTER TABLE `tbt_penjualan_detail` DISABLE KEYS */;
/*!40000 ALTER TABLE `tbt_penjualan_detail` ENABLE KEYS */;
UNLOCK TABLES;

--
-- Table structure for table `tbt_processing_product`
--

DROP TABLE IF EXISTS `tbt_processing_product`;
/*!40101 SET @saved_cs_client     = @@character_set_client */;
/*!40101 SET character_set_client = utf8 */;
CREATE TABLE `tbt_processing_product` (
  `id` int(11) NOT NULL AUTO_INCREMENT,
  `processing_no` varchar(60) DEFAULT NULL,
  `tgl_processing` date DEFAULT NULL,
  `id_tbs` int(11) DEFAULT NULL,
  `id_satuan_tbs` int(11) DEFAULT NULL,
  `processing_qty` float(11,2) DEFAULT NULL,
  `cpo_qty` float(11,2) DEFAULT NULL,
  `id_satuan_cpo` int(11) DEFAULT NULL,
  `pk_qty` float(11,2) DEFAULT NULL,
  `id_satuan_pk` int(11) DEFAULT NULL,
  `deleted` char(1) DEFAULT '0',
  PRIMARY KEY (`id`),
  UNIQUE KEY `id` (`id`)
) ENGINE=InnoDB DEFAULT CHARSET=latin1 PACK_KEYS=0;
/*!40101 SET character_set_client = @saved_cs_client */;

--
-- Dumping data for table `tbt_processing_product`
--

LOCK TABLES `tbt_processing_product` WRITE;
/*!40000 ALTER TABLE `tbt_processing_product` DISABLE KEYS */;
/*!40000 ALTER TABLE `tbt_processing_product` ENABLE KEYS */;
UNLOCK TABLES;

--
-- Table structure for table `tbt_processing_tbs`
--

DROP TABLE IF EXISTS `tbt_processing_tbs`;
/*!40101 SET @saved_cs_client     = @@character_set_client */;
/*!40101 SET character_set_client = utf8 */;
CREATE TABLE `tbt_processing_tbs` (
  `id` int(11) NOT NULL AUTO_INCREMENT,
  `no_processing` varchar(30) DEFAULT NULL,
  `tgl_processing` date DEFAULT NULL,
  `wkt_processing` time DEFAULT NULL,
  `tbs_awal` float(11,4) DEFAULT NULL,
  `tbs_kebun` float(11,4) DEFAULT NULL,
  `tbs_luar` float(11,4) DEFAULT NULL,
  `tbs_potongan` float(11,4) DEFAULT NULL,
  `tbs_rbs_mentah` float(11,4) DEFAULT NULL,
  `tbs_rbs_masak` float(11,4) DEFAULT NULL,
  `tbs_restan_ramp` float(11,4) DEFAULT NULL,
  `tbs_restan_lantai` float(11,4) DEFAULT NULL,
  `tbs_akhir` float(11,4) DEFAULT NULL,
  `bst_akhir` float(11,4) DEFAULT NULL,
  `bst_in_process` float(11,4) DEFAULT NULL,
  `pk_bsk_akhir` float(11,4) DEFAULT NULL,
  `tbs_proses_shift_1` float(11,4) DEFAULT NULL,
  `tbs_proses_shift_2` float(11,4) DEFAULT '0.0000',
  `bst_kemarin` float(11,4) DEFAULT '0.0000',
  `oil_in_process` float(11,4) DEFAULT NULL,
  `pk_bsk` float(11,4) DEFAULT NULL,
  `cst_1` float(11,4) DEFAULT NULL,
  `cst_2` float(11,4) DEFAULT NULL,
  `cst_3` float(11,4) DEFAULT NULL,
  `ot_1` float(11,4) DEFAULT NULL,
  `ot_2` float(11,4) DEFAULT NULL,
  `rcv_1` float(11,4) DEFAULT NULL,
  `rcv_2` float(11,4) DEFAULT NULL,
  `rcv_3` float(11,4) DEFAULT NULL,
  `cot` float(11,4) DEFAULT NULL,
  `bst1_cpo_isi` float(11,4) DEFAULT NULL,
  `temp_bst1` float(11,4) DEFAULT NULL,
  `bst1_cpo_ffa` float(11,4) DEFAULT NULL,
  `bst1_cpo_moist` float(11,4) DEFAULT NULL,
  `bst1_cpo_impurities` float(11,4) DEFAULT NULL,
  `bst2_cpo_isi` float(11,4) DEFAULT NULL,
  `temp_bst2` float(11,4) DEFAULT NULL,
  `bst2_cpo_ffa` float(11,4) DEFAULT NULL,
  `bst2_cpo_moist` float(11,4) DEFAULT NULL,
  `bst2_cpo_impurities` float(11,4) DEFAULT NULL,
  `ffa_cst_1` float(11,4) DEFAULT NULL,
  `ffa_cst_2` float(11,4) DEFAULT NULL,
  `ffa_cst_3` float(11,4) DEFAULT NULL,
  `ffa_ot_1` float(11,4) DEFAULT NULL,
  `ffa_ot_2` float(11,4) DEFAULT NULL,
  `ffa_rcv_1` float(11,4) DEFAULT NULL,
  `ffa_rcv_2` float(11,4) DEFAULT NULL,
  `ffa_rcv_3` float(11,4) DEFAULT NULL,
  `ffa_cot` float(11,4) DEFAULT NULL,
  `bsk_no_1` float(11,4) DEFAULT NULL,
  `bsk_no_2` float(11,4) DEFAULT NULL,
  `bsk_no_3` float(11,4) DEFAULT NULL,
  `bsk_lantai` float(11,4) DEFAULT NULL,
  `nut_silo_no_1` float(11,4) DEFAULT NULL,
  `nut_silo_no_2` float(11,4) DEFAULT NULL,
  `nut_silo_no_3` float(11,4) DEFAULT NULL,
  `nut_silo_no_4` float(11,4) DEFAULT NULL,
  `nut_silo_lantai` float(11,4) DEFAULT NULL,
  `kernel_silo_no_1` float(11,4) DEFAULT NULL,
  `kernel_silo_no_2` float(11,4) DEFAULT NULL,
  `kernel_silo_no_3` float(11,4) DEFAULT NULL,
  `kernel_silo_lantai` float(11,4) DEFAULT NULL,
  `pengiriman_cpo` float(11,4) DEFAULT NULL,
  `pengiriman_kernel` float(11,4) DEFAULT NULL,
  `pengiriman_cangkang` float(11,4) DEFAULT NULL,
  `pengiriman_fibre` float(11,4) DEFAULT NULL,
  `pengiriman_limbah` float(11,4) DEFAULT NULL,
  `reject_cpo` float(11,4) DEFAULT NULL,
  `pengiriman_jangkos` float(11,4) DEFAULT NULL,
  `pengiriman_cpo_pagi_malam` float(11,4) DEFAULT NULL,
  `pengiriman_cpo_pagi_ini` float(11,4) DEFAULT NULL,
  `pengiriman_cpo_ffa_tinggi` float(11,4) DEFAULT NULL,
  `oil_dalam_mobil_cpo` float(11,4) DEFAULT NULL,
  `oil_dalam_mobil_cpo_malam` float(11,4) DEFAULT NULL,
  `reject_kernel` float(11,4) DEFAULT NULL,
  `mutu_cpo_ffa` float(11,4) DEFAULT NULL,
  `mutu_cpo_moisture` float(11,4) DEFAULT NULL,
  `mutu_cpo_impurities` float(11,4) DEFAULT NULL,
  `drain_minyak` float(11,4) DEFAULT NULL,
  `mutu_pk_moisture` float(11,4) DEFAULT NULL,
  `mutu_pk_impurities` float(11,4) DEFAULT NULL,
  `nomor_kolam_tanah` float(11,4) DEFAULT NULL,
  `kolam_tanah` float(11,4) DEFAULT NULL,
  `oil_recovered_ffa` float(11,4) DEFAULT NULL,
  `oil_recovered_moisture` float(11,4) DEFAULT NULL,
  `pengutipan_minyak` float(11,4) DEFAULT NULL,
  `produksi_abu_janjang_goni` float(11,4) DEFAULT NULL,
  `produksi_abu_janjang_kg` float(11,4) DEFAULT NULL,
  `bss_no_1` float(11,4) DEFAULT NULL,
  `bss_no_2` float(11,4) DEFAULT NULL,
  `bss_no_3` float(11,4) DEFAULT NULL,
  `bss_lantai` float(11,4) DEFAULT NULL,
  `etc_cst1_kg_cm` float(11,4) DEFAULT NULL,
  `etc_cst1_kg` float(11,4) DEFAULT NULL,
  `etc_cst2_kg_cm` float(11,4) DEFAULT NULL,
  `etc_cst2_kg` float(11,4) DEFAULT NULL,
  `etc_cst3_kg_cm` float(11,4) DEFAULT NULL,
  `etc_cst3_kg` float(11,4) DEFAULT NULL,
  `etc_ot1_kg_cm` float(11,4) DEFAULT NULL,
  `etc_ot1_kg` float(11,4) DEFAULT NULL,
  `etc_ot2_kg_cm` float(11,4) DEFAULT NULL,
  `etc_ot2_kg` float(11,4) DEFAULT NULL,
  `etc_rcv1_kg_cm` float(11,4) DEFAULT NULL,
  `etc_rcv1_kg` float(11,4) DEFAULT NULL,
  `etc_rcv2_kg_cm` float(11,4) DEFAULT NULL,
  `etc_rcv2_kg` float(11,4) DEFAULT NULL,
  `etc_rcv3_kg_cm` float(11,4) DEFAULT NULL,
  `etc_rcv3_kg` float(11,4) DEFAULT NULL,
  `etc_cot_kg_cm` float(11,4) DEFAULT NULL,
  `etc_cot_kg` float(11,4) DEFAULT NULL,
  `etc_bst1_kg_cm` float(11,4) DEFAULT NULL,
  `etc_bst1_kg` float(11,4) DEFAULT NULL,
  `etc_bst2_kg_cm` float(11,4) DEFAULT NULL,
  `etc_bst2_kg` float(11,4) DEFAULT NULL,
  `etc_ks1_kg_cm` float(11,4) DEFAULT NULL,
  `etc_ks1_kg` float(11,4) DEFAULT NULL,
  `etc_ks2_kg_cm` float(11,4) DEFAULT NULL,
  `etc_ks2_kg` float(11,4) DEFAULT NULL,
  `etc_ks3_kg_cm` float(11,4) DEFAULT NULL,
  `etc_ks3_kg` float(11,4) DEFAULT NULL,
  `etc_ns1_kg_cm` float(11,4) DEFAULT NULL,
  `etc_ns1_kg` float(11,4) DEFAULT NULL,
  `etc_ns2_kg_cm` float(11,4) DEFAULT NULL,
  `etc_ns2_kg` float(11,4) DEFAULT NULL,
  `etc_ns3_kg_cm` float(11,4) DEFAULT NULL,
  `etc_ns3_kg` float(11,4) DEFAULT NULL,
  `etc_ns4_kg_cm` float(11,4) DEFAULT NULL,
  `etc_ns4_kg` float(11,4) DEFAULT NULL,
  `etc_bsk1_kg_cm` float(11,4) DEFAULT NULL,
  `etc_bsk1_kg` float(11,4) DEFAULT NULL,
  `etc_bsk2_kg_cm` float(11,4) DEFAULT NULL,
  `etc_bsk2_kg` float(11,4) DEFAULT NULL,
  `etc_bsk3_kg_cm` float(11,4) DEFAULT NULL,
  `etc_bsk3_kg` float(11,4) DEFAULT NULL,
  `etc_bss1_kg_cm` float(11,4) DEFAULT NULL,
  `etc_bss1_kg` float(11,4) DEFAULT NULL,
  `etc_bss2_kg_cm` float(11,4) DEFAULT NULL,
  `etc_bss2_kg` float(11,4) DEFAULT NULL,
  `etc_bss3_kg_cm` float(11,4) DEFAULT NULL,
  `etc_bss3_kg` float(11,2) DEFAULT NULL,
  `jam_olah_tbs_1` time DEFAULT NULL,
  `jam_olah_tbs_2` time DEFAULT NULL,
  `jam_olah_nut_1` time DEFAULT NULL,
  `jam_olah_nut_2` time DEFAULT NULL,
  `jam_start_1` time DEFAULT NULL,
  `jam_start_2` time DEFAULT NULL,
  `jam_stop_1` time DEFAULT NULL,
  `jam_stop_2` time DEFAULT NULL,
  `jam_main_1` time DEFAULT NULL,
  `jam_main_2` time DEFAULT NULL,
  `jam_down_1` time DEFAULT NULL,
  `jam_down_2` time DEFAULT NULL,
  `deleted` char(1) DEFAULT '0',
  `cst_1_temp` float(11,4) DEFAULT NULL,
  `cst_2_temp` float(11,4) DEFAULT NULL,
  `cst_3_temp` float(11,4) DEFAULT NULL,
  `ot_1_temp` float(11,4) DEFAULT NULL,
  `ot_2_temp` float(11,4) DEFAULT NULL,
  `rcv_1_temp` float(11,4) DEFAULT NULL,
  `rcv_2_temp` float(11,4) DEFAULT NULL,
  `rcv_3_temp` float(11,4) DEFAULT NULL,
  `cot_temp` float(11,4) DEFAULT NULL,
  PRIMARY KEY (`id`)
) ENGINE=InnoDB AUTO_INCREMENT=2 DEFAULT CHARSET=utf8;
/*!40101 SET character_set_client = @saved_cs_client */;

--
-- Dumping data for table `tbt_processing_tbs`
--

LOCK TABLES `tbt_processing_tbs` WRITE;
/*!40000 ALTER TABLE `tbt_processing_tbs` DISABLE KEYS */;
INSERT INTO `tbt_processing_tbs` VALUES (1,'PRC/2017/06/00001','2017-06-16','13:40:03',58784.9688,37438.0000,171099.0000,6443.0000,0.0000,1.0000,0.0000,0.0000,27372.0000,83093.2422,19072.6250,11054.6396,3.0000,6.0000,34411.0312,19512.9102,19048.0000,0.0000,0.0000,0.0000,191.6000,0.0000,0.0000,0.0000,0.0000,0.0000,127.5000,53.0000,2.7400,0.2600,0.0300,0.0000,0.0000,0.0000,0.0000,0.0000,2.8000,0.0000,0.0000,2.6400,0.0000,0.0000,0.0000,0.0000,2.7300,24.0000,0.0000,0.0000,0.0000,241.0000,0.0000,0.0000,0.0000,3139.0000,359.0000,139.0000,0.0000,0.0000,0.0000,0.0000,0.0000,0.0000,0.0000,0.0000,1870.0000,0.0000,0.0000,0.0000,0.0000,0.0000,0.0000,2.9300,0.2000,0.0200,0.0000,7.4100,6.8200,0.0000,0.0000,0.0000,0.0000,0.0000,0.0000,0.0000,0.0000,0.0000,0.0000,0.0000,247.9300,0.0000,0.0000,0.0000,0.0000,0.0000,113.3500,0.0000,0.0000,0.0000,0.0000,0.0000,0.0000,0.0000,0.0000,0.0000,73.7200,0.0000,714.4400,0.0000,1409.5500,1758.0000,40.5700,1758.0000,42.3200,0.0000,0.0000,3139.0000,78.5300,3139.0000,78.5300,0.0000,78.5300,0.0000,0.0000,19048.0000,460.6100,0.0000,0.0000,0.0000,0.0000,0.0000,0.0000,0.0000,0.0000,0.0000,0.0000,0.00,'03:10:00','05:30:00','03:00:00','05:30:00','08:00:00','15:00:00','15:00:00','22:00:00','00:00:00','00:00:00','00:00:00','00:00:00','0',70.0000,77.0000,76.0000,74.0000,65.0000,60.0000,62.0000,0.0000,0.0000);
/*!40000 ALTER TABLE `tbt_processing_tbs` ENABLE KEYS */;
UNLOCK TABLES;

--
-- Table structure for table `tbt_purchase_order`
--

DROP TABLE IF EXISTS `tbt_purchase_order`;
/*!40101 SET @saved_cs_client     = @@character_set_client */;
/*!40101 SET character_set_client = utf8 */;
CREATE TABLE `tbt_purchase_order` (
  `id` int(11) NOT NULL AUTO_INCREMENT,
  `id_ro` int(11) DEFAULT NULL,
  `status` char(1) DEFAULT '0',
  `no_po` varchar(255) DEFAULT NULL,
  `tgl_po` date DEFAULT NULL,
  `tgl_jatuh_tempo` date DEFAULT NULL,
  `id_supplier` int(11) DEFAULT NULL,
  `catatan` text,
  `ppn` float(11,2) DEFAULT NULL,
  `dp` float(11,2) DEFAULT NULL,
  `deleted` char(1) DEFAULT '0',
  PRIMARY KEY (`id`)
) ENGINE=InnoDB AUTO_INCREMENT=2 DEFAULT CHARSET=utf8;
/*!40101 SET character_set_client = @saved_cs_client */;

--
-- Dumping data for table `tbt_purchase_order`
--

LOCK TABLES `tbt_purchase_order` WRITE;
/*!40000 ALTER TABLE `tbt_purchase_order` DISABLE KEYS */;
INSERT INTO `tbt_purchase_order` VALUES (1,1,'2','PO/2017/06/00001','2017-06-15','2017-07-08',27,NULL,10.00,0.00,'0');
/*!40000 ALTER TABLE `tbt_purchase_order` ENABLE KEYS */;
UNLOCK TABLES;

--
-- Table structure for table `tbt_purchase_order_biaya_lain`
--

DROP TABLE IF EXISTS `tbt_purchase_order_biaya_lain`;
/*!40101 SET @saved_cs_client     = @@character_set_client */;
/*!40101 SET character_set_client = utf8 */;
CREATE TABLE `tbt_purchase_order_biaya_lain` (
  `id` int(11) NOT NULL AUTO_INCREMENT,
  `id_po` int(11) DEFAULT NULL,
  `nama_biaya` varchar(255) DEFAULT NULL,
  `biaya` float(11,2) DEFAULT NULL,
  `deleted` char(1) DEFAULT '0',
  PRIMARY KEY (`id`)
) ENGINE=InnoDB DEFAULT CHARSET=utf8;
/*!40101 SET character_set_client = @saved_cs_client */;

--
-- Dumping data for table `tbt_purchase_order_biaya_lain`
--

LOCK TABLES `tbt_purchase_order_biaya_lain` WRITE;
/*!40000 ALTER TABLE `tbt_purchase_order_biaya_lain` DISABLE KEYS */;
/*!40000 ALTER TABLE `tbt_purchase_order_biaya_lain` ENABLE KEYS */;
UNLOCK TABLES;

--
-- Table structure for table `tbt_purchase_order_detail`
--

DROP TABLE IF EXISTS `tbt_purchase_order_detail`;
/*!40101 SET @saved_cs_client     = @@character_set_client */;
/*!40101 SET character_set_client = utf8 */;
CREATE TABLE `tbt_purchase_order_detail` (
  `id` int(11) NOT NULL AUTO_INCREMENT,
  `status` char(1) DEFAULT '0',
  `id_ro_detail` int(11) DEFAULT NULL,
  `id_po` int(11) DEFAULT NULL,
  `id_barang` int(11) DEFAULT NULL,
  `id_satuan` int(11) DEFAULT NULL,
  `jumlah` float(11,2) DEFAULT NULL,
  `jumlah_diterima` float(11,2) DEFAULT '0.00',
  `harga_satuan_besar` float(11,2) DEFAULT NULL,
  `harga_satuan` float(11,2) DEFAULT NULL,
  `discount` float(11,2) DEFAULT NULL,
  `subtotal` float(11,2) DEFAULT NULL,
  `deleted` char(1) DEFAULT '0',
  PRIMARY KEY (`id`)
) ENGINE=InnoDB AUTO_INCREMENT=3 DEFAULT CHARSET=utf8;
/*!40101 SET character_set_client = @saved_cs_client */;

--
-- Dumping data for table `tbt_purchase_order_detail`
--

LOCK TABLES `tbt_purchase_order_detail` WRITE;
/*!40000 ALTER TABLE `tbt_purchase_order_detail` DISABLE KEYS */;
INSERT INTO `tbt_purchase_order_detail` VALUES (1,'1',1,1,309,15,20.00,20.00,0.00,2500.00,0.00,50000.00,'0'),(2,'1',2,1,815,15,10.00,10.00,0.00,5000.00,0.00,50000.00,'0');
/*!40000 ALTER TABLE `tbt_purchase_order_detail` ENABLE KEYS */;
UNLOCK TABLES;

--
-- Table structure for table `tbt_receiving_order`
--

DROP TABLE IF EXISTS `tbt_receiving_order`;
/*!40101 SET @saved_cs_client     = @@character_set_client */;
/*!40101 SET character_set_client = utf8 */;
CREATE TABLE `tbt_receiving_order` (
  `id` int(11) NOT NULL AUTO_INCREMENT,
  `id_po` int(11) DEFAULT NULL,
  `no_document` varchar(60) DEFAULT NULL,
  `no_faktur` varchar(60) DEFAULT NULL,
  `tgl_terima` date DEFAULT NULL,
  `catatan` text,
  `deleted` char(1) DEFAULT '0',
  PRIMARY KEY (`id`)
) ENGINE=InnoDB AUTO_INCREMENT=2 DEFAULT CHARSET=utf8;
/*!40101 SET character_set_client = @saved_cs_client */;

--
-- Dumping data for table `tbt_receiving_order`
--

LOCK TABLES `tbt_receiving_order` WRITE;
/*!40000 ALTER TABLE `tbt_receiving_order` DISABLE KEYS */;
INSERT INTO `tbt_receiving_order` VALUES (1,1,'RC/2017/06/00001','4545656','2017-06-15',NULL,'0');
/*!40000 ALTER TABLE `tbt_receiving_order` ENABLE KEYS */;
UNLOCK TABLES;

--
-- Table structure for table `tbt_receiving_order_detail`
--

DROP TABLE IF EXISTS `tbt_receiving_order_detail`;
/*!40101 SET @saved_cs_client     = @@character_set_client */;
/*!40101 SET character_set_client = utf8 */;
CREATE TABLE `tbt_receiving_order_detail` (
  `id` int(11) NOT NULL AUTO_INCREMENT,
  `id_parent` int(11) DEFAULT NULL,
  `id_po_detail` int(11) DEFAULT NULL,
  `id_barang` int(11) DEFAULT NULL,
  `id_satuan` int(11) DEFAULT NULL,
  `expired_date` date DEFAULT NULL,
  `jumlah` float(11,2) DEFAULT NULL,
  `harga_satuan_besar` float(11,2) DEFAULT NULL,
  `harga_satuan` float(11,2) DEFAULT NULL,
  `discount` float(11,2) DEFAULT NULL,
  `subtotal` float(11,2) DEFAULT NULL,
  `deleted` char(1) DEFAULT '0',
  PRIMARY KEY (`id`)
) ENGINE=InnoDB AUTO_INCREMENT=3 DEFAULT CHARSET=utf8;
/*!40101 SET character_set_client = @saved_cs_client */;

--
-- Dumping data for table `tbt_receiving_order_detail`
--

LOCK TABLES `tbt_receiving_order_detail` WRITE;
/*!40000 ALTER TABLE `tbt_receiving_order_detail` DISABLE KEYS */;
INSERT INTO `tbt_receiving_order_detail` VALUES (1,1,1,309,15,'2018-09-01',20.00,2500.00,2500.00,0.00,50000.00,'0'),(2,1,2,815,15,'2020-09-01',10.00,5000.00,5000.00,0.00,50000.00,'0');
/*!40000 ALTER TABLE `tbt_receiving_order_detail` ENABLE KEYS */;
UNLOCK TABLES;

--
-- Table structure for table `tbt_reporting_processing_tbs`
--

DROP TABLE IF EXISTS `tbt_reporting_processing_tbs`;
/*!40101 SET @saved_cs_client     = @@character_set_client */;
/*!40101 SET character_set_client = utf8 */;
CREATE TABLE `tbt_reporting_processing_tbs` (
  `id` int(11) NOT NULL AUTO_INCREMENT,
  `id_processing` int(11) DEFAULT NULL,
  `deleted` char(1) DEFAULT '0',
  `tbs_kebun_sum` float(11,4) DEFAULT NULL,
  `tbs_luar_sum` float(11,4) DEFAULT NULL,
  `tbs_potongan_sum` float(11,4) DEFAULT NULL,
  `tbs_persediaan_sum` float(11,4) DEFAULT NULL,
  `tbs_olah_netto_sum` float(11,4) DEFAULT NULL,
  `tbs_olah_brutto_sum` float(11,4) DEFAULT NULL,
  `kirim_cpo_sum` float(11,4) DEFAULT NULL,
  `kirim_pk_sum` float(11,4) DEFAULT NULL,
  `kirim_cangkang_sum` float(11,4) DEFAULT NULL,
  `kirim_fibre_sum` float(11,4) DEFAULT NULL,
  `kirim_limbah_sum` float(11,4) DEFAULT NULL,
  `kirim_jangkos_sum` float(11,4) DEFAULT NULL,
  `jam_olah_tbs_sum` varchar(100) DEFAULT NULL,
  `jam_olah_nut_sum` varchar(100) DEFAULT NULL,
  `jam_main_sum` varchar(100) DEFAULT NULL,
  `jam_down_sum` varchar(100) DEFAULT NULL,
  `cpo_sum` float(11,4) DEFAULT NULL,
  `pk_sum` float(11,4) DEFAULT NULL,
  `reject_cpo_sum` float(11,4) DEFAULT NULL,
  `reject_kernel_sum` float(11,4) DEFAULT NULL,
  PRIMARY KEY (`id`)
) ENGINE=InnoDB AUTO_INCREMENT=2 DEFAULT CHARSET=utf8;
/*!40101 SET character_set_client = @saved_cs_client */;

--
-- Dumping data for table `tbt_reporting_processing_tbs`
--

LOCK TABLES `tbt_reporting_processing_tbs` WRITE;
/*!40000 ALTER TABLE `tbt_reporting_processing_tbs` DISABLE KEYS */;
INSERT INTO `tbt_reporting_processing_tbs` VALUES (1,1,'0',0.0000,0.0000,0.0000,0.0000,0.0000,0.0000,0.0000,0.0000,0.0000,0.0000,0.0000,0.0000,'0','0','0','0',0.0000,0.0000,0.0000,0.0000);
/*!40000 ALTER TABLE `tbt_reporting_processing_tbs` ENABLE KEYS */;
UNLOCK TABLES;

--
-- Table structure for table `tbt_request_order`
--

DROP TABLE IF EXISTS `tbt_request_order`;
/*!40101 SET @saved_cs_client     = @@character_set_client */;
/*!40101 SET character_set_client = utf8 */;
CREATE TABLE `tbt_request_order` (
  `id` int(11) NOT NULL AUTO_INCREMENT,
  `status` char(1) DEFAULT '0',
  `no_ro` varchar(255) DEFAULT NULL,
  `tgl_ro` date DEFAULT NULL,
  `catatan` text,
  `deleted` char(1) DEFAULT '0',
  PRIMARY KEY (`id`)
) ENGINE=InnoDB AUTO_INCREMENT=2 DEFAULT CHARSET=utf8;
/*!40101 SET character_set_client = @saved_cs_client */;

--
-- Dumping data for table `tbt_request_order`
--

LOCK TABLES `tbt_request_order` WRITE;
/*!40000 ALTER TABLE `tbt_request_order` DISABLE KEYS */;
INSERT INTO `tbt_request_order` VALUES (1,'1','RO/2017/06/00001','2017-06-15','urgent','0');
/*!40000 ALTER TABLE `tbt_request_order` ENABLE KEYS */;
UNLOCK TABLES;

--
-- Table structure for table `tbt_request_order_detail`
--

DROP TABLE IF EXISTS `tbt_request_order_detail`;
/*!40101 SET @saved_cs_client     = @@character_set_client */;
/*!40101 SET character_set_client = utf8 */;
CREATE TABLE `tbt_request_order_detail` (
  `id` int(11) NOT NULL AUTO_INCREMENT,
  `status` char(1) DEFAULT '0',
  `id_ro` int(11) DEFAULT NULL,
  `id_barang` int(11) DEFAULT NULL,
  `id_satuan` int(11) DEFAULT NULL,
  `jumlah` float(11,2) DEFAULT NULL,
  `harga_satuan_besar` float(11,2) DEFAULT NULL,
  `harga_satuan` float(11,2) DEFAULT NULL,
  `subtotal` float(11,2) DEFAULT NULL,
  `deleted` char(1) DEFAULT '0',
  PRIMARY KEY (`id`)
) ENGINE=InnoDB AUTO_INCREMENT=3 DEFAULT CHARSET=utf8;
/*!40101 SET character_set_client = @saved_cs_client */;

--
-- Dumping data for table `tbt_request_order_detail`
--

LOCK TABLES `tbt_request_order_detail` WRITE;
/*!40000 ALTER TABLE `tbt_request_order_detail` DISABLE KEYS */;
INSERT INTO `tbt_request_order_detail` VALUES (1,'1',1,309,15,20.00,0.00,2500.00,50000.00,'0'),(2,'1',1,815,15,10.00,0.00,5000.00,50000.00,'0');
/*!40000 ALTER TABLE `tbt_request_order_detail` ENABLE KEYS */;
UNLOCK TABLES;

--
-- Table structure for table `tbt_resign_employee`
--

DROP TABLE IF EXISTS `tbt_resign_employee`;
/*!40101 SET @saved_cs_client     = @@character_set_client */;
/*!40101 SET character_set_client = utf8 */;
CREATE TABLE `tbt_resign_employee` (
  `id` int(11) NOT NULL AUTO_INCREMENT,
  `id_karyawan` int(11) DEFAULT NULL,
  `tgl_resign` date DEFAULT NULL,
  `kategori_resign` text,
  `keterangan` text,
  `deleted` char(1) DEFAULT '0',
  PRIMARY KEY (`id`),
  UNIQUE KEY `id` (`id`)
) ENGINE=InnoDB DEFAULT CHARSET=latin1 PACK_KEYS=0;
/*!40101 SET character_set_client = @saved_cs_client */;

--
-- Dumping data for table `tbt_resign_employee`
--

LOCK TABLES `tbt_resign_employee` WRITE;
/*!40000 ALTER TABLE `tbt_resign_employee` DISABLE KEYS */;
/*!40000 ALTER TABLE `tbt_resign_employee` ENABLE KEYS */;
UNLOCK TABLES;

--
-- Table structure for table `tbt_revenue_transaction`
--

DROP TABLE IF EXISTS `tbt_revenue_transaction`;
/*!40101 SET @saved_cs_client     = @@character_set_client */;
/*!40101 SET character_set_client = utf8 */;
CREATE TABLE `tbt_revenue_transaction` (
  `id` int(11) NOT NULL AUTO_INCREMENT,
  `transaction_no` varchar(60) DEFAULT NULL,
  `tgl_transaksi` date DEFAULT NULL,
  `no_referensi` varchar(60) DEFAULT NULL,
  `revenue_category_id` int(11) DEFAULT NULL,
  `revenue_id` int(11) DEFAULT NULL,
  `deskripsi` varchar(100) DEFAULT NULL,
  `coa_id` int(11) DEFAULT NULL,
  `bank_id` int(11) DEFAULT NULL,
  `total_revenue` float(11,2) DEFAULT NULL,
  `deleted` char(1) DEFAULT '0',
  PRIMARY KEY (`id`),
  UNIQUE KEY `id` (`id`)
) ENGINE=InnoDB DEFAULT CHARSET=latin1 PACK_KEYS=0;
/*!40101 SET character_set_client = @saved_cs_client */;

--
-- Dumping data for table `tbt_revenue_transaction`
--

LOCK TABLES `tbt_revenue_transaction` WRITE;
/*!40000 ALTER TABLE `tbt_revenue_transaction` DISABLE KEYS */;
/*!40000 ALTER TABLE `tbt_revenue_transaction` ENABLE KEYS */;
UNLOCK TABLES;

--
-- Table structure for table `tbt_sanksi`
--

DROP TABLE IF EXISTS `tbt_sanksi`;
/*!40101 SET @saved_cs_client     = @@character_set_client */;
/*!40101 SET character_set_client = utf8 */;
CREATE TABLE `tbt_sanksi` (
  `id` int(11) NOT NULL AUTO_INCREMENT,
  `id_karyawan` int(11) DEFAULT NULL,
  `payroll_id` int(11) DEFAULT NULL,
  `tgl_sanksi` date DEFAULT NULL,
  `deleted` char(1) DEFAULT '0',
  PRIMARY KEY (`id`)
) ENGINE=InnoDB DEFAULT CHARSET=latin1;
/*!40101 SET character_set_client = @saved_cs_client */;

--
-- Dumping data for table `tbt_sanksi`
--

LOCK TABLES `tbt_sanksi` WRITE;
/*!40000 ALTER TABLE `tbt_sanksi` DISABLE KEYS */;
/*!40000 ALTER TABLE `tbt_sanksi` ENABLE KEYS */;
UNLOCK TABLES;

--
-- Table structure for table `tbt_santunan`
--

DROP TABLE IF EXISTS `tbt_santunan`;
/*!40101 SET @saved_cs_client     = @@character_set_client */;
/*!40101 SET character_set_client = utf8 */;
CREATE TABLE `tbt_santunan` (
  `id` int(11) NOT NULL AUTO_INCREMENT,
  `id_karyawan` int(11) DEFAULT NULL,
  `id_payroll` int(11) DEFAULT NULL,
  `tgl_santunan` date DEFAULT NULL,
  `deleted` char(1) DEFAULT '0',
  PRIMARY KEY (`id`)
) ENGINE=InnoDB DEFAULT CHARSET=latin1;
/*!40101 SET character_set_client = @saved_cs_client */;

--
-- Dumping data for table `tbt_santunan`
--

LOCK TABLES `tbt_santunan` WRITE;
/*!40000 ALTER TABLE `tbt_santunan` DISABLE KEYS */;
/*!40000 ALTER TABLE `tbt_santunan` ENABLE KEYS */;
UNLOCK TABLES;

--
-- Table structure for table `tbt_stock_opname`
--

DROP TABLE IF EXISTS `tbt_stock_opname`;
/*!40101 SET @saved_cs_client     = @@character_set_client */;
/*!40101 SET character_set_client = utf8 */;
CREATE TABLE `tbt_stock_opname` (
  `id` int(11) NOT NULL AUTO_INCREMENT,
  `no_stock_opname` varchar(60) DEFAULT NULL,
  `tgl_stock_opname` date DEFAULT NULL,
  `wkt_stock_opname` time DEFAULT NULL,
  `jumlah_barang` int(11) DEFAULT NULL,
  `username` varchar(255) DEFAULT NULL,
  `deleted` char(1) DEFAULT '0',
  PRIMARY KEY (`id`)
) ENGINE=InnoDB DEFAULT CHARSET=utf8;
/*!40101 SET character_set_client = @saved_cs_client */;

--
-- Dumping data for table `tbt_stock_opname`
--

LOCK TABLES `tbt_stock_opname` WRITE;
/*!40000 ALTER TABLE `tbt_stock_opname` DISABLE KEYS */;
/*!40000 ALTER TABLE `tbt_stock_opname` ENABLE KEYS */;
UNLOCK TABLES;

--
-- Table structure for table `tbt_stock_opname_detail`
--

DROP TABLE IF EXISTS `tbt_stock_opname_detail`;
/*!40101 SET @saved_cs_client     = @@character_set_client */;
/*!40101 SET character_set_client = utf8 */;
CREATE TABLE `tbt_stock_opname_detail` (
  `id` int(11) NOT NULL AUTO_INCREMENT,
  `id_stock_opname` int(11) DEFAULT '0',
  `id_barang` int(11) DEFAULT NULL,
  `id_satuan` int(11) DEFAULT NULL,
  `stok_awal` float(11,2) DEFAULT NULL,
  `stok_akhir` float(11,2) DEFAULT NULL,
  `perbedaan` float(11,2) DEFAULT NULL,
  `status` char(1) DEFAULT '0',
  `deleted` char(1) DEFAULT '0',
  PRIMARY KEY (`id`)
) ENGINE=InnoDB DEFAULT CHARSET=utf8;
/*!40101 SET character_set_client = @saved_cs_client */;

--
-- Dumping data for table `tbt_stock_opname_detail`
--

LOCK TABLES `tbt_stock_opname_detail` WRITE;
/*!40000 ALTER TABLE `tbt_stock_opname_detail` DISABLE KEYS */;
/*!40000 ALTER TABLE `tbt_stock_opname_detail` ENABLE KEYS */;
UNLOCK TABLES;

--
-- Table structure for table `tbt_stok_in_out`
--

DROP TABLE IF EXISTS `tbt_stok_in_out`;
/*!40101 SET @saved_cs_client     = @@character_set_client */;
/*!40101 SET character_set_client = utf8 */;
CREATE TABLE `tbt_stok_in_out` (
  `id` int(11) NOT NULL AUTO_INCREMENT,
  `id_barang` int(11) DEFAULT NULL,
  `stok_awal` float(11,2) DEFAULT NULL,
  `stok_in` float(11,2) DEFAULT NULL,
  `nilai_in` float(11,2) DEFAULT NULL,
  `stok_out` float(11,2) DEFAULT NULL,
  `nilai_out` float(11,2) DEFAULT NULL,
  `stok_akhir` float(11,2) DEFAULT NULL,
  `keterangan` varchar(255) DEFAULT NULL,
  `id_transaksi` int(11) DEFAULT NULL,
  `jns_transaksi` char(1) DEFAULT NULL,
  `tgl` date DEFAULT NULL,
  `wkt` time DEFAULT NULL,
  `username` varchar(255) DEFAULT NULL,
  `deleted` char(1) DEFAULT '0',
  PRIMARY KEY (`id`)
) ENGINE=InnoDB AUTO_INCREMENT=5 DEFAULT CHARSET=utf8;
/*!40101 SET character_set_client = @saved_cs_client */;

--
-- Dumping data for table `tbt_stok_in_out`
--

LOCK TABLES `tbt_stok_in_out` WRITE;
/*!40000 ALTER TABLE `tbt_stok_in_out` DISABLE KEYS */;
INSERT INTO `tbt_stok_in_out` VALUES (1,1020,25580000.00,49924000.00,249620000.00,0.00,0.00,75504000.00,'',1,'2','2017-06-12','15:32:12','XADMIN','0'),(2,309,0.00,20.00,50000.00,0.00,0.00,20.00,'',1,'1','2017-06-15','09:26:50','XADMIN','0'),(3,815,0.00,10.00,50000.00,0.00,0.00,10.00,'',2,'1','2017-06-15','09:26:50','XADMIN','0'),(4,1020,75504000.00,40995000.00,286964992.00,0.00,0.00,116499000.00,'',2,'2','2017-06-15','14:30:38','XADMIN','0');
/*!40000 ALTER TABLE `tbt_stok_in_out` ENABLE KEYS */;
UNLOCK TABLES;

--
-- Table structure for table `tbt_tbs_order`
--

DROP TABLE IF EXISTS `tbt_tbs_order`;
/*!40101 SET @saved_cs_client     = @@character_set_client */;
/*!40101 SET character_set_client = utf8 */;
CREATE TABLE `tbt_tbs_order` (
  `id` int(11) NOT NULL AUTO_INCREMENT,
  `no_tbs_order` varchar(30) DEFAULT NULL,
  `id_pemasok` int(11) DEFAULT NULL,
  `id_barang` int(11) DEFAULT NULL,
  `tgl_transaksi` date DEFAULT NULL,
  `wkt_transaksi` time DEFAULT NULL,
  `tgl_jatuh_tempo` date DEFAULT NULL,
  `status` char(1) DEFAULT '0',
  `deleted` char(1) DEFAULT '0',
  PRIMARY KEY (`id`)
) ENGINE=InnoDB AUTO_INCREMENT=6 DEFAULT CHARSET=utf8;
/*!40101 SET character_set_client = @saved_cs_client */;

--
-- Dumping data for table `tbt_tbs_order`
--

LOCK TABLES `tbt_tbs_order` WRITE;
/*!40000 ALTER TABLE `tbt_tbs_order` DISABLE KEYS */;
INSERT INTO `tbt_tbs_order` VALUES (1,'TBS/2017/06/00001',12,1020,'2017-06-11','08:40:47',NULL,'0','0'),(2,'TBS/2017/06/00002',3,1021,'2017-06-11','08:41:30',NULL,'0','0'),(3,'TBS/2017/06/00003',3,1020,'2017-06-12','15:21:26','2017-07-31','1','0'),(4,'TBS/2017/06/00004',2,1020,'2017-06-13','10:20:57',NULL,'0','0'),(5,'TBS/2017/06/00005',2,1020,'2017-06-15','09:21:08','0000-00-00','2','0');
/*!40000 ALTER TABLE `tbt_tbs_order` ENABLE KEYS */;
UNLOCK TABLES;

--
-- Table structure for table `tbt_tbs_order_detail`
--

DROP TABLE IF EXISTS `tbt_tbs_order_detail`;
/*!40101 SET @saved_cs_client     = @@character_set_client */;
/*!40101 SET character_set_client = utf8 */;
CREATE TABLE `tbt_tbs_order_detail` (
  `id` int(11) NOT NULL AUTO_INCREMENT,
  `id_tbs_order` varchar(30) DEFAULT NULL,
  `id_jenis_kendaraan` int(11) DEFAULT NULL,
  `no_polisi` varchar(60) DEFAULT NULL,
  `bruto` float(11,2) DEFAULT NULL,
  `tarra` float(11,2) DEFAULT NULL,
  `netto_1` float(11,2) DEFAULT NULL,
  `jumlah_bongkar` float(11,2) DEFAULT '0.00',
  `potongan` float(11,2) DEFAULT NULL,
  `hasil_potongan` float(11,2) DEFAULT NULL,
  `subtotal_spsi` float(11,2) DEFAULT '0.00',
  `netto_2` float(11,2) DEFAULT NULL,
  `harga` float(11,2) DEFAULT '0.00',
  `subtotal_tbs` float(11,2) DEFAULT '0.00',
  `jml_tandan` float(11,2) DEFAULT NULL,
  `komidel` float(11,2) DEFAULT NULL,
  `id_komidel` int(11) DEFAULT NULL,
  `fee` float(11,2) DEFAULT '0.00',
  `subtotal_fee` float(11,2) DEFAULT NULL,
  `ppn` float(11,2) DEFAULT NULL,
  `pph` float(11,2) DEFAULT NULL,
  `total_tbs_order` float(11,2) DEFAULT NULL,
  `deleted` char(1) DEFAULT '0',
  PRIMARY KEY (`id`)
) ENGINE=InnoDB AUTO_INCREMENT=13 DEFAULT CHARSET=utf8;
/*!40101 SET character_set_client = @saved_cs_client */;

--
-- Dumping data for table `tbt_tbs_order_detail`
--

LOCK TABLES `tbt_tbs_order_detail` WRITE;
/*!40000 ALTER TABLE `tbt_tbs_order_detail` DISABLE KEYS */;
INSERT INTO `tbt_tbs_order_detail` VALUES (1,'1',1,'BA 8049 AB',11680.00,3240.00,8440.00,0.00,3.50,295.00,0.00,8145.00,0.00,0.00,413.00,20.00,4,0.00,NULL,NULL,NULL,NULL,'0'),(2,'1',3,'BA 9938 SU',10890.00,3820.00,7070.00,0.00,3.50,247.00,0.00,6823.00,0.00,0.00,243.00,29.00,4,0.00,NULL,NULL,NULL,NULL,'0'),(3,'2',4,'BA 9979 SM',11310.00,3240.00,8070.00,0.00,3.50,282.00,0.00,7788.00,0.00,0.00,446.00,18.00,4,0.00,NULL,NULL,NULL,NULL,'0'),(4,'2',5,'BB 8461 KA',9720.00,3820.00,5900.00,0.00,0.00,0.00,0.00,5900.00,0.00,0.00,413.00,14.00,3,0.00,NULL,NULL,NULL,NULL,'0'),(5,'3',1,'BH 8900',44340.00,3700.00,40640.00,12.00,3.50,1422.00,487680.00,39218.00,5000.00,196090000.00,413.00,98.00,4,10.00,392180.00,10.00,25.00,166580992.00,'0'),(6,'3',2,'BS 2090',12350.00,1290.00,11060.00,15000.00,3.20,354.00,15000.00,10706.00,5000.00,53530000.00,210.00,53.00,4,10.00,107060.00,10.00,25.00,45592560.00,'0'),(7,'4',1,'BH 8900',44340.00,3700.00,40640.00,0.00,3.50,1422.00,0.00,39218.00,0.00,0.00,413.00,98.00,4,0.00,NULL,NULL,NULL,NULL,'0'),(8,'4',5,'BS 23451',45000.00,12350.00,32650.00,0.00,3.50,1143.00,0.00,31507.00,0.00,0.00,245.00,133.00,4,0.00,NULL,NULL,NULL,NULL,'0'),(9,'4',6,'BD 8015 DZ',12300.00,1290.00,11010.00,0.00,3.50,385.00,0.00,10625.00,0.00,0.00,325.00,34.00,4,0.00,NULL,NULL,NULL,NULL,'0'),(10,'4',3,'rf 4567 ty',13250.00,2150.00,11100.00,0.00,3.20,355.00,0.00,10745.00,0.00,0.00,210.00,53.00,4,0.00,NULL,NULL,NULL,NULL,'0'),(11,'5',2,'BH 8900',44340.00,12350.00,31990.00,15000.00,3.50,1120.00,15000.00,30870.00,7000.00,216090000.00,210.00,152.00,4,0.00,0.00,10.00,25.00,183661504.00,'0'),(12,'5',4,'BS 23498',12540.00,1290.00,11250.00,12.00,10.00,1125.00,135000.00,10125.00,7000.00,70875000.00,250.00,45.00,4,0.00,0.00,10.00,25.00,60108752.00,'0');
/*!40000 ALTER TABLE `tbt_tbs_order_detail` ENABLE KEYS */;
UNLOCK TABLES;

--
-- Table structure for table `tbt_transaksi_luar`
--

DROP TABLE IF EXISTS `tbt_transaksi_luar`;
/*!40101 SET @saved_cs_client     = @@character_set_client */;
/*!40101 SET character_set_client = utf8 */;
CREATE TABLE `tbt_transaksi_luar` (
  `id` int(11) NOT NULL AUTO_INCREMENT,
  `sumber_transaksi` char(1) DEFAULT '0',
  `jns_transaksi` char(1) DEFAULT '0',
  `tgl_transaksi` date DEFAULT NULL,
  `wkt_transaksi` time DEFAULT '00:00:00',
  `keterangan` varchar(80) DEFAULT NULL,
  `jml_transaksi` float(11,2) DEFAULT NULL,
  `st_posting` char(1) DEFAULT '0',
  `deleted` char(1) DEFAULT '0',
  PRIMARY KEY (`id`)
) ENGINE=InnoDB DEFAULT CHARSET=utf8;
/*!40101 SET character_set_client = @saved_cs_client */;

--
-- Dumping data for table `tbt_transaksi_luar`
--

LOCK TABLES `tbt_transaksi_luar` WRITE;
/*!40000 ALTER TABLE `tbt_transaksi_luar` DISABLE KEYS */;
/*!40000 ALTER TABLE `tbt_transaksi_luar` ENABLE KEYS */;
UNLOCK TABLES;

--
-- Dumping events for database 'sawit_dev'
--

--
-- Dumping routines for database 'sawit_dev'
--
/*!40103 SET TIME_ZONE=@OLD_TIME_ZONE */;

/*!40101 SET SQL_MODE=@OLD_SQL_MODE */;
/*!40014 SET FOREIGN_KEY_CHECKS=@OLD_FOREIGN_KEY_CHECKS */;
/*!40014 SET UNIQUE_CHECKS=@OLD_UNIQUE_CHECKS */;
/*!40101 SET CHARACTER_SET_CLIENT=@OLD_CHARACTER_SET_CLIENT */;
/*!40101 SET CHARACTER_SET_RESULTS=@OLD_CHARACTER_SET_RESULTS */;
/*!40101 SET COLLATION_CONNECTION=@OLD_COLLATION_CONNECTION */;
/*!40111 SET SQL_NOTES=@OLD_SQL_NOTES */;

-- Dump completed on 2017-06-17 10:29:31
